batch_id,dc_id,sku_id,quantity,manufacture_date,expiry_date,receipt_date_at_dc,shelf_life_days,batch_status
BAT00001,DC001,MED001,0.0,2025-09-20,2026-05-10,2025-09-20,232,near_expiry
BAT00002,DC001,MED001,0.0,2025-10-14,2026-06-03,2025-10-14,232,near_expiry
BAT00003,DC001,MED001,0.0,2025-09-25,2026-05-15,2025-09-25,232,near_expiry
BAT00004,DC002,MED001,0.0,2026-01-05,2026-08-25,2026-01-05,232,near_expiry
BAT00005,DC002,MED001,0.0,2025-12-12,2026-08-01,2025-12-12,232,near_expiry
BAT00006,DC002,MED001,0.0,2025-10-18,2026-06-07,2025-10-18,232,near_expiry
BAT00007,DC002,MED001,0.0,2026-01-04,2026-08-24,2026-01-04,232,near_expiry
BAT00008,DC003,MED001,0.0,2025-09-27,2026-05-17,2025-09-27,232,near_expiry
BAT00009,DC003,MED001,0.0,2025-12-05,2026-07-25,2025-12-05,232,near_expiry
BAT00010,DC003,MED001,0.0,2025-09-23,2026-05-13,2025-09-23,232,near_expiry
BAT00011,DC004,MED001,0.0,2026-01-10,2026-08-30,2026-01-10,232,near_expiry
BAT00012,DC004,MED001,0.0,2025-12-15,2026-08-04,2025-12-15,232,near_expiry
BAT00013,DC004,MED001,0.0,2025-09-19,2026-05-09,2025-09-19,232,near_expiry
BAT00014,DC005,MED001,0.0,2025-10-11,2026-05-31,2025-10-11,232,near_expiry
BAT00015,DC005,MED001,0.0,2026-01-02,2026-08-22,2026-01-02,232,near_expiry
BAT00016,DC005,MED001,0.0,2025-10-16,2026-06-05,2025-10-16,232,near_expiry
BAT00017,DC006,MED001,0.0,2025-10-18,2026-06-07,2025-10-18,232,near_expiry
BAT00018,DC006,MED001,0.0,2026-01-11,2026-08-31,2026-01-11,232,near_expiry
BAT00019,DC007,MED001,0.0,2026-01-07,2026-08-27,2026-01-07,232,near_expiry
BAT00020,DC007,MED001,0.0,2025-11-28,2026-07-18,2025-11-28,232,near_expiry
BAT00021,DC008,MED001,0.0,2025-11-08,2026-06-28,2025-11-08,232,near_expiry
BAT00022,DC008,MED001,0.0,2025-10-19,2026-06-08,2025-10-19,232,near_expiry
BAT00023,DC008,MED001,0.0,2025-12-24,2026-08-13,2025-12-24,232,near_expiry
BAT00024,DC001,MED002,0.0,2025-09-25,2027-01-26,2025-09-25,488,active
BAT00025,DC001,MED002,0.0,2025-10-19,2027-02-19,2025-10-19,488,active
BAT00026,DC002,MED002,0.0,2025-11-01,2027-03-04,2025-11-01,488,active
BAT00027,DC002,MED002,0.0,2025-11-16,2027-03-19,2025-11-16,488,active
BAT00028,DC003,MED002,0.0,2025-12-13,2027-04-15,2025-12-13,488,active
BAT00029,DC003,MED002,0.0,2025-09-21,2027-01-22,2025-09-21,488,active
BAT00030,DC003,MED002,0.0,2025-09-21,2027-01-22,2025-09-21,488,active
BAT00031,DC003,MED002,0.0,2025-11-06,2027-03-09,2025-11-06,488,active
BAT00032,DC004,MED002,0.0,2025-09-16,2027-01-17,2025-09-16,488,active
BAT00033,DC004,MED002,0.0,2025-10-31,2027-03-03,2025-10-31,488,active
BAT00034,DC005,MED002,0.0,2025-11-21,2027-03-24,2025-11-21,488,active
BAT00035,DC005,MED002,0.0,2025-11-17,2027-03-20,2025-11-17,488,active
BAT00036,DC005,MED002,0.0,2025-12-20,2027-04-22,2025-12-20,488,active
BAT00037,DC006,MED002,0.0,2026-01-01,2027-05-04,2026-01-01,488,active
BAT00038,DC006,MED002,0.0,2025-11-02,2027-03-05,2025-11-02,488,active
BAT00039,DC006,MED002,0.0,2025-12-08,2027-04-10,2025-12-08,488,active
BAT00040,DC007,MED002,0.0,2025-09-30,2027-01-31,2025-09-30,488,active
BAT00041,DC007,MED002,0.0,2025-12-10,2027-04-12,2025-12-10,488,active
BAT00042,DC007,MED002,0.0,2025-09-26,2027-01-27,2025-09-26,488,active
BAT00043,DC007,MED002,0.0,2025-10-11,2027-02-11,2025-10-11,488,active
BAT00044,DC008,MED002,0.0,2025-10-11,2027-02-11,2025-10-11,488,active
BAT00045,DC008,MED002,0.0,2025-09-21,2027-01-22,2025-09-21,488,active
BAT00046,DC001,MED003,0.0,2025-12-16,2026-10-04,2025-12-16,292,near_expiry
BAT00047,DC001,MED003,0.0,2025-11-30,2026-09-18,2025-11-30,292,near_expiry
BAT00048,DC001,MED003,0.0,2025-12-21,2026-10-09,2025-12-21,292,near_expiry
BAT00049,DC002,MED003,0.0,2025-10-10,2026-07-29,2025-10-10,292,near_expiry
BAT00050,DC002,MED003,0.0,2025-10-22,2026-08-10,2025-10-22,292,near_expiry
BAT00051,DC002,MED003,0.0,2025-12-28,2026-10-16,2025-12-28,292,near_expiry
BAT00052,DC002,MED003,0.0,2025-09-21,2026-07-10,2025-09-21,292,near_expiry
BAT00053,DC003,MED003,0.0,2025-12-06,2026-09-24,2025-12-06,292,near_expiry
BAT00054,DC003,MED003,0.0,2026-01-10,2026-10-29,2026-01-10,292,near_expiry
BAT00055,DC003,MED003,0.0,2025-10-13,2026-08-01,2025-10-13,292,near_expiry
BAT00056,DC003,MED003,0.0,2025-09-20,2026-07-09,2025-09-20,292,near_expiry
BAT00057,DC004,MED003,0.0,2025-11-22,2026-09-10,2025-11-22,292,near_expiry
BAT00058,DC004,MED003,0.0,2025-12-29,2026-10-17,2025-12-29,292,near_expiry
BAT00059,DC004,MED003,0.0,2025-09-24,2026-07-13,2025-09-24,292,near_expiry
BAT00060,DC005,MED003,0.0,2025-09-20,2026-07-09,2025-09-20,292,near_expiry
BAT00061,DC005,MED003,0.0,2025-12-24,2026-10-12,2025-12-24,292,near_expiry
BAT00062,DC005,MED003,0.0,2025-10-01,2026-07-20,2025-10-01,292,near_expiry
BAT00063,DC006,MED003,0.0,2025-12-08,2026-09-26,2025-12-08,292,near_expiry
BAT00064,DC006,MED003,0.0,2025-12-02,2026-09-20,2025-12-02,292,near_expiry
BAT00065,DC006,MED003,0.0,2025-11-16,2026-09-04,2025-11-16,292,near_expiry
BAT00066,DC007,MED003,0.0,2025-12-17,2026-10-05,2025-12-17,292,near_expiry
BAT00067,DC007,MED003,0.0,2025-10-14,2026-08-02,2025-10-14,292,near_expiry
BAT00068,DC008,MED003,0.0,2025-09-28,2026-07-17,2025-09-28,292,near_expiry
BAT00069,DC008,MED003,0.0,2025-11-29,2026-09-17,2025-11-29,292,near_expiry
BAT00070,DC008,MED003,0.0,2025-11-25,2026-09-13,2025-11-25,292,near_expiry
BAT00071,DC008,MED003,0.0,2025-11-07,2026-08-26,2025-11-07,292,near_expiry
BAT00072,DC001,MED004,0.0,2025-10-20,2027-04-10,2025-10-20,537,active
BAT00073,DC001,MED004,0.0,2025-12-12,2027-06-02,2025-12-12,537,active
BAT00074,DC002,MED004,0.0,2025-10-25,2027-04-15,2025-10-25,537,active
BAT00075,DC002,MED004,0.0,2026-01-01,2027-06-22,2026-01-01,537,active
BAT00076,DC002,MED004,0.0,2025-11-15,2027-05-06,2025-11-15,537,active
BAT00077,DC002,MED004,0.0,2025-09-23,2027-03-14,2025-09-23,537,active
BAT00078,DC003,MED004,0.0,2025-10-28,2027-04-18,2025-10-28,537,active
BAT00079,DC003,MED004,0.0,2026-01-06,2027-06-27,2026-01-06,537,active
BAT00080,DC003,MED004,0.0,2025-11-16,2027-05-07,2025-11-16,537,active
BAT00081,DC003,MED004,0.0,2025-12-07,2027-05-28,2025-12-07,537,active
BAT00082,DC004,MED004,0.0,2025-12-28,2027-06-18,2025-12-28,537,active
BAT00083,DC004,MED004,0.0,2026-01-10,2027-07-01,2026-01-10,537,active
BAT00084,DC004,MED004,0.0,2025-11-12,2027-05-03,2025-11-12,537,active
BAT00085,DC004,MED004,0.0,2025-12-15,2027-06-05,2025-12-15,537,active
BAT00086,DC005,MED004,0.0,2025-11-17,2027-05-08,2025-11-17,537,active
BAT00087,DC005,MED004,0.0,2025-10-11,2027-04-01,2025-10-11,537,active
BAT00088,DC005,MED004,0.0,2025-11-06,2027-04-27,2025-11-06,537,active
BAT00089,DC005,MED004,0.0,2025-10-11,2027-04-01,2025-10-11,537,active
BAT00090,DC006,MED004,0.0,2025-11-22,2027-05-13,2025-11-22,537,active
BAT00091,DC006,MED004,0.0,2025-09-30,2027-03-21,2025-09-30,537,active
BAT00092,DC006,MED004,0.0,2025-11-23,2027-05-14,2025-11-23,537,active
BAT00093,DC006,MED004,0.0,2025-12-10,2027-05-31,2025-12-10,537,active
BAT00094,DC007,MED004,0.0,2025-12-18,2027-06-08,2025-12-18,537,active
BAT00095,DC007,MED004,0.0,2025-12-15,2027-06-05,2025-12-15,537,active
BAT00096,DC008,MED004,0.0,2025-10-19,2027-04-09,2025-10-19,537,active
BAT00097,DC008,MED004,0.0,2025-09-21,2027-03-12,2025-09-21,537,active
BAT00098,DC008,MED004,0.0,2025-11-30,2027-05-21,2025-11-30,537,active
BAT00099,DC001,MED005,0.0,2025-12-21,2026-08-10,2025-12-21,232,near_expiry
BAT00100,DC001,MED005,0.0,2025-09-28,2026-05-18,2025-09-28,232,near_expiry
BAT00101,DC002,MED005,0.0,2025-12-18,2026-08-07,2025-12-18,232,near_expiry
BAT00102,DC002,MED005,0.0,2025-10-30,2026-06-19,2025-10-30,232,near_expiry
BAT00103,DC002,MED005,0.0,2026-01-08,2026-08-28,2026-01-08,232,near_expiry
BAT00104,DC003,MED005,0.0,2025-12-29,2026-08-18,2025-12-29,232,near_expiry
BAT00105,DC003,MED005,0.0,2025-12-19,2026-08-08,2025-12-19,232,near_expiry
BAT00106,DC003,MED005,0.0,2025-10-09,2026-05-29,2025-10-09,232,near_expiry
BAT00107,DC004,MED005,0.0,2025-12-18,2026-08-07,2025-12-18,232,near_expiry
BAT00108,DC004,MED005,0.0,2025-12-16,2026-08-05,2025-12-16,232,near_expiry
BAT00109,DC004,MED005,0.0,2025-12-27,2026-08-16,2025-12-27,232,near_expiry
BAT00110,DC004,MED005,0.0,2025-10-30,2026-06-19,2025-10-30,232,near_expiry
BAT00111,DC005,MED005,0.0,2025-12-27,2026-08-16,2025-12-27,232,near_expiry
BAT00112,DC005,MED005,0.0,2025-11-06,2026-06-26,2025-11-06,232,near_expiry
BAT00113,DC006,MED005,0.0,2025-12-31,2026-08-20,2025-12-31,232,near_expiry
BAT00114,DC006,MED005,0.0,2026-01-11,2026-08-31,2026-01-11,232,near_expiry
BAT00115,DC006,MED005,0.0,2025-11-30,2026-07-20,2025-11-30,232,near_expiry
BAT00116,DC007,MED005,0.0,2026-01-12,2026-09-01,2026-01-12,232,near_expiry
BAT00117,DC007,MED005,0.0,2026-01-08,2026-08-28,2026-01-08,232,near_expiry
BAT00118,DC008,MED005,0.0,2025-11-08,2026-06-28,2025-11-08,232,near_expiry
BAT00119,DC008,MED005,0.0,2026-01-06,2026-08-26,2026-01-06,232,near_expiry
BAT00120,DC001,MED006,0.0,2025-11-29,2026-06-19,2025-11-29,202,near_expiry
BAT00121,DC001,MED006,0.0,2026-01-01,2026-07-22,2026-01-01,202,near_expiry
BAT00122,DC001,MED006,0.0,2025-12-17,2026-07-07,2025-12-17,202,near_expiry
BAT00123,DC002,MED006,0.0,2025-10-06,2026-04-26,2025-10-06,202,near_expiry
BAT00124,DC002,MED006,0.0,2025-10-22,2026-05-12,2025-10-22,202,near_expiry
BAT00125,DC002,MED006,0.0,2025-11-17,2026-06-07,2025-11-17,202,near_expiry
BAT00126,DC002,MED006,0.0,2026-01-11,2026-08-01,2026-01-11,202,near_expiry
BAT00127,DC003,MED006,0.0,2025-09-28,2026-04-18,2025-09-28,202,near_expiry
BAT00128,DC003,MED006,0.0,2025-10-19,2026-05-09,2025-10-19,202,near_expiry
BAT00129,DC004,MED006,0.0,2025-09-20,2026-04-10,2025-09-20,202,near_expiry
BAT00130,DC004,MED006,0.0,2025-09-21,2026-04-11,2025-09-21,202,near_expiry
BAT00131,DC005,MED006,0.0,2025-12-27,2026-07-17,2025-12-27,202,near_expiry
BAT00132,DC005,MED006,0.0,2025-12-10,2026-06-30,2025-12-10,202,near_expiry
BAT00133,DC006,MED006,0.0,2025-11-05,2026-05-26,2025-11-05,202,near_expiry
BAT00134,DC006,MED006,0.0,2025-11-27,2026-06-17,2025-11-27,202,near_expiry
BAT00135,DC006,MED006,0.0,2025-11-08,2026-05-29,2025-11-08,202,near_expiry
BAT00136,DC006,MED006,0.0,2025-11-11,2026-06-01,2025-11-11,202,near_expiry
BAT00137,DC007,MED006,0.0,2025-10-05,2026-04-25,2025-10-05,202,near_expiry
BAT00138,DC007,MED006,0.0,2025-09-27,2026-04-17,2025-09-27,202,near_expiry
BAT00139,DC007,MED006,0.0,2025-09-24,2026-04-14,2025-09-24,202,near_expiry
BAT00140,DC007,MED006,0.0,2025-10-14,2026-05-04,2025-10-14,202,near_expiry
BAT00141,DC008,MED006,0.0,2025-09-23,2026-04-13,2025-09-23,202,near_expiry
BAT00142,DC008,MED006,0.0,2025-12-02,2026-06-22,2025-12-02,202,near_expiry
BAT00143,DC001,MED007,0.0,2025-10-13,2026-09-08,2025-10-13,330,near_expiry
BAT00144,DC001,MED007,0.0,2025-11-21,2026-10-17,2025-11-21,330,near_expiry
BAT00145,DC001,MED007,0.0,2025-12-13,2026-11-08,2025-12-13,330,near_expiry
BAT00146,DC002,MED007,0.0,2025-10-19,2026-09-14,2025-10-19,330,near_expiry
BAT00147,DC002,MED007,0.0,2026-01-06,2026-12-02,2026-01-06,330,active
BAT00148,DC002,MED007,0.0,2026-01-04,2026-11-30,2026-01-04,330,active
BAT00149,DC003,MED007,0.0,2025-10-11,2026-09-06,2025-10-11,330,near_expiry
BAT00150,DC003,MED007,0.0,2025-10-03,2026-08-29,2025-10-03,330,near_expiry
BAT00151,DC004,MED007,0.0,2025-10-31,2026-09-26,2025-10-31,330,near_expiry
BAT00152,DC004,MED007,0.0,2025-11-04,2026-09-30,2025-11-04,330,near_expiry
BAT00153,DC005,MED007,0.0,2025-11-23,2026-10-19,2025-11-23,330,near_expiry
BAT00154,DC005,MED007,0.0,2025-10-21,2026-09-16,2025-10-21,330,near_expiry
BAT00155,DC005,MED007,0.0,2025-11-21,2026-10-17,2025-11-21,330,near_expiry
BAT00156,DC006,MED007,0.0,2025-12-09,2026-11-04,2025-12-09,330,near_expiry
BAT00157,DC006,MED007,0.0,2025-11-30,2026-10-26,2025-11-30,330,near_expiry
BAT00158,DC006,MED007,0.0,2025-11-11,2026-10-07,2025-11-11,330,near_expiry
BAT00159,DC006,MED007,0.0,2025-10-22,2026-09-17,2025-10-22,330,near_expiry
BAT00160,DC007,MED007,0.0,2026-01-01,2026-11-27,2026-01-01,330,active
BAT00161,DC007,MED007,0.0,2025-11-04,2026-09-30,2025-11-04,330,near_expiry
BAT00162,DC007,MED007,0.0,2025-10-09,2026-09-04,2025-10-09,330,near_expiry
BAT00163,DC008,MED007,0.0,2025-10-03,2026-08-29,2025-10-03,330,near_expiry
BAT00164,DC008,MED007,0.0,2025-11-04,2026-09-30,2025-11-04,330,near_expiry
BAT00165,DC008,MED007,0.0,2025-10-02,2026-08-28,2025-10-02,330,near_expiry
BAT00166,DC001,MED008,0.0,2025-10-24,2026-09-17,2025-10-24,328,near_expiry
BAT00167,DC001,MED008,0.0,2025-10-29,2026-09-22,2025-10-29,328,near_expiry
BAT00168,DC001,MED008,0.0,2025-09-30,2026-08-24,2025-09-30,328,near_expiry
BAT00169,DC001,MED008,0.0,2026-01-11,2026-12-05,2026-01-11,328,active
BAT00170,DC002,MED008,0.0,2025-10-09,2026-09-02,2025-10-09,328,near_expiry
BAT00171,DC002,MED008,0.0,2025-12-02,2026-10-26,2025-12-02,328,near_expiry
BAT00172,DC003,MED008,0.0,2025-09-25,2026-08-19,2025-09-25,328,near_expiry
BAT00173,DC003,MED008,0.0,2025-10-22,2026-09-15,2025-10-22,328,near_expiry
BAT00174,DC003,MED008,0.0,2025-12-27,2026-11-20,2025-12-27,328,active
BAT00175,DC004,MED008,0.0,2026-01-11,2026-12-05,2026-01-11,328,active
BAT00176,DC004,MED008,0.0,2025-11-08,2026-10-02,2025-11-08,328,near_expiry
BAT00177,DC004,MED008,0.0,2025-11-22,2026-10-16,2025-11-22,328,near_expiry
BAT00178,DC004,MED008,0.0,2025-12-25,2026-11-18,2025-12-25,328,active
BAT00179,DC005,MED008,0.0,2025-12-04,2026-10-28,2025-12-04,328,near_expiry
BAT00180,DC005,MED008,0.0,2025-11-03,2026-09-27,2025-11-03,328,near_expiry
BAT00181,DC005,MED008,0.0,2025-09-23,2026-08-17,2025-09-23,328,near_expiry
BAT00182,DC006,MED008,0.0,2025-10-10,2026-09-03,2025-10-10,328,near_expiry
BAT00183,DC006,MED008,0.0,2025-10-20,2026-09-13,2025-10-20,328,near_expiry
BAT00184,DC007,MED008,0.0,2025-10-22,2026-09-15,2025-10-22,328,near_expiry
BAT00185,DC007,MED008,0.0,2025-10-29,2026-09-22,2025-10-29,328,near_expiry
BAT00186,DC008,MED008,0.0,2025-12-18,2026-11-11,2025-12-18,328,active
BAT00187,DC008,MED008,0.0,2025-12-31,2026-11-24,2025-12-31,328,active
BAT00188,DC008,MED008,0.0,2025-12-31,2026-11-24,2025-12-31,328,active
BAT00189,DC001,MED009,0.0,2025-10-31,2026-11-01,2025-10-31,366,near_expiry
BAT00190,DC001,MED009,0.0,2025-10-21,2026-10-22,2025-10-21,366,near_expiry
BAT00191,DC001,MED009,0.0,2025-12-17,2026-12-18,2025-12-17,366,active
BAT00192,DC002,MED009,0.0,2026-01-07,2027-01-08,2026-01-07,366,active
BAT00193,DC002,MED009,0.0,2025-12-07,2026-12-08,2025-12-07,366,active
BAT00194,DC002,MED009,0.0,2025-10-08,2026-10-09,2025-10-08,366,near_expiry
BAT00195,DC003,MED009,0.0,2025-12-08,2026-12-09,2025-12-08,366,active
BAT00196,DC003,MED009,0.0,2026-01-14,2027-01-15,2026-01-14,366,active
BAT00197,DC004,MED009,0.0,2025-12-23,2026-12-24,2025-12-23,366,active
BAT00198,DC004,MED009,0.0,2025-11-07,2026-11-08,2025-11-07,366,near_expiry
BAT00199,DC004,MED009,0.0,2025-11-11,2026-11-12,2025-11-11,366,active
BAT00200,DC005,MED009,0.0,2025-10-03,2026-10-04,2025-10-03,366,near_expiry
BAT00201,DC005,MED009,0.0,2025-11-25,2026-11-26,2025-11-25,366,active
BAT00202,DC005,MED009,0.0,2026-01-09,2027-01-10,2026-01-09,366,active
BAT00203,DC005,MED009,0.0,2025-11-17,2026-11-18,2025-11-17,366,active
BAT00204,DC006,MED009,0.0,2025-11-02,2026-11-03,2025-11-02,366,near_expiry
BAT00205,DC006,MED009,0.0,2025-11-24,2026-11-25,2025-11-24,366,active
BAT00206,DC007,MED009,0.0,2025-12-08,2026-12-09,2025-12-08,366,active
BAT00207,DC007,MED009,0.0,2026-01-12,2027-01-13,2026-01-12,366,active
BAT00208,DC007,MED009,0.0,2025-12-24,2026-12-25,2025-12-24,366,active
BAT00209,DC007,MED009,0.0,2025-10-27,2026-10-28,2025-10-27,366,near_expiry
BAT00210,DC008,MED009,0.0,2025-09-19,2026-09-20,2025-09-19,366,near_expiry
BAT00211,DC008,MED009,0.0,2025-11-20,2026-11-21,2025-11-20,366,active
BAT00212,DC008,MED009,0.0,2025-12-14,2026-12-15,2025-12-14,366,active
BAT00213,DC001,MED010,0.0,2025-11-08,2027-04-21,2025-11-08,529,active
BAT00214,DC001,MED010,0.0,2025-09-25,2027-03-08,2025-09-25,529,active
BAT00215,DC001,MED010,0.0,2025-12-02,2027-05-15,2025-12-02,529,active
BAT00216,DC002,MED010,0.0,2025-12-24,2027-06-06,2025-12-24,529,active
BAT00217,DC002,MED010,0.0,2025-10-25,2027-04-07,2025-10-25,529,active
BAT00218,DC003,MED010,0.0,2025-12-21,2027-06-03,2025-12-21,529,active
BAT00219,DC003,MED010,0.0,2025-12-01,2027-05-14,2025-12-01,529,active
BAT00220,DC004,MED010,0.0,2025-10-02,2027-03-15,2025-10-02,529,active
BAT00221,DC004,MED010,0.0,2025-12-27,2027-06-09,2025-12-27,529,active
BAT00222,DC004,MED010,0.0,2025-12-27,2027-06-09,2025-12-27,529,active
BAT00223,DC005,MED010,0.0,2025-10-29,2027-04-11,2025-10-29,529,active
BAT00224,DC005,MED010,0.0,2025-10-09,2027-03-22,2025-10-09,529,active
BAT00225,DC005,MED010,0.0,2025-12-23,2027-06-05,2025-12-23,529,active
BAT00226,DC006,MED010,0.0,2025-10-10,2027-03-23,2025-10-10,529,active
BAT00227,DC006,MED010,0.0,2025-11-01,2027-04-14,2025-11-01,529,active
BAT00228,DC006,MED010,0.0,2025-09-18,2027-03-01,2025-09-18,529,active
BAT00229,DC006,MED010,0.0,2025-10-24,2027-04-06,2025-10-24,529,active
BAT00230,DC007,MED010,0.0,2025-12-04,2027-05-17,2025-12-04,529,active
BAT00231,DC007,MED010,0.0,2025-10-26,2027-04-08,2025-10-26,529,active
BAT00232,DC007,MED010,0.0,2025-11-19,2027-05-02,2025-11-19,529,active
BAT00233,DC007,MED010,0.0,2025-11-19,2027-05-02,2025-11-19,529,active
BAT00234,DC008,MED010,0.0,2025-12-10,2027-05-23,2025-12-10,529,active
BAT00235,DC008,MED010,0.0,2025-11-30,2027-05-13,2025-11-30,529,active
BAT00236,DC008,MED010,0.0,2025-12-06,2027-05-19,2025-12-06,529,active
BAT00237,DC008,MED010,0.0,2026-01-10,2027-06-23,2026-01-10,529,active
BAT00238,DC001,MED011,0.0,2025-12-09,2026-10-23,2025-12-09,318,near_expiry
BAT00239,DC001,MED011,0.0,2025-09-26,2026-08-10,2025-09-26,318,near_expiry
BAT00240,DC002,MED011,0.0,2025-11-11,2026-09-25,2025-11-11,318,near_expiry
BAT00241,DC002,MED011,0.0,2025-11-01,2026-09-15,2025-11-01,318,near_expiry
BAT00242,DC003,MED011,0.0,2025-10-12,2026-08-26,2025-10-12,318,near_expiry
BAT00243,DC003,MED011,0.0,2025-11-18,2026-10-02,2025-11-18,318,near_expiry
BAT00244,DC003,MED011,0.0,2025-11-02,2026-09-16,2025-11-02,318,near_expiry
BAT00245,DC003,MED011,0.0,2025-12-04,2026-10-18,2025-12-04,318,near_expiry
BAT00246,DC004,MED011,0.0,2025-12-26,2026-11-09,2025-12-26,318,near_expiry
BAT00247,DC004,MED011,0.0,2025-11-18,2026-10-02,2025-11-18,318,near_expiry
BAT00248,DC004,MED011,0.0,2025-09-21,2026-08-05,2025-09-21,318,near_expiry
BAT00249,DC004,MED011,0.0,2025-10-15,2026-08-29,2025-10-15,318,near_expiry
BAT00250,DC005,MED011,0.0,2025-12-23,2026-11-06,2025-12-23,318,near_expiry
BAT00251,DC005,MED011,0.0,2025-10-16,2026-08-30,2025-10-16,318,near_expiry
BAT00252,DC006,MED011,0.0,2025-11-08,2026-09-22,2025-11-08,318,near_expiry
BAT00253,DC006,MED011,0.0,2025-12-25,2026-11-08,2025-12-25,318,near_expiry
BAT00254,DC006,MED011,0.0,2025-09-19,2026-08-03,2025-09-19,318,near_expiry
BAT00255,DC007,MED011,0.0,2025-10-07,2026-08-21,2025-10-07,318,near_expiry
BAT00256,DC007,MED011,0.0,2025-10-30,2026-09-13,2025-10-30,318,near_expiry
BAT00257,DC007,MED011,0.0,2025-10-26,2026-09-09,2025-10-26,318,near_expiry
BAT00258,DC008,MED011,0.0,2025-12-03,2026-10-17,2025-12-03,318,near_expiry
BAT00259,DC008,MED011,0.0,2025-10-20,2026-09-03,2025-10-20,318,near_expiry
BAT00260,DC008,MED011,0.0,2025-12-13,2026-10-27,2025-12-13,318,near_expiry
BAT00261,DC008,MED011,0.0,2025-10-22,2026-09-05,2025-10-22,318,near_expiry
BAT00262,DC001,MED012,0.0,2025-12-03,2026-06-17,2025-12-03,196,near_expiry
BAT00263,DC001,MED012,0.0,2025-10-22,2026-05-06,2025-10-22,196,near_expiry
BAT00264,DC001,MED012,0.0,2025-12-01,2026-06-15,2025-12-01,196,near_expiry
BAT00265,DC001,MED012,0.0,2025-10-23,2026-05-07,2025-10-23,196,near_expiry
BAT00266,DC002,MED012,0.0,2025-12-29,2026-07-13,2025-12-29,196,near_expiry
BAT00267,DC002,MED012,0.0,2025-09-16,2026-03-31,2025-09-16,196,near_expiry
BAT00268,DC002,MED012,0.0,2025-11-04,2026-05-19,2025-11-04,196,near_expiry
BAT00269,DC002,MED012,0.0,2025-10-05,2026-04-19,2025-10-05,196,near_expiry
BAT00270,DC003,MED012,0.0,2025-10-21,2026-05-05,2025-10-21,196,near_expiry
BAT00271,DC003,MED012,0.0,2025-10-12,2026-04-26,2025-10-12,196,near_expiry
BAT00272,DC003,MED012,0.0,2025-09-20,2026-04-04,2025-09-20,196,near_expiry
BAT00273,DC004,MED012,0.0,2025-10-21,2026-05-05,2025-10-21,196,near_expiry
BAT00274,DC004,MED012,0.0,2025-11-29,2026-06-13,2025-11-29,196,near_expiry
BAT00275,DC004,MED012,0.0,2025-12-06,2026-06-20,2025-12-06,196,near_expiry
BAT00276,DC004,MED012,0.0,2025-12-18,2026-07-02,2025-12-18,196,near_expiry
BAT00277,DC005,MED012,0.0,2025-11-13,2026-05-28,2025-11-13,196,near_expiry
BAT00278,DC005,MED012,0.0,2025-12-28,2026-07-12,2025-12-28,196,near_expiry
BAT00279,DC005,MED012,0.0,2025-12-08,2026-06-22,2025-12-08,196,near_expiry
BAT00280,DC006,MED012,0.0,2025-11-06,2026-05-21,2025-11-06,196,near_expiry
BAT00281,DC006,MED012,0.0,2025-09-23,2026-04-07,2025-09-23,196,near_expiry
BAT00282,DC007,MED012,0.0,2025-12-02,2026-06-16,2025-12-02,196,near_expiry
BAT00283,DC007,MED012,0.0,2025-10-27,2026-05-11,2025-10-27,196,near_expiry
BAT00284,DC007,MED012,0.0,2025-11-27,2026-06-11,2025-11-27,196,near_expiry
BAT00285,DC007,MED012,0.0,2025-12-22,2026-07-06,2025-12-22,196,near_expiry
BAT00286,DC008,MED012,0.0,2025-10-03,2026-04-17,2025-10-03,196,near_expiry
BAT00287,DC008,MED012,0.0,2025-10-14,2026-04-28,2025-10-14,196,near_expiry
BAT00288,DC008,MED012,0.0,2025-11-23,2026-06-07,2025-11-23,196,near_expiry
BAT00289,DC008,MED012,0.0,2025-10-14,2026-04-28,2025-10-14,196,near_expiry
BAT00290,DC001,MED013,0.0,2025-10-28,2026-10-04,2025-10-28,341,near_expiry
BAT00291,DC001,MED013,0.0,2025-10-11,2026-09-17,2025-10-11,341,near_expiry
BAT00292,DC002,MED013,0.0,2025-12-15,2026-11-21,2025-12-15,341,active
BAT00293,DC002,MED013,0.0,2025-10-03,2026-09-09,2025-10-03,341,near_expiry
BAT00294,DC002,MED013,0.0,2025-09-21,2026-08-28,2025-09-21,341,near_expiry
BAT00295,DC003,MED013,0.0,2025-11-02,2026-10-09,2025-11-02,341,near_expiry
BAT00296,DC003,MED013,0.0,2025-11-16,2026-10-23,2025-11-16,341,near_expiry
BAT00297,DC004,MED013,0.0,2025-11-11,2026-10-18,2025-11-11,341,near_expiry
BAT00298,DC004,MED013,0.0,2025-12-25,2026-12-01,2025-12-25,341,active
BAT00299,DC004,MED013,0.0,2025-10-04,2026-09-10,2025-10-04,341,near_expiry
BAT00300,DC005,MED013,0.0,2025-12-13,2026-11-19,2025-12-13,341,active
BAT00301,DC005,MED013,0.0,2025-11-14,2026-10-21,2025-11-14,341,near_expiry
BAT00302,DC005,MED013,0.0,2025-11-05,2026-10-12,2025-11-05,341,near_expiry
BAT00303,DC005,MED013,0.0,2025-10-15,2026-09-21,2025-10-15,341,near_expiry
BAT00304,DC006,MED013,0.0,2025-12-09,2026-11-15,2025-12-09,341,active
BAT00305,DC006,MED013,0.0,2025-12-25,2026-12-01,2025-12-25,341,active
BAT00306,DC006,MED013,0.0,2025-09-21,2026-08-28,2025-09-21,341,near_expiry
BAT00307,DC006,MED013,0.0,2025-09-30,2026-09-06,2025-09-30,341,near_expiry
BAT00308,DC007,MED013,0.0,2025-09-20,2026-08-27,2025-09-20,341,near_expiry
BAT00309,DC007,MED013,0.0,2025-11-18,2026-10-25,2025-11-18,341,near_expiry
BAT00310,DC007,MED013,0.0,2025-09-17,2026-08-24,2025-09-17,341,near_expiry
BAT00311,DC008,MED013,0.0,2025-11-25,2026-11-01,2025-11-25,341,near_expiry
BAT00312,DC008,MED013,0.0,2025-12-15,2026-11-21,2025-12-15,341,active
BAT00313,DC001,MED014,0.0,2025-11-28,2026-10-09,2025-11-28,315,near_expiry
BAT00314,DC001,MED014,0.0,2025-12-05,2026-10-16,2025-12-05,315,near_expiry
BAT00315,DC001,MED014,0.0,2025-09-29,2026-08-10,2025-09-29,315,near_expiry
BAT00316,DC002,MED014,0.0,2025-10-05,2026-08-16,2025-10-05,315,near_expiry
BAT00317,DC002,MED014,0.0,2026-01-10,2026-11-21,2026-01-10,315,active
BAT00318,DC002,MED014,0.0,2025-09-30,2026-08-11,2025-09-30,315,near_expiry
BAT00319,DC002,MED014,0.0,2025-09-30,2026-08-11,2025-09-30,315,near_expiry
BAT00320,DC003,MED014,0.0,2025-11-15,2026-09-26,2025-11-15,315,near_expiry
BAT00321,DC003,MED014,0.0,2026-01-14,2026-11-25,2026-01-14,315,active
BAT00322,DC004,MED014,0.0,2025-12-18,2026-10-29,2025-12-18,315,near_expiry
BAT00323,DC004,MED014,0.0,2025-11-05,2026-09-16,2025-11-05,315,near_expiry
BAT00324,DC005,MED014,0.0,2025-11-21,2026-10-02,2025-11-21,315,near_expiry
BAT00325,DC005,MED014,0.0,2025-12-09,2026-10-20,2025-12-09,315,near_expiry
BAT00326,DC005,MED014,0.0,2025-12-30,2026-11-10,2025-12-30,315,near_expiry
BAT00327,DC005,MED014,0.0,2025-11-22,2026-10-03,2025-11-22,315,near_expiry
BAT00328,DC006,MED014,0.0,2025-11-17,2026-09-28,2025-11-17,315,near_expiry
BAT00329,DC006,MED014,0.0,2025-09-29,2026-08-10,2025-09-29,315,near_expiry
BAT00330,DC006,MED014,0.0,2025-10-30,2026-09-10,2025-10-30,315,near_expiry
BAT00331,DC006,MED014,0.0,2025-10-26,2026-09-06,2025-10-26,315,near_expiry
BAT00332,DC007,MED014,0.0,2025-10-15,2026-08-26,2025-10-15,315,near_expiry
BAT00333,DC007,MED014,0.0,2025-11-21,2026-10-02,2025-11-21,315,near_expiry
BAT00334,DC007,MED014,0.0,2025-11-30,2026-10-11,2025-11-30,315,near_expiry
BAT00335,DC007,MED014,0.0,2025-11-22,2026-10-03,2025-11-22,315,near_expiry
BAT00336,DC008,MED014,0.0,2026-01-04,2026-11-15,2026-01-04,315,active
BAT00337,DC008,MED014,0.0,2025-11-29,2026-10-10,2025-11-29,315,near_expiry
BAT00338,DC001,MED015,0.0,2025-11-06,2026-12-10,2025-11-06,399,active
BAT00339,DC001,MED015,0.0,2025-11-11,2026-12-15,2025-11-11,399,active
BAT00340,DC002,MED015,0.0,2025-09-25,2026-10-29,2025-09-25,399,near_expiry
BAT00341,DC002,MED015,0.0,2025-10-25,2026-11-28,2025-10-25,399,active
BAT00342,DC002,MED015,0.0,2025-11-28,2027-01-01,2025-11-28,399,active
BAT00343,DC002,MED015,0.0,2026-01-12,2027-02-15,2026-01-12,399,active
BAT00344,DC003,MED015,0.0,2025-12-01,2027-01-04,2025-12-01,399,active
BAT00345,DC003,MED015,0.0,2025-10-22,2026-11-25,2025-10-22,399,active
BAT00346,DC003,MED015,0.0,2025-10-08,2026-11-11,2025-10-08,399,active
BAT00347,DC004,MED015,0.0,2025-12-03,2027-01-06,2025-12-03,399,active
BAT00348,DC004,MED015,0.0,2025-11-30,2027-01-03,2025-11-30,399,active
BAT00349,DC004,MED015,0.0,2025-10-02,2026-11-05,2025-10-02,399,near_expiry
BAT00350,DC004,MED015,0.0,2025-09-30,2026-11-03,2025-09-30,399,near_expiry
BAT00351,DC005,MED015,0.0,2025-10-17,2026-11-20,2025-10-17,399,active
BAT00352,DC005,MED015,0.0,2025-12-22,2027-01-25,2025-12-22,399,active
BAT00353,DC005,MED015,0.0,2026-01-06,2027-02-09,2026-01-06,399,active
BAT00354,DC005,MED015,0.0,2025-09-16,2026-10-20,2025-09-16,399,near_expiry
BAT00355,DC006,MED015,0.0,2025-12-20,2027-01-23,2025-12-20,399,active
BAT00356,DC006,MED015,0.0,2025-12-20,2027-01-23,2025-12-20,399,active
BAT00357,DC006,MED015,0.0,2025-12-05,2027-01-08,2025-12-05,399,active
BAT00358,DC007,MED015,0.0,2025-10-02,2026-11-05,2025-10-02,399,near_expiry
BAT00359,DC007,MED015,0.0,2025-12-13,2027-01-16,2025-12-13,399,active
BAT00360,DC007,MED015,0.0,2025-10-24,2026-11-27,2025-10-24,399,active
BAT00361,DC008,MED015,0.0,2025-09-26,2026-10-30,2025-09-26,399,near_expiry
BAT00362,DC008,MED015,0.0,2025-09-26,2026-10-30,2025-09-26,399,near_expiry
BAT00363,DC001,MED016,0.0,2025-12-30,2026-08-13,2025-12-30,226,near_expiry
BAT00364,DC001,MED016,0.0,2025-11-20,2026-07-04,2025-11-20,226,near_expiry
BAT00365,DC001,MED016,0.0,2025-10-11,2026-05-25,2025-10-11,226,near_expiry
BAT00366,DC001,MED016,0.0,2025-11-26,2026-07-10,2025-11-26,226,near_expiry
BAT00367,DC002,MED016,0.0,2025-11-12,2026-06-26,2025-11-12,226,near_expiry
BAT00368,DC002,MED016,0.0,2025-11-28,2026-07-12,2025-11-28,226,near_expiry
BAT00369,DC002,MED016,0.0,2025-11-09,2026-06-23,2025-11-09,226,near_expiry
BAT00370,DC003,MED016,0.0,2025-10-13,2026-05-27,2025-10-13,226,near_expiry
BAT00371,DC003,MED016,0.0,2025-11-20,2026-07-04,2025-11-20,226,near_expiry
BAT00372,DC003,MED016,0.0,2025-10-01,2026-05-15,2025-10-01,226,near_expiry
BAT00373,DC004,MED016,0.0,2025-12-04,2026-07-18,2025-12-04,226,near_expiry
BAT00374,DC004,MED016,0.0,2025-12-04,2026-07-18,2025-12-04,226,near_expiry
BAT00375,DC005,MED016,0.0,2025-11-18,2026-07-02,2025-11-18,226,near_expiry
BAT00376,DC005,MED016,0.0,2025-11-21,2026-07-05,2025-11-21,226,near_expiry
BAT00377,DC005,MED016,0.0,2025-11-19,2026-07-03,2025-11-19,226,near_expiry
BAT00378,DC005,MED016,0.0,2026-01-09,2026-08-23,2026-01-09,226,near_expiry
BAT00379,DC006,MED016,0.0,2025-11-30,2026-07-14,2025-11-30,226,near_expiry
BAT00380,DC006,MED016,0.0,2025-11-20,2026-07-04,2025-11-20,226,near_expiry
BAT00381,DC006,MED016,0.0,2025-10-05,2026-05-19,2025-10-05,226,near_expiry
BAT00382,DC006,MED016,0.0,2026-01-05,2026-08-19,2026-01-05,226,near_expiry
BAT00383,DC007,MED016,0.0,2025-11-29,2026-07-13,2025-11-29,226,near_expiry
BAT00384,DC007,MED016,0.0,2025-10-11,2026-05-25,2025-10-11,226,near_expiry
BAT00385,DC007,MED016,0.0,2026-01-11,2026-08-25,2026-01-11,226,near_expiry
BAT00386,DC007,MED016,0.0,2025-10-29,2026-06-12,2025-10-29,226,near_expiry
BAT00387,DC008,MED016,0.0,2026-01-10,2026-08-24,2026-01-10,226,near_expiry
BAT00388,DC008,MED016,0.0,2025-12-15,2026-07-29,2025-12-15,226,near_expiry
BAT00389,DC008,MED016,0.0,2025-11-29,2026-07-13,2025-11-29,226,near_expiry
BAT00390,DC008,MED016,0.0,2025-11-03,2026-06-17,2025-11-03,226,near_expiry
BAT00391,DC001,MED017,0.0,2025-10-20,2027-02-17,2025-10-20,485,active
BAT00392,DC001,MED017,0.0,2025-11-28,2027-03-28,2025-11-28,485,active
BAT00393,DC002,MED017,0.0,2026-01-05,2027-05-05,2026-01-05,485,active
BAT00394,DC002,MED017,0.0,2025-11-08,2027-03-08,2025-11-08,485,active
BAT00395,DC002,MED017,0.0,2025-12-05,2027-04-04,2025-12-05,485,active
BAT00396,DC003,MED017,0.0,2025-12-31,2027-04-30,2025-12-31,485,active
BAT00397,DC003,MED017,0.0,2025-12-22,2027-04-21,2025-12-22,485,active
BAT00398,DC003,MED017,0.0,2025-11-26,2027-03-26,2025-11-26,485,active
BAT00399,DC003,MED017,0.0,2025-12-30,2027-04-29,2025-12-30,485,active
BAT00400,DC004,MED017,0.0,2025-10-16,2027-02-13,2025-10-16,485,active
BAT00401,DC004,MED017,0.0,2025-10-28,2027-02-25,2025-10-28,485,active
BAT00402,DC004,MED017,0.0,2025-09-19,2027-01-17,2025-09-19,485,active
BAT00403,DC005,MED017,0.0,2025-12-28,2027-04-27,2025-12-28,485,active
BAT00404,DC005,MED017,0.0,2025-11-18,2027-03-18,2025-11-18,485,active
BAT00405,DC005,MED017,0.0,2025-10-15,2027-02-12,2025-10-15,485,active
BAT00406,DC006,MED017,0.0,2025-10-03,2027-01-31,2025-10-03,485,active
BAT00407,DC006,MED017,0.0,2025-09-28,2027-01-26,2025-09-28,485,active
BAT00408,DC006,MED017,0.0,2025-10-21,2027-02-18,2025-10-21,485,active
BAT00409,DC007,MED017,0.0,2025-11-05,2027-03-05,2025-11-05,485,active
BAT00410,DC007,MED017,0.0,2025-09-22,2027-01-20,2025-09-22,485,active
BAT00411,DC007,MED017,0.0,2025-12-25,2027-04-24,2025-12-25,485,active
BAT00412,DC008,MED017,0.0,2025-10-17,2027-02-14,2025-10-17,485,active
BAT00413,DC008,MED017,0.0,2025-10-05,2027-02-02,2025-10-05,485,active
BAT00414,DC008,MED017,0.0,2025-12-17,2027-04-16,2025-12-17,485,active
BAT00415,DC008,MED017,0.0,2025-12-20,2027-04-19,2025-12-20,485,active
BAT00416,DC001,MED018,0.0,2025-11-12,2027-02-18,2025-11-12,463,active
BAT00417,DC001,MED018,0.0,2025-11-05,2027-02-11,2025-11-05,463,active
BAT00418,DC002,MED018,0.0,2025-10-04,2027-01-10,2025-10-04,463,active
BAT00419,DC002,MED018,0.0,2025-12-29,2027-04-06,2025-12-29,463,active
BAT00420,DC002,MED018,0.0,2026-01-03,2027-04-11,2026-01-03,463,active
BAT00421,DC002,MED018,0.0,2025-11-25,2027-03-03,2025-11-25,463,active
BAT00422,DC003,MED018,0.0,2025-11-08,2027-02-14,2025-11-08,463,active
BAT00423,DC003,MED018,0.0,2025-11-23,2027-03-01,2025-11-23,463,active
BAT00424,DC003,MED018,0.0,2026-01-05,2027-04-13,2026-01-05,463,active
BAT00425,DC003,MED018,0.0,2025-12-05,2027-03-13,2025-12-05,463,active
BAT00426,DC004,MED018,0.0,2025-11-16,2027-02-22,2025-11-16,463,active
BAT00427,DC004,MED018,0.0,2025-12-01,2027-03-09,2025-12-01,463,active
BAT00428,DC004,MED018,0.0,2025-09-30,2027-01-06,2025-09-30,463,active
BAT00429,DC004,MED018,0.0,2025-10-25,2027-01-31,2025-10-25,463,active
BAT00430,DC005,MED018,0.0,2025-12-29,2027-04-06,2025-12-29,463,active
BAT00431,DC005,MED018,0.0,2025-09-20,2026-12-27,2025-09-20,463,active
BAT00432,DC005,MED018,0.0,2025-09-30,2027-01-06,2025-09-30,463,active
BAT00433,DC005,MED018,0.0,2025-12-26,2027-04-03,2025-12-26,463,active
BAT00434,DC006,MED018,0.0,2025-12-04,2027-03-12,2025-12-04,463,active
BAT00435,DC006,MED018,0.0,2025-12-17,2027-03-25,2025-12-17,463,active
BAT00436,DC006,MED018,0.0,2025-09-16,2026-12-23,2025-09-16,463,active
BAT00437,DC007,MED018,0.0,2025-09-28,2027-01-04,2025-09-28,463,active
BAT00438,DC007,MED018,0.0,2025-12-20,2027-03-28,2025-12-20,463,active
BAT00439,DC007,MED018,0.0,2025-11-05,2027-02-11,2025-11-05,463,active
BAT00440,DC007,MED018,0.0,2025-10-26,2027-02-01,2025-10-26,463,active
BAT00441,DC008,MED018,0.0,2026-01-03,2027-04-11,2026-01-03,463,active
BAT00442,DC008,MED018,0.0,2025-12-24,2027-04-01,2025-12-24,463,active
BAT00443,DC008,MED018,0.0,2025-11-01,2027-02-07,2025-11-01,463,active
BAT00444,DC001,MED019,0.0,2025-10-27,2027-03-19,2025-10-27,508,active
BAT00445,DC001,MED019,0.0,2025-10-29,2027-03-21,2025-10-29,508,active
BAT00446,DC002,MED019,0.0,2025-11-03,2027-03-26,2025-11-03,508,active
BAT00447,DC002,MED019,0.0,2025-09-26,2027-02-16,2025-09-26,508,active
BAT00448,DC002,MED019,0.0,2026-01-09,2027-06-01,2026-01-09,508,active
BAT00449,DC003,MED019,0.0,2025-12-12,2027-05-04,2025-12-12,508,active
BAT00450,DC003,MED019,0.0,2025-10-08,2027-02-28,2025-10-08,508,active
BAT00451,DC003,MED019,0.0,2025-10-27,2027-03-19,2025-10-27,508,active
BAT00452,DC003,MED019,0.0,2025-11-12,2027-04-04,2025-11-12,508,active
BAT00453,DC004,MED019,0.0,2025-10-24,2027-03-16,2025-10-24,508,active
BAT00454,DC004,MED019,0.0,2025-11-14,2027-04-06,2025-11-14,508,active
BAT00455,DC004,MED019,0.0,2025-10-03,2027-02-23,2025-10-03,508,active
BAT00456,DC004,MED019,0.0,2025-12-07,2027-04-29,2025-12-07,508,active
BAT00457,DC005,MED019,0.0,2026-01-07,2027-05-30,2026-01-07,508,active
BAT00458,DC005,MED019,0.0,2025-11-22,2027-04-14,2025-11-22,508,active
BAT00459,DC005,MED019,0.0,2025-12-19,2027-05-11,2025-12-19,508,active
BAT00460,DC006,MED019,0.0,2025-12-05,2027-04-27,2025-12-05,508,active
BAT00461,DC006,MED019,0.0,2025-12-05,2027-04-27,2025-12-05,508,active
BAT00462,DC006,MED019,0.0,2025-09-26,2027-02-16,2025-09-26,508,active
BAT00463,DC007,MED019,0.0,2025-12-29,2027-05-21,2025-12-29,508,active
BAT00464,DC007,MED019,0.0,2025-11-10,2027-04-02,2025-11-10,508,active
BAT00465,DC007,MED019,0.0,2025-12-05,2027-04-27,2025-12-05,508,active
BAT00466,DC008,MED019,0.0,2025-12-11,2027-05-03,2025-12-11,508,active
BAT00467,DC008,MED019,0.0,2025-12-27,2027-05-19,2025-12-27,508,active
BAT00468,DC001,MED020,0.0,2025-11-26,2026-10-06,2025-11-26,314,near_expiry
BAT00469,DC001,MED020,0.0,2025-11-22,2026-10-02,2025-11-22,314,near_expiry
BAT00470,DC002,MED020,0.0,2025-09-21,2026-08-01,2025-09-21,314,near_expiry
BAT00471,DC002,MED020,0.0,2025-12-04,2026-10-14,2025-12-04,314,near_expiry
BAT00472,DC003,MED020,0.0,2025-12-21,2026-10-31,2025-12-21,314,near_expiry
BAT00473,DC003,MED020,0.0,2025-11-12,2026-09-22,2025-11-12,314,near_expiry
BAT00474,DC003,MED020,0.0,2025-11-16,2026-09-26,2025-11-16,314,near_expiry
BAT00475,DC003,MED020,0.0,2025-12-06,2026-10-16,2025-12-06,314,near_expiry
BAT00476,DC004,MED020,0.0,2025-09-16,2026-07-27,2025-09-16,314,near_expiry
BAT00477,DC004,MED020,0.0,2025-11-17,2026-09-27,2025-11-17,314,near_expiry
BAT00478,DC004,MED020,0.0,2025-12-18,2026-10-28,2025-12-18,314,near_expiry
BAT00479,DC005,MED020,0.0,2026-01-08,2026-11-18,2026-01-08,314,active
BAT00480,DC005,MED020,0.0,2025-10-30,2026-09-09,2025-10-30,314,near_expiry
BAT00481,DC005,MED020,0.0,2025-10-23,2026-09-02,2025-10-23,314,near_expiry
BAT00482,DC005,MED020,0.0,2025-12-09,2026-10-19,2025-12-09,314,near_expiry
BAT00483,DC006,MED020,0.0,2026-01-01,2026-11-11,2026-01-01,314,active
BAT00484,DC006,MED020,0.0,2025-09-24,2026-08-04,2025-09-24,314,near_expiry
BAT00485,DC006,MED020,0.0,2025-11-29,2026-10-09,2025-11-29,314,near_expiry
BAT00486,DC006,MED020,0.0,2025-11-29,2026-10-09,2025-11-29,314,near_expiry
BAT00487,DC007,MED020,0.0,2025-11-03,2026-09-13,2025-11-03,314,near_expiry
BAT00488,DC007,MED020,0.0,2025-11-29,2026-10-09,2025-11-29,314,near_expiry
BAT00489,DC008,MED020,0.0,2025-11-26,2026-10-06,2025-11-26,314,near_expiry
BAT00490,DC008,MED020,0.0,2025-10-09,2026-08-19,2025-10-09,314,near_expiry
BAT00491,DC008,MED020,0.0,2025-10-01,2026-08-11,2025-10-01,314,near_expiry
BAT00492,DC008,MED020,0.0,2025-10-19,2026-08-29,2025-10-19,314,near_expiry
BAT00493,DC001,MED021,0.0,2026-01-02,2027-05-24,2026-01-02,507,active
BAT00494,DC001,MED021,0.0,2025-10-05,2027-02-24,2025-10-05,507,active
BAT00495,DC001,MED021,0.0,2025-11-04,2027-03-26,2025-11-04,507,active
BAT00496,DC001,MED021,0.0,2025-10-10,2027-03-01,2025-10-10,507,active
BAT00497,DC002,MED021,0.0,2025-11-10,2027-04-01,2025-11-10,507,active
BAT00498,DC002,MED021,0.0,2026-01-09,2027-05-31,2026-01-09,507,active
BAT00499,DC003,MED021,0.0,2025-10-15,2027-03-06,2025-10-15,507,active
BAT00500,DC003,MED021,0.0,2025-11-15,2027-04-06,2025-11-15,507,active
BAT00501,DC004,MED021,0.0,2025-10-29,2027-03-20,2025-10-29,507,active
BAT00502,DC004,MED021,0.0,2025-12-28,2027-05-19,2025-12-28,507,active
BAT00503,DC004,MED021,0.0,2025-10-28,2027-03-19,2025-10-28,507,active
BAT00504,DC004,MED021,0.0,2025-11-25,2027-04-16,2025-11-25,507,active
BAT00505,DC005,MED021,0.0,2025-12-07,2027-04-28,2025-12-07,507,active
BAT00506,DC005,MED021,0.0,2025-11-11,2027-04-02,2025-11-11,507,active
BAT00507,DC005,MED021,0.0,2025-11-07,2027-03-29,2025-11-07,507,active
BAT00508,DC005,MED021,0.0,2025-11-03,2027-03-25,2025-11-03,507,active
BAT00509,DC006,MED021,0.0,2026-01-12,2027-06-03,2026-01-12,507,active
BAT00510,DC006,MED021,0.0,2025-10-20,2027-03-11,2025-10-20,507,active
BAT00511,DC006,MED021,0.0,2025-11-22,2027-04-13,2025-11-22,507,active
BAT00512,DC007,MED021,0.0,2025-09-21,2027-02-10,2025-09-21,507,active
BAT00513,DC007,MED021,0.0,2025-10-18,2027-03-09,2025-10-18,507,active
BAT00514,DC007,MED021,0.0,2025-10-30,2027-03-21,2025-10-30,507,active
BAT00515,DC007,MED021,0.0,2025-10-23,2027-03-14,2025-10-23,507,active
BAT00516,DC008,MED021,0.0,2025-10-14,2027-03-05,2025-10-14,507,active
BAT00517,DC008,MED021,0.0,2025-11-14,2027-04-05,2025-11-14,507,active
BAT00518,DC008,MED021,0.0,2025-10-26,2027-03-17,2025-10-26,507,active
BAT00519,DC008,MED021,0.0,2025-10-07,2027-02-26,2025-10-07,507,active
BAT00520,DC001,MED022,0.0,2025-10-19,2027-01-13,2025-10-19,451,active
BAT00521,DC001,MED022,0.0,2025-11-02,2027-01-27,2025-11-02,451,active
BAT00522,DC001,MED022,0.0,2025-12-31,2027-03-27,2025-12-31,451,active
BAT00523,DC002,MED022,0.0,2025-12-05,2027-03-01,2025-12-05,451,active
BAT00524,DC002,MED022,0.0,2025-11-23,2027-02-17,2025-11-23,451,active
BAT00525,DC003,MED022,0.0,2025-11-11,2027-02-05,2025-11-11,451,active
BAT00526,DC003,MED022,0.0,2025-09-19,2026-12-14,2025-09-19,451,active
BAT00527,DC003,MED022,0.0,2025-09-28,2026-12-23,2025-09-28,451,active
BAT00528,DC003,MED022,0.0,2026-01-07,2027-04-03,2026-01-07,451,active
BAT00529,DC004,MED022,0.0,2025-12-19,2027-03-15,2025-12-19,451,active
BAT00530,DC004,MED022,0.0,2025-10-22,2027-01-16,2025-10-22,451,active
BAT00531,DC004,MED022,0.0,2025-11-27,2027-02-21,2025-11-27,451,active
BAT00532,DC004,MED022,0.0,2025-12-23,2027-03-19,2025-12-23,451,active
BAT00533,DC005,MED022,0.0,2025-12-02,2027-02-26,2025-12-02,451,active
BAT00534,DC005,MED022,0.0,2025-10-20,2027-01-14,2025-10-20,451,active
BAT00535,DC005,MED022,0.0,2025-10-14,2027-01-08,2025-10-14,451,active
BAT00536,DC006,MED022,0.0,2025-10-18,2027-01-12,2025-10-18,451,active
BAT00537,DC006,MED022,0.0,2025-11-14,2027-02-08,2025-11-14,451,active
BAT00538,DC006,MED022,0.0,2025-12-14,2027-03-10,2025-12-14,451,active
BAT00539,DC006,MED022,0.0,2025-12-07,2027-03-03,2025-12-07,451,active
BAT00540,DC007,MED022,0.0,2025-12-07,2027-03-03,2025-12-07,451,active
BAT00541,DC007,MED022,0.0,2025-10-16,2027-01-10,2025-10-16,451,active
BAT00542,DC008,MED022,0.0,2025-11-13,2027-02-07,2025-11-13,451,active
BAT00543,DC008,MED022,0.0,2025-12-01,2027-02-25,2025-12-01,451,active
BAT00544,DC001,MED023,0.0,2025-10-05,2026-09-07,2025-10-05,337,near_expiry
BAT00545,DC001,MED023,0.0,2025-12-09,2026-11-11,2025-12-09,337,active
BAT00546,DC001,MED023,0.0,2025-10-20,2026-09-22,2025-10-20,337,near_expiry
BAT00547,DC001,MED023,0.0,2025-09-22,2026-08-25,2025-09-22,337,near_expiry
BAT00548,DC002,MED023,0.0,2025-10-08,2026-09-10,2025-10-08,337,near_expiry
BAT00549,DC002,MED023,0.0,2025-12-08,2026-11-10,2025-12-08,337,near_expiry
BAT00550,DC002,MED023,0.0,2025-10-15,2026-09-17,2025-10-15,337,near_expiry
BAT00551,DC003,MED023,0.0,2025-11-19,2026-10-22,2025-11-19,337,near_expiry
BAT00552,DC003,MED023,0.0,2025-10-11,2026-09-13,2025-10-11,337,near_expiry
BAT00553,DC004,MED023,0.0,2025-10-01,2026-09-03,2025-10-01,337,near_expiry
BAT00554,DC004,MED023,0.0,2025-09-17,2026-08-20,2025-09-17,337,near_expiry
BAT00555,DC004,MED023,0.0,2025-12-11,2026-11-13,2025-12-11,337,active
BAT00556,DC005,MED023,0.0,2025-10-12,2026-09-14,2025-10-12,337,near_expiry
BAT00557,DC005,MED023,0.0,2025-12-14,2026-11-16,2025-12-14,337,active
BAT00558,DC006,MED023,0.0,2025-11-08,2026-10-11,2025-11-08,337,near_expiry
BAT00559,DC006,MED023,0.0,2025-12-16,2026-11-18,2025-12-16,337,active
BAT00560,DC007,MED023,0.0,2025-12-03,2026-11-05,2025-12-03,337,near_expiry
BAT00561,DC007,MED023,0.0,2026-01-02,2026-12-05,2026-01-02,337,active
BAT00562,DC008,MED023,0.0,2026-01-14,2026-12-17,2026-01-14,337,active
BAT00563,DC008,MED023,0.0,2025-09-18,2026-08-21,2025-09-18,337,near_expiry
BAT00564,DC008,MED023,0.0,2025-10-23,2026-09-25,2025-10-23,337,near_expiry
BAT00565,DC008,MED023,0.0,2025-09-24,2026-08-27,2025-09-24,337,near_expiry
BAT00566,DC001,MED024,0.0,2025-12-20,2027-02-21,2025-12-20,428,active
BAT00567,DC001,MED024,0.0,2025-12-09,2027-02-10,2025-12-09,428,active
BAT00568,DC001,MED024,0.0,2025-10-24,2026-12-26,2025-10-24,428,active
BAT00569,DC002,MED024,0.0,2026-01-03,2027-03-07,2026-01-03,428,active
BAT00570,DC002,MED024,0.0,2025-12-16,2027-02-17,2025-12-16,428,active
BAT00571,DC003,MED024,0.0,2025-09-28,2026-11-30,2025-09-28,428,active
BAT00572,DC003,MED024,0.0,2025-09-20,2026-11-22,2025-09-20,428,active
BAT00573,DC003,MED024,0.0,2025-11-22,2027-01-24,2025-11-22,428,active
BAT00574,DC003,MED024,0.0,2025-12-23,2027-02-24,2025-12-23,428,active
BAT00575,DC004,MED024,0.0,2025-11-25,2027-01-27,2025-11-25,428,active
BAT00576,DC004,MED024,0.0,2025-12-22,2027-02-23,2025-12-22,428,active
BAT00577,DC005,MED024,0.0,2025-09-18,2026-11-20,2025-09-18,428,active
BAT00578,DC005,MED024,0.0,2026-01-10,2027-03-14,2026-01-10,428,active
BAT00579,DC005,MED024,0.0,2025-11-03,2027-01-05,2025-11-03,428,active
BAT00580,DC005,MED024,0.0,2025-09-18,2026-11-20,2025-09-18,428,active
BAT00581,DC006,MED024,0.0,2025-10-24,2026-12-26,2025-10-24,428,active
BAT00582,DC006,MED024,0.0,2025-11-12,2027-01-14,2025-11-12,428,active
BAT00583,DC006,MED024,0.0,2025-12-28,2027-03-01,2025-12-28,428,active
BAT00584,DC007,MED024,0.0,2025-12-21,2027-02-22,2025-12-21,428,active
BAT00585,DC007,MED024,0.0,2025-12-03,2027-02-04,2025-12-03,428,active
BAT00586,DC007,MED024,0.0,2025-11-17,2027-01-19,2025-11-17,428,active
BAT00587,DC007,MED024,0.0,2025-10-15,2026-12-17,2025-10-15,428,active
BAT00588,DC008,MED024,0.0,2025-12-02,2027-02-03,2025-12-02,428,active
BAT00589,DC008,MED024,0.0,2025-11-03,2027-01-05,2025-11-03,428,active
BAT00590,DC001,MED025,0.0,2025-12-23,2027-03-29,2025-12-23,461,active
BAT00591,DC001,MED025,0.0,2025-10-25,2027-01-29,2025-10-25,461,active
BAT00592,DC001,MED025,0.0,2025-10-01,2027-01-05,2025-10-01,461,active
BAT00593,DC001,MED025,0.0,2025-12-04,2027-03-10,2025-12-04,461,active
BAT00594,DC002,MED025,0.0,2026-01-02,2027-04-08,2026-01-02,461,active
BAT00595,DC002,MED025,0.0,2025-12-28,2027-04-03,2025-12-28,461,active
BAT00596,DC003,MED025,0.0,2025-12-14,2027-03-20,2025-12-14,461,active
BAT00597,DC003,MED025,0.0,2025-11-26,2027-03-02,2025-11-26,461,active
BAT00598,DC003,MED025,0.0,2025-10-10,2027-01-14,2025-10-10,461,active
BAT00599,DC004,MED025,0.0,2025-12-07,2027-03-13,2025-12-07,461,active
BAT00600,DC004,MED025,0.0,2025-11-02,2027-02-06,2025-11-02,461,active
BAT00601,DC004,MED025,0.0,2025-10-23,2027-01-27,2025-10-23,461,active
BAT00602,DC005,MED025,0.0,2026-01-07,2027-04-13,2026-01-07,461,active
BAT00603,DC005,MED025,0.0,2025-11-16,2027-02-20,2025-11-16,461,active
BAT00604,DC005,MED025,0.0,2025-11-24,2027-02-28,2025-11-24,461,active
BAT00605,DC006,MED025,0.0,2025-09-22,2026-12-27,2025-09-22,461,active
BAT00606,DC006,MED025,0.0,2025-10-08,2027-01-12,2025-10-08,461,active
BAT00607,DC006,MED025,0.0,2025-12-30,2027-04-05,2025-12-30,461,active
BAT00608,DC006,MED025,0.0,2025-09-16,2026-12-21,2025-09-16,461,active
BAT00609,DC007,MED025,0.0,2025-12-17,2027-03-23,2025-12-17,461,active
BAT00610,DC007,MED025,0.0,2025-12-28,2027-04-03,2025-12-28,461,active
BAT00611,DC007,MED025,0.0,2025-11-17,2027-02-21,2025-11-17,461,active
BAT00612,DC008,MED025,0.0,2025-11-28,2027-03-04,2025-11-28,461,active
BAT00613,DC008,MED025,0.0,2025-11-05,2027-02-09,2025-11-05,461,active
BAT00614,DC008,MED025,0.0,2025-10-10,2027-01-14,2025-10-10,461,active
BAT00615,DC008,MED025,0.0,2025-10-21,2027-01-25,2025-10-21,461,active
BAT00616,DC001,MED026,0.0,2025-10-19,2027-01-18,2025-10-19,456,active
BAT00617,DC001,MED026,0.0,2025-09-25,2026-12-25,2025-09-25,456,active
BAT00618,DC002,MED026,0.0,2025-11-08,2027-02-07,2025-11-08,456,active
BAT00619,DC002,MED026,0.0,2026-01-05,2027-04-06,2026-01-05,456,active
BAT00620,DC003,MED026,0.0,2025-09-30,2026-12-30,2025-09-30,456,active
BAT00621,DC003,MED026,0.0,2025-11-11,2027-02-10,2025-11-11,456,active
BAT00622,DC003,MED026,0.0,2025-11-07,2027-02-06,2025-11-07,456,active
BAT00623,DC003,MED026,0.0,2025-12-04,2027-03-05,2025-12-04,456,active
BAT00624,DC004,MED026,0.0,2025-10-19,2027-01-18,2025-10-19,456,active
BAT00625,DC004,MED026,0.0,2025-11-01,2027-01-31,2025-11-01,456,active
BAT00626,DC004,MED026,0.0,2025-09-21,2026-12-21,2025-09-21,456,active
BAT00627,DC004,MED026,0.0,2025-10-03,2027-01-02,2025-10-03,456,active
BAT00628,DC005,MED026,0.0,2025-11-10,2027-02-09,2025-11-10,456,active
BAT00629,DC005,MED026,0.0,2025-11-03,2027-02-02,2025-11-03,456,active
BAT00630,DC006,MED026,0.0,2025-10-20,2027-01-19,2025-10-20,456,active
BAT00631,DC006,MED026,0.0,2025-10-14,2027-01-13,2025-10-14,456,active
BAT00632,DC007,MED026,0.0,2025-10-02,2027-01-01,2025-10-02,456,active
BAT00633,DC007,MED026,0.0,2025-12-18,2027-03-19,2025-12-18,456,active
BAT00634,DC008,MED026,0.0,2025-11-21,2027-02-20,2025-11-21,456,active
BAT00635,DC008,MED026,0.0,2026-01-06,2027-04-07,2026-01-06,456,active
BAT00636,DC008,MED026,0.0,2026-01-07,2027-04-08,2026-01-07,456,active
BAT00637,DC008,MED026,0.0,2026-01-06,2027-04-07,2026-01-06,456,active
BAT00638,DC001,MED027,0.0,2025-11-23,2027-02-10,2025-11-23,444,active
BAT00639,DC001,MED027,0.0,2025-12-28,2027-03-17,2025-12-28,444,active
BAT00640,DC001,MED027,0.0,2025-10-13,2026-12-31,2025-10-13,444,active
BAT00641,DC002,MED027,0.0,2025-11-28,2027-02-15,2025-11-28,444,active
BAT00642,DC002,MED027,0.0,2025-11-27,2027-02-14,2025-11-27,444,active
BAT00643,DC002,MED027,0.0,2025-09-19,2026-12-07,2025-09-19,444,active
BAT00644,DC002,MED027,0.0,2025-11-27,2027-02-14,2025-11-27,444,active
BAT00645,DC003,MED027,0.0,2025-10-22,2027-01-09,2025-10-22,444,active
BAT00646,DC003,MED027,0.0,2025-12-28,2027-03-17,2025-12-28,444,active
BAT00647,DC004,MED027,0.0,2025-12-30,2027-03-19,2025-12-30,444,active
BAT00648,DC004,MED027,0.0,2025-11-07,2027-01-25,2025-11-07,444,active
BAT00649,DC004,MED027,0.0,2025-12-29,2027-03-18,2025-12-29,444,active
BAT00650,DC004,MED027,0.0,2025-12-17,2027-03-06,2025-12-17,444,active
BAT00651,DC005,MED027,0.0,2025-12-07,2027-02-24,2025-12-07,444,active
BAT00652,DC005,MED027,0.0,2025-10-14,2027-01-01,2025-10-14,444,active
BAT00653,DC006,MED027,0.0,2025-11-27,2027-02-14,2025-11-27,444,active
BAT00654,DC006,MED027,0.0,2025-12-14,2027-03-03,2025-12-14,444,active
BAT00655,DC006,MED027,0.0,2025-12-26,2027-03-15,2025-12-26,444,active
BAT00656,DC006,MED027,0.0,2025-09-17,2026-12-05,2025-09-17,444,active
BAT00657,DC007,MED027,0.0,2026-01-10,2027-03-30,2026-01-10,444,active
BAT00658,DC007,MED027,0.0,2025-11-22,2027-02-09,2025-11-22,444,active
BAT00659,DC007,MED027,0.0,2025-09-17,2026-12-05,2025-09-17,444,active
BAT00660,DC007,MED027,0.0,2026-01-12,2027-04-01,2026-01-12,444,active
BAT00661,DC008,MED027,0.0,2026-01-02,2027-03-22,2026-01-02,444,active
BAT00662,DC008,MED027,0.0,2025-11-18,2027-02-05,2025-11-18,444,active
BAT00663,DC001,MED028,0.0,2025-09-25,2027-01-01,2025-09-25,463,active
BAT00664,DC001,MED028,0.0,2025-10-12,2027-01-18,2025-10-12,463,active
BAT00665,DC001,MED028,0.0,2025-11-19,2027-02-25,2025-11-19,463,active
BAT00666,DC001,MED028,0.0,2025-12-18,2027-03-26,2025-12-18,463,active
BAT00667,DC002,MED028,0.0,2025-12-08,2027-03-16,2025-12-08,463,active
BAT00668,DC002,MED028,0.0,2025-09-19,2026-12-26,2025-09-19,463,active
BAT00669,DC003,MED028,0.0,2025-11-02,2027-02-08,2025-11-02,463,active
BAT00670,DC003,MED028,0.0,2025-10-20,2027-01-26,2025-10-20,463,active
BAT00671,DC003,MED028,0.0,2025-12-15,2027-03-23,2025-12-15,463,active
BAT00672,DC003,MED028,0.0,2025-12-27,2027-04-04,2025-12-27,463,active
BAT00673,DC004,MED028,0.0,2025-11-23,2027-03-01,2025-11-23,463,active
BAT00674,DC004,MED028,0.0,2026-01-07,2027-04-15,2026-01-07,463,active
BAT00675,DC004,MED028,0.0,2025-10-31,2027-02-06,2025-10-31,463,active
BAT00676,DC004,MED028,0.0,2025-09-20,2026-12-27,2025-09-20,463,active
BAT00677,DC005,MED028,0.0,2025-11-21,2027-02-27,2025-11-21,463,active
BAT00678,DC005,MED028,0.0,2026-01-08,2027-04-16,2026-01-08,463,active
BAT00679,DC006,MED028,0.0,2025-10-21,2027-01-27,2025-10-21,463,active
BAT00680,DC006,MED028,0.0,2025-11-08,2027-02-14,2025-11-08,463,active
BAT00681,DC006,MED028,0.0,2025-11-22,2027-02-28,2025-11-22,463,active
BAT00682,DC007,MED028,0.0,2025-11-27,2027-03-05,2025-11-27,463,active
BAT00683,DC007,MED028,0.0,2025-11-07,2027-02-13,2025-11-07,463,active
BAT00684,DC007,MED028,0.0,2025-09-28,2027-01-04,2025-09-28,463,active
BAT00685,DC008,MED028,0.0,2025-10-16,2027-01-22,2025-10-16,463,active
BAT00686,DC008,MED028,0.0,2025-11-16,2027-02-22,2025-11-16,463,active
BAT00687,DC001,MED029,0.0,2025-11-22,2026-06-24,2025-11-22,214,near_expiry
BAT00688,DC001,MED029,0.0,2025-12-28,2026-07-30,2025-12-28,214,near_expiry
BAT00689,DC002,MED029,0.0,2025-12-19,2026-07-21,2025-12-19,214,near_expiry
BAT00690,DC002,MED029,0.0,2026-01-04,2026-08-06,2026-01-04,214,near_expiry
BAT00691,DC002,MED029,0.0,2025-09-28,2026-04-30,2025-09-28,214,near_expiry
BAT00692,DC003,MED029,0.0,2025-10-14,2026-05-16,2025-10-14,214,near_expiry
BAT00693,DC003,MED029,0.0,2026-01-08,2026-08-10,2026-01-08,214,near_expiry
BAT00694,DC003,MED029,0.0,2025-10-20,2026-05-22,2025-10-20,214,near_expiry
BAT00695,DC004,MED029,0.0,2025-09-25,2026-04-27,2025-09-25,214,near_expiry
BAT00696,DC004,MED029,0.0,2025-10-04,2026-05-06,2025-10-04,214,near_expiry
BAT00697,DC004,MED029,0.0,2025-10-14,2026-05-16,2025-10-14,214,near_expiry
BAT00698,DC004,MED029,0.0,2025-12-18,2026-07-20,2025-12-18,214,near_expiry
BAT00699,DC005,MED029,0.0,2025-09-20,2026-04-22,2025-09-20,214,near_expiry
BAT00700,DC005,MED029,0.0,2025-09-20,2026-04-22,2025-09-20,214,near_expiry
BAT00701,DC005,MED029,0.0,2025-09-17,2026-04-19,2025-09-17,214,near_expiry
BAT00702,DC006,MED029,0.0,2025-12-30,2026-08-01,2025-12-30,214,near_expiry
BAT00703,DC006,MED029,0.0,2025-10-10,2026-05-12,2025-10-10,214,near_expiry
BAT00704,DC007,MED029,0.0,2025-10-17,2026-05-19,2025-10-17,214,near_expiry
BAT00705,DC007,MED029,0.0,2025-12-19,2026-07-21,2025-12-19,214,near_expiry
BAT00706,DC007,MED029,0.0,2025-12-15,2026-07-17,2025-12-15,214,near_expiry
BAT00707,DC008,MED029,0.0,2025-12-09,2026-07-11,2025-12-09,214,near_expiry
BAT00708,DC008,MED029,0.0,2025-11-07,2026-06-09,2025-11-07,214,near_expiry
BAT00709,DC008,MED029,0.0,2025-12-06,2026-07-08,2025-12-06,214,near_expiry
BAT00710,DC008,MED029,0.0,2025-11-10,2026-06-12,2025-11-10,214,near_expiry
BAT00711,DC001,MED030,0.0,2025-10-04,2026-07-20,2025-10-04,289,near_expiry
BAT00712,DC001,MED030,0.0,2025-11-15,2026-08-31,2025-11-15,289,near_expiry
BAT00713,DC001,MED030,0.0,2025-12-05,2026-09-20,2025-12-05,289,near_expiry
BAT00714,DC002,MED030,0.0,2025-11-23,2026-09-08,2025-11-23,289,near_expiry
BAT00715,DC002,MED030,0.0,2025-09-26,2026-07-12,2025-09-26,289,near_expiry
BAT00716,DC003,MED030,0.0,2026-01-12,2026-10-28,2026-01-12,289,near_expiry
BAT00717,DC003,MED030,0.0,2025-09-17,2026-07-03,2025-09-17,289,near_expiry
BAT00718,DC004,MED030,0.0,2025-11-22,2026-09-07,2025-11-22,289,near_expiry
BAT00719,DC004,MED030,0.0,2025-12-20,2026-10-05,2025-12-20,289,near_expiry
BAT00720,DC004,MED030,0.0,2025-11-27,2026-09-12,2025-11-27,289,near_expiry
BAT00721,DC004,MED030,0.0,2025-12-14,2026-09-29,2025-12-14,289,near_expiry
BAT00722,DC005,MED030,0.0,2025-09-16,2026-07-02,2025-09-16,289,near_expiry
BAT00723,DC005,MED030,0.0,2025-12-13,2026-09-28,2025-12-13,289,near_expiry
BAT00724,DC005,MED030,0.0,2025-11-13,2026-08-29,2025-11-13,289,near_expiry
BAT00725,DC006,MED030,0.0,2025-11-13,2026-08-29,2025-11-13,289,near_expiry
BAT00726,DC006,MED030,0.0,2025-10-13,2026-07-29,2025-10-13,289,near_expiry
BAT00727,DC006,MED030,0.0,2025-12-24,2026-10-09,2025-12-24,289,near_expiry
BAT00728,DC006,MED030,0.0,2025-11-06,2026-08-22,2025-11-06,289,near_expiry
BAT00729,DC007,MED030,0.0,2025-09-23,2026-07-09,2025-09-23,289,near_expiry
BAT00730,DC007,MED030,0.0,2025-10-24,2026-08-09,2025-10-24,289,near_expiry
BAT00731,DC007,MED030,0.0,2025-11-08,2026-08-24,2025-11-08,289,near_expiry
BAT00732,DC008,MED030,0.0,2026-01-05,2026-10-21,2026-01-05,289,near_expiry
BAT00733,DC008,MED030,0.0,2025-10-21,2026-08-06,2025-10-21,289,near_expiry
BAT00734,DC001,MED031,0.0,2025-11-23,2026-07-09,2025-11-23,228,near_expiry
BAT00735,DC001,MED031,0.0,2025-10-26,2026-06-11,2025-10-26,228,near_expiry
BAT00736,DC002,MED031,0.0,2025-12-26,2026-08-11,2025-12-26,228,near_expiry
BAT00737,DC002,MED031,0.0,2025-11-11,2026-06-27,2025-11-11,228,near_expiry
BAT00738,DC003,MED031,0.0,2025-10-27,2026-06-12,2025-10-27,228,near_expiry
BAT00739,DC003,MED031,0.0,2025-09-17,2026-05-03,2025-09-17,228,near_expiry
BAT00740,DC003,MED031,0.0,2025-11-14,2026-06-30,2025-11-14,228,near_expiry
BAT00741,DC004,MED031,0.0,2026-01-14,2026-08-30,2026-01-14,228,near_expiry
BAT00742,DC004,MED031,0.0,2025-11-23,2026-07-09,2025-11-23,228,near_expiry
BAT00743,DC004,MED031,0.0,2025-11-08,2026-06-24,2025-11-08,228,near_expiry
BAT00744,DC004,MED031,0.0,2025-11-07,2026-06-23,2025-11-07,228,near_expiry
BAT00745,DC005,MED031,0.0,2025-10-02,2026-05-18,2025-10-02,228,near_expiry
BAT00746,DC005,MED031,0.0,2025-11-20,2026-07-06,2025-11-20,228,near_expiry
BAT00747,DC005,MED031,0.0,2025-09-20,2026-05-06,2025-09-20,228,near_expiry
BAT00748,DC006,MED031,0.0,2026-01-02,2026-08-18,2026-01-02,228,near_expiry
BAT00749,DC006,MED031,0.0,2025-12-15,2026-07-31,2025-12-15,228,near_expiry
BAT00750,DC007,MED031,0.0,2025-12-13,2026-07-29,2025-12-13,228,near_expiry
BAT00751,DC007,MED031,0.0,2025-12-11,2026-07-27,2025-12-11,228,near_expiry
BAT00752,DC008,MED031,0.0,2025-11-24,2026-07-10,2025-11-24,228,near_expiry
BAT00753,DC008,MED031,0.0,2025-12-14,2026-07-30,2025-12-14,228,near_expiry
BAT00754,DC008,MED031,0.0,2025-12-17,2026-08-02,2025-12-17,228,near_expiry
BAT00755,DC001,MED032,0.0,2025-09-28,2026-04-23,2025-09-28,207,near_expiry
BAT00756,DC001,MED032,0.0,2025-09-27,2026-04-22,2025-09-27,207,near_expiry
BAT00757,DC001,MED032,0.0,2026-01-10,2026-08-05,2026-01-10,207,near_expiry
BAT00758,DC002,MED032,0.0,2025-11-27,2026-06-22,2025-11-27,207,near_expiry
BAT00759,DC002,MED032,0.0,2026-01-07,2026-08-02,2026-01-07,207,near_expiry
BAT00760,DC003,MED032,0.0,2025-12-24,2026-07-19,2025-12-24,207,near_expiry
BAT00761,DC003,MED032,0.0,2025-09-28,2026-04-23,2025-09-28,207,near_expiry
BAT00762,DC003,MED032,0.0,2025-10-06,2026-05-01,2025-10-06,207,near_expiry
BAT00763,DC003,MED032,0.0,2025-09-27,2026-04-22,2025-09-27,207,near_expiry
BAT00764,DC004,MED032,0.0,2025-09-19,2026-04-14,2025-09-19,207,near_expiry
BAT00765,DC004,MED032,0.0,2025-12-18,2026-07-13,2025-12-18,207,near_expiry
BAT00766,DC005,MED032,0.0,2025-11-15,2026-06-10,2025-11-15,207,near_expiry
BAT00767,DC005,MED032,0.0,2025-09-18,2026-04-13,2025-09-18,207,near_expiry
BAT00768,DC005,MED032,0.0,2025-09-18,2026-04-13,2025-09-18,207,near_expiry
BAT00769,DC005,MED032,0.0,2025-11-06,2026-06-01,2025-11-06,207,near_expiry
BAT00770,DC006,MED032,0.0,2025-12-23,2026-07-18,2025-12-23,207,near_expiry
BAT00771,DC006,MED032,0.0,2025-12-05,2026-06-30,2025-12-05,207,near_expiry
BAT00772,DC006,MED032,0.0,2025-12-19,2026-07-14,2025-12-19,207,near_expiry
BAT00773,DC006,MED032,0.0,2025-10-10,2026-05-05,2025-10-10,207,near_expiry
BAT00774,DC007,MED032,0.0,2025-09-18,2026-04-13,2025-09-18,207,near_expiry
BAT00775,DC007,MED032,0.0,2025-12-25,2026-07-20,2025-12-25,207,near_expiry
BAT00776,DC007,MED032,0.0,2025-11-03,2026-05-29,2025-11-03,207,near_expiry
BAT00777,DC007,MED032,0.0,2025-11-26,2026-06-21,2025-11-26,207,near_expiry
BAT00778,DC008,MED032,0.0,2025-12-03,2026-06-28,2025-12-03,207,near_expiry
BAT00779,DC008,MED032,0.0,2025-10-12,2026-05-07,2025-10-12,207,near_expiry
BAT00780,DC008,MED032,0.0,2025-10-18,2026-05-13,2025-10-18,207,near_expiry
BAT00781,DC008,MED032,0.0,2025-11-11,2026-06-06,2025-11-11,207,near_expiry
BAT00782,DC001,MED033,0.0,2026-01-08,2026-11-11,2026-01-08,307,active
BAT00783,DC001,MED033,0.0,2025-12-16,2026-10-19,2025-12-16,307,near_expiry
BAT00784,DC001,MED033,0.0,2025-12-02,2026-10-05,2025-12-02,307,near_expiry
BAT00785,DC001,MED033,0.0,2025-10-28,2026-08-31,2025-10-28,307,near_expiry
BAT00786,DC002,MED033,0.0,2025-10-07,2026-08-10,2025-10-07,307,near_expiry
BAT00787,DC002,MED033,0.0,2025-10-25,2026-08-28,2025-10-25,307,near_expiry
BAT00788,DC002,MED033,0.0,2025-11-18,2026-09-21,2025-11-18,307,near_expiry
BAT00789,DC002,MED033,0.0,2025-11-30,2026-10-03,2025-11-30,307,near_expiry
BAT00790,DC003,MED033,0.0,2025-11-20,2026-09-23,2025-11-20,307,near_expiry
BAT00791,DC003,MED033,0.0,2025-11-01,2026-09-04,2025-11-01,307,near_expiry
BAT00792,DC003,MED033,0.0,2026-01-04,2026-11-07,2026-01-04,307,near_expiry
BAT00793,DC003,MED033,0.0,2025-12-08,2026-10-11,2025-12-08,307,near_expiry
BAT00794,DC004,MED033,0.0,2026-01-04,2026-11-07,2026-01-04,307,near_expiry
BAT00795,DC004,MED033,0.0,2025-11-27,2026-09-30,2025-11-27,307,near_expiry
BAT00796,DC005,MED033,0.0,2025-12-26,2026-10-29,2025-12-26,307,near_expiry
BAT00797,DC005,MED033,0.0,2025-12-05,2026-10-08,2025-12-05,307,near_expiry
BAT00798,DC005,MED033,0.0,2026-01-03,2026-11-06,2026-01-03,307,near_expiry
BAT00799,DC005,MED033,0.0,2025-12-06,2026-10-09,2025-12-06,307,near_expiry
BAT00800,DC006,MED033,0.0,2025-12-11,2026-10-14,2025-12-11,307,near_expiry
BAT00801,DC006,MED033,0.0,2026-01-03,2026-11-06,2026-01-03,307,near_expiry
BAT00802,DC006,MED033,0.0,2025-11-18,2026-09-21,2025-11-18,307,near_expiry
BAT00803,DC007,MED033,0.0,2025-11-23,2026-09-26,2025-11-23,307,near_expiry
BAT00804,DC007,MED033,0.0,2026-01-03,2026-11-06,2026-01-03,307,near_expiry
BAT00805,DC007,MED033,0.0,2026-01-03,2026-11-06,2026-01-03,307,near_expiry
BAT00806,DC007,MED033,0.0,2025-10-06,2026-08-09,2025-10-06,307,near_expiry
BAT00807,DC008,MED033,0.0,2026-01-13,2026-11-16,2026-01-13,307,active
BAT00808,DC008,MED033,0.0,2025-11-26,2026-09-29,2025-11-26,307,near_expiry
BAT00809,DC008,MED033,0.0,2025-10-14,2026-08-17,2025-10-14,307,near_expiry
BAT00810,DC001,MED034,0.0,2025-12-14,2027-02-03,2025-12-14,416,active
BAT00811,DC001,MED034,0.0,2025-12-24,2027-02-13,2025-12-24,416,active
BAT00812,DC001,MED034,0.0,2025-12-24,2027-02-13,2025-12-24,416,active
BAT00813,DC001,MED034,0.0,2025-12-07,2027-01-27,2025-12-07,416,active
BAT00814,DC002,MED034,0.0,2026-01-06,2027-02-26,2026-01-06,416,active
BAT00815,DC002,MED034,0.0,2025-12-10,2027-01-30,2025-12-10,416,active
BAT00816,DC002,MED034,0.0,2025-11-14,2027-01-04,2025-11-14,416,active
BAT00817,DC003,MED034,0.0,2025-09-16,2026-11-06,2025-09-16,416,near_expiry
BAT00818,DC003,MED034,0.0,2025-10-26,2026-12-16,2025-10-26,416,active
BAT00819,DC004,MED034,0.0,2025-12-20,2027-02-09,2025-12-20,416,active
BAT00820,DC004,MED034,0.0,2025-12-28,2027-02-17,2025-12-28,416,active
BAT00821,DC004,MED034,0.0,2025-11-25,2027-01-15,2025-11-25,416,active
BAT00822,DC005,MED034,0.0,2025-11-27,2027-01-17,2025-11-27,416,active
BAT00823,DC005,MED034,0.0,2025-12-03,2027-01-23,2025-12-03,416,active
BAT00824,DC005,MED034,0.0,2025-11-20,2027-01-10,2025-11-20,416,active
BAT00825,DC006,MED034,0.0,2025-12-28,2027-02-17,2025-12-28,416,active
BAT00826,DC006,MED034,0.0,2025-10-29,2026-12-19,2025-10-29,416,active
BAT00827,DC006,MED034,0.0,2025-12-20,2027-02-09,2025-12-20,416,active
BAT00828,DC006,MED034,0.0,2025-12-23,2027-02-12,2025-12-23,416,active
BAT00829,DC007,MED034,0.0,2025-12-08,2027-01-28,2025-12-08,416,active
BAT00830,DC007,MED034,0.0,2025-10-25,2026-12-15,2025-10-25,416,active
BAT00831,DC007,MED034,0.0,2025-11-02,2026-12-23,2025-11-02,416,active
BAT00832,DC008,MED034,0.0,2025-12-10,2027-01-30,2025-12-10,416,active
BAT00833,DC008,MED034,0.0,2025-11-25,2027-01-15,2025-11-25,416,active
BAT00834,DC001,MED035,0.0,2025-11-03,2026-05-27,2025-11-03,205,near_expiry
BAT00835,DC001,MED035,0.0,2025-11-06,2026-05-30,2025-11-06,205,near_expiry
BAT00836,DC001,MED035,0.0,2025-10-08,2026-05-01,2025-10-08,205,near_expiry
BAT00837,DC002,MED035,0.0,2025-10-13,2026-05-06,2025-10-13,205,near_expiry
BAT00838,DC002,MED035,0.0,2025-10-16,2026-05-09,2025-10-16,205,near_expiry
BAT00839,DC002,MED035,0.0,2025-10-04,2026-04-27,2025-10-04,205,near_expiry
BAT00840,DC002,MED035,0.0,2025-10-18,2026-05-11,2025-10-18,205,near_expiry
BAT00841,DC003,MED035,0.0,2025-10-05,2026-04-28,2025-10-05,205,near_expiry
BAT00842,DC003,MED035,0.0,2025-10-20,2026-05-13,2025-10-20,205,near_expiry
BAT00843,DC004,MED035,0.0,2025-12-07,2026-06-30,2025-12-07,205,near_expiry
BAT00844,DC004,MED035,0.0,2025-10-22,2026-05-15,2025-10-22,205,near_expiry
BAT00845,DC004,MED035,0.0,2025-11-21,2026-06-14,2025-11-21,205,near_expiry
BAT00846,DC005,MED035,0.0,2025-10-30,2026-05-23,2025-10-30,205,near_expiry
BAT00847,DC005,MED035,0.0,2025-11-24,2026-06-17,2025-11-24,205,near_expiry
BAT00848,DC005,MED035,0.0,2025-09-18,2026-04-11,2025-09-18,205,near_expiry
BAT00849,DC006,MED035,0.0,2026-01-10,2026-08-03,2026-01-10,205,near_expiry
BAT00850,DC006,MED035,0.0,2025-11-29,2026-06-22,2025-11-29,205,near_expiry
BAT00851,DC006,MED035,0.0,2025-10-03,2026-04-26,2025-10-03,205,near_expiry
BAT00852,DC006,MED035,0.0,2025-10-25,2026-05-18,2025-10-25,205,near_expiry
BAT00853,DC007,MED035,0.0,2025-12-14,2026-07-07,2025-12-14,205,near_expiry
BAT00854,DC007,MED035,0.0,2025-11-30,2026-06-23,2025-11-30,205,near_expiry
BAT00855,DC008,MED035,0.0,2026-01-09,2026-08-02,2026-01-09,205,near_expiry
BAT00856,DC008,MED035,0.0,2025-10-24,2026-05-17,2025-10-24,205,near_expiry
BAT00857,DC001,MED036,0.0,2025-10-10,2026-12-12,2025-10-10,428,active
BAT00858,DC001,MED036,0.0,2025-10-05,2026-12-07,2025-10-05,428,active
BAT00859,DC001,MED036,0.0,2026-01-13,2027-03-17,2026-01-13,428,active
BAT00860,DC001,MED036,0.0,2025-12-17,2027-02-18,2025-12-17,428,active
BAT00861,DC002,MED036,0.0,2025-11-04,2027-01-06,2025-11-04,428,active
BAT00862,DC002,MED036,0.0,2025-11-02,2027-01-04,2025-11-02,428,active
BAT00863,DC002,MED036,0.0,2025-11-28,2027-01-30,2025-11-28,428,active
BAT00864,DC002,MED036,0.0,2025-10-08,2026-12-10,2025-10-08,428,active
BAT00865,DC003,MED036,0.0,2025-11-11,2027-01-13,2025-11-11,428,active
BAT00866,DC003,MED036,0.0,2026-01-11,2027-03-15,2026-01-11,428,active
BAT00867,DC003,MED036,0.0,2025-12-08,2027-02-09,2025-12-08,428,active
BAT00868,DC003,MED036,0.0,2026-01-04,2027-03-08,2026-01-04,428,active
BAT00869,DC004,MED036,0.0,2025-10-13,2026-12-15,2025-10-13,428,active
BAT00870,DC004,MED036,0.0,2025-12-06,2027-02-07,2025-12-06,428,active
BAT00871,DC005,MED036,0.0,2025-12-19,2027-02-20,2025-12-19,428,active
BAT00872,DC005,MED036,0.0,2025-12-01,2027-02-02,2025-12-01,428,active
BAT00873,DC005,MED036,0.0,2025-11-19,2027-01-21,2025-11-19,428,active
BAT00874,DC006,MED036,0.0,2025-12-05,2027-02-06,2025-12-05,428,active
BAT00875,DC006,MED036,0.0,2026-01-09,2027-03-13,2026-01-09,428,active
BAT00876,DC006,MED036,0.0,2025-12-31,2027-03-04,2025-12-31,428,active
BAT00877,DC006,MED036,0.0,2025-12-02,2027-02-03,2025-12-02,428,active
BAT00878,DC007,MED036,0.0,2025-10-04,2026-12-06,2025-10-04,428,active
BAT00879,DC007,MED036,0.0,2025-10-12,2026-12-14,2025-10-12,428,active
BAT00880,DC007,MED036,0.0,2025-12-23,2027-02-24,2025-12-23,428,active
BAT00881,DC007,MED036,0.0,2025-12-03,2027-02-04,2025-12-03,428,active
BAT00882,DC008,MED036,0.0,2025-11-16,2027-01-18,2025-11-16,428,active
BAT00883,DC008,MED036,0.0,2025-11-24,2027-01-26,2025-11-24,428,active
BAT00884,DC008,MED036,0.0,2025-12-22,2027-02-23,2025-12-22,428,active
BAT00885,DC008,MED036,0.0,2025-11-20,2027-01-22,2025-11-20,428,active
BAT00886,DC001,MED037,0.0,2025-10-28,2026-04-27,2025-10-28,181,near_expiry
BAT00887,DC001,MED037,0.0,2025-11-18,2026-05-18,2025-11-18,181,near_expiry
BAT00888,DC001,MED037,0.0,2025-11-26,2026-05-26,2025-11-26,181,near_expiry
BAT00889,DC002,MED037,0.0,2025-12-19,2026-06-18,2025-12-19,181,near_expiry
BAT00890,DC002,MED037,0.0,2025-10-16,2026-04-15,2025-10-16,181,near_expiry
BAT00891,DC003,MED037,0.0,2025-10-04,2026-04-03,2025-10-04,181,near_expiry
BAT00892,DC003,MED037,0.0,2025-12-22,2026-06-21,2025-12-22,181,near_expiry
BAT00893,DC004,MED037,0.0,2025-11-17,2026-05-17,2025-11-17,181,near_expiry
BAT00894,DC004,MED037,0.0,2025-10-21,2026-04-20,2025-10-21,181,near_expiry
BAT00895,DC004,MED037,0.0,2025-11-08,2026-05-08,2025-11-08,181,near_expiry
BAT00896,DC005,MED037,0.0,2025-11-26,2026-05-26,2025-11-26,181,near_expiry
BAT00897,DC005,MED037,0.0,2025-10-31,2026-04-30,2025-10-31,181,near_expiry
BAT00898,DC005,MED037,0.0,2025-11-30,2026-05-30,2025-11-30,181,near_expiry
BAT00899,DC005,MED037,0.0,2025-10-27,2026-04-26,2025-10-27,181,near_expiry
BAT00900,DC006,MED037,0.0,2025-10-16,2026-04-15,2025-10-16,181,near_expiry
BAT00901,DC006,MED037,0.0,2025-09-19,2026-03-19,2025-09-19,181,near_expiry
BAT00902,DC007,MED037,0.0,2025-10-20,2026-04-19,2025-10-20,181,near_expiry
BAT00903,DC007,MED037,0.0,2025-12-30,2026-06-29,2025-12-30,181,near_expiry
BAT00904,DC007,MED037,0.0,2025-12-31,2026-06-30,2025-12-31,181,near_expiry
BAT00905,DC007,MED037,0.0,2025-10-18,2026-04-17,2025-10-18,181,near_expiry
BAT00906,DC008,MED037,0.0,2025-11-22,2026-05-22,2025-11-22,181,near_expiry
BAT00907,DC008,MED037,0.0,2025-11-02,2026-05-02,2025-11-02,181,near_expiry
BAT00908,DC001,MED038,0.0,2025-11-13,2027-05-03,2025-11-13,536,active
BAT00909,DC001,MED038,0.0,2025-10-18,2027-04-07,2025-10-18,536,active
BAT00910,DC001,MED038,0.0,2025-09-17,2027-03-07,2025-09-17,536,active
BAT00911,DC002,MED038,0.0,2025-11-13,2027-05-03,2025-11-13,536,active
BAT00912,DC002,MED038,0.0,2025-12-22,2027-06-11,2025-12-22,536,active
BAT00913,DC003,MED038,0.0,2025-10-27,2027-04-16,2025-10-27,536,active
BAT00914,DC003,MED038,0.0,2025-11-30,2027-05-20,2025-11-30,536,active
BAT00915,DC003,MED038,0.0,2025-11-13,2027-05-03,2025-11-13,536,active
BAT00916,DC004,MED038,0.0,2025-11-26,2027-05-16,2025-11-26,536,active
BAT00917,DC004,MED038,0.0,2025-11-11,2027-05-01,2025-11-11,536,active
BAT00918,DC005,MED038,0.0,2025-10-19,2027-04-08,2025-10-19,536,active
BAT00919,DC005,MED038,0.0,2025-10-16,2027-04-05,2025-10-16,536,active
BAT00920,DC005,MED038,0.0,2025-11-13,2027-05-03,2025-11-13,536,active
BAT00921,DC005,MED038,0.0,2025-11-03,2027-04-23,2025-11-03,536,active
BAT00922,DC006,MED038,0.0,2025-12-17,2027-06-06,2025-12-17,536,active
BAT00923,DC006,MED038,0.0,2025-12-10,2027-05-30,2025-12-10,536,active
BAT00924,DC007,MED038,0.0,2025-12-24,2027-06-13,2025-12-24,536,active
BAT00925,DC007,MED038,0.0,2025-11-03,2027-04-23,2025-11-03,536,active
BAT00926,DC008,MED038,0.0,2025-11-12,2027-05-02,2025-11-12,536,active
BAT00927,DC008,MED038,0.0,2025-12-31,2027-06-20,2025-12-31,536,active
BAT00928,DC008,MED038,0.0,2025-12-11,2027-05-31,2025-12-11,536,active
BAT00929,DC008,MED038,0.0,2025-10-01,2027-03-21,2025-10-01,536,active
BAT00930,DC001,MED039,0.0,2025-10-10,2027-01-10,2025-10-10,457,active
BAT00931,DC001,MED039,0.0,2025-10-14,2027-01-14,2025-10-14,457,active
BAT00932,DC001,MED039,0.0,2025-12-18,2027-03-20,2025-12-18,457,active
BAT00933,DC002,MED039,0.0,2025-09-30,2026-12-31,2025-09-30,457,active
BAT00934,DC002,MED039,0.0,2025-12-14,2027-03-16,2025-12-14,457,active
BAT00935,DC002,MED039,0.0,2026-01-10,2027-04-12,2026-01-10,457,active
BAT00936,DC003,MED039,0.0,2025-09-26,2026-12-27,2025-09-26,457,active
BAT00937,DC003,MED039,0.0,2025-11-19,2027-02-19,2025-11-19,457,active
BAT00938,DC003,MED039,0.0,2025-12-30,2027-04-01,2025-12-30,457,active
BAT00939,DC004,MED039,0.0,2025-10-12,2027-01-12,2025-10-12,457,active
BAT00940,DC004,MED039,0.0,2025-12-01,2027-03-03,2025-12-01,457,active
BAT00941,DC005,MED039,0.0,2025-11-21,2027-02-21,2025-11-21,457,active
BAT00942,DC005,MED039,0.0,2025-12-28,2027-03-30,2025-12-28,457,active
BAT00943,DC005,MED039,0.0,2025-10-02,2027-01-02,2025-10-02,457,active
BAT00944,DC005,MED039,0.0,2026-01-07,2027-04-09,2026-01-07,457,active
BAT00945,DC006,MED039,0.0,2025-12-10,2027-03-12,2025-12-10,457,active
BAT00946,DC006,MED039,0.0,2025-12-24,2027-03-26,2025-12-24,457,active
BAT00947,DC006,MED039,0.0,2025-10-16,2027-01-16,2025-10-16,457,active
BAT00948,DC006,MED039,0.0,2025-11-02,2027-02-02,2025-11-02,457,active
BAT00949,DC007,MED039,0.0,2025-11-10,2027-02-10,2025-11-10,457,active
BAT00950,DC007,MED039,0.0,2025-10-20,2027-01-20,2025-10-20,457,active
BAT00951,DC007,MED039,0.0,2025-12-28,2027-03-30,2025-12-28,457,active
BAT00952,DC008,MED039,0.0,2025-12-10,2027-03-12,2025-12-10,457,active
BAT00953,DC008,MED039,0.0,2025-12-29,2027-03-31,2025-12-29,457,active
BAT00954,DC008,MED039,0.0,2025-12-29,2027-03-31,2025-12-29,457,active
BAT00955,DC001,MED040,0.0,2025-12-04,2027-02-28,2025-12-04,451,active
BAT00956,DC001,MED040,0.0,2025-10-09,2027-01-03,2025-10-09,451,active
BAT00957,DC002,MED040,0.0,2025-12-27,2027-03-23,2025-12-27,451,active
BAT00958,DC002,MED040,0.0,2025-12-11,2027-03-07,2025-12-11,451,active
BAT00959,DC002,MED040,0.0,2025-11-27,2027-02-21,2025-11-27,451,active
BAT00960,DC002,MED040,0.0,2025-10-25,2027-01-19,2025-10-25,451,active
BAT00961,DC003,MED040,0.0,2025-10-11,2027-01-05,2025-10-11,451,active
BAT00962,DC003,MED040,0.0,2025-09-17,2026-12-12,2025-09-17,451,active
BAT00963,DC004,MED040,0.0,2025-11-13,2027-02-07,2025-11-13,451,active
BAT00964,DC004,MED040,0.0,2026-01-14,2027-04-10,2026-01-14,451,active
BAT00965,DC004,MED040,0.0,2025-09-28,2026-12-23,2025-09-28,451,active
BAT00966,DC005,MED040,0.0,2025-11-17,2027-02-11,2025-11-17,451,active
BAT00967,DC005,MED040,0.0,2025-10-17,2027-01-11,2025-10-17,451,active
BAT00968,DC005,MED040,0.0,2026-01-06,2027-04-02,2026-01-06,451,active
BAT00969,DC005,MED040,0.0,2025-11-25,2027-02-19,2025-11-25,451,active
BAT00970,DC006,MED040,0.0,2025-10-01,2026-12-26,2025-10-01,451,active
BAT00971,DC006,MED040,0.0,2025-12-11,2027-03-07,2025-12-11,451,active
BAT00972,DC007,MED040,0.0,2025-12-02,2027-02-26,2025-12-02,451,active
BAT00973,DC007,MED040,0.0,2025-12-29,2027-03-25,2025-12-29,451,active
BAT00974,DC007,MED040,0.0,2025-11-13,2027-02-07,2025-11-13,451,active
BAT00975,DC008,MED040,0.0,2025-10-09,2027-01-03,2025-10-09,451,active
BAT00976,DC008,MED040,0.0,2026-01-02,2027-03-29,2026-01-02,451,active
BAT00977,DC008,MED040,0.0,2025-09-29,2026-12-24,2025-09-29,451,active
BAT00978,DC002,MED008,0.0,2026-02-17,2027-01-11,2026-02-17,328,active
BAT00979,DC006,MED008,0.0,2026-02-21,2027-01-15,2026-02-21,328,active
BAT00980,DC007,MED008,0.0,2026-02-18,2027-01-12,2026-02-18,328,active
BAT00981,DC006,MED009,0.0,2026-02-21,2027-02-22,2026-02-21,366,active
BAT00982,DC006,MED015,0.0,2026-02-21,2027-03-27,2026-02-21,399,active
BAT00983,DC008,MED015,0.0,2026-02-19,2027-03-25,2026-02-19,399,active
BAT00984,DC002,MED021,0.0,2026-02-17,2027-07-09,2026-02-17,507,active
BAT00985,DC003,MED021,0.0,2026-02-17,2027-07-09,2026-02-17,507,active
BAT00986,DC006,MED021,0.0,2026-02-21,2027-07-13,2026-02-21,507,active
BAT00987,DC002,MED025,0.0,2026-02-17,2027-05-24,2026-02-17,461,active
BAT00988,DC005,MED026,0.0,2026-02-20,2027-05-22,2026-02-20,456,active
BAT00989,DC007,MED026,0.0,2026-02-18,2027-05-20,2026-02-18,456,active
BAT00990,DC006,MED037,0.0,2026-02-21,2026-08-21,2026-02-21,181,near_expiry
BAT00991,DC008,MED037,0.0,2026-02-19,2026-08-19,2026-02-19,181,near_expiry
BAT00992,DC004,MED038,0.0,2026-02-19,2027-08-09,2026-02-19,536,active
BAT00993,DC006,MED038,0.0,2026-02-21,2027-08-11,2026-02-21,536,active
BAT00994,DC002,MED038,0.0,2026-02-18,2027-08-08,2026-02-18,536,active
BAT00995,DC004,MED004,0.0,2026-02-21,2027-08-12,2026-02-21,537,active
BAT00996,DC007,MED004,0.0,2026-02-20,2027-08-11,2026-02-20,537,active
BAT00997,DC003,MED008,0.0,2026-02-19,2027-01-13,2026-02-19,328,active
BAT00998,DC005,MED023,0.0,2026-02-22,2027-01-25,2026-02-22,337,active
BAT00999,DC003,MED025,0.0,2026-02-19,2027-05-26,2026-02-19,461,active
BAT01000,DC008,MED027,0.0,2026-02-21,2027-05-11,2026-02-21,444,active
BAT01001,DC003,MED034,0.0,2026-02-19,2027-04-11,2026-02-19,416,active
BAT01002,DC002,MED037,0.0,2026-02-19,2026-08-19,2026-02-19,181,near_expiry
BAT01003,DC004,MED037,0.0,2026-02-21,2026-08-21,2026-02-21,181,near_expiry
BAT01004,DC007,MED038,0.0,2026-02-20,2027-08-10,2026-02-20,536,active
BAT01005,DC001,MED004,0.0,2026-02-21,2027-08-12,2026-02-21,537,active
BAT01006,DC003,MED009,0.0,2026-02-20,2027-02-21,2026-02-20,366,active
BAT01007,DC004,MED009,0.0,2026-02-22,2027-02-23,2026-02-22,366,active
BAT01008,DC002,MED010,0.0,2026-02-20,2027-08-03,2026-02-20,529,active
BAT01009,DC006,MED012,0.0,2026-02-24,2026-09-08,2026-02-24,196,near_expiry
BAT01010,DC006,MED023,0.0,2026-02-24,2027-01-27,2026-02-24,337,active
BAT01011,DC007,MED025,0.0,2026-02-21,2027-05-28,2026-02-21,461,active
BAT01012,DC006,MED026,0.0,2026-02-24,2027-05-26,2026-02-24,456,active
BAT01013,DC008,MED004,0.0,2026-02-23,2027-08-14,2026-02-23,537,active
BAT01014,DC001,MED009,0.0,2026-02-22,2027-02-23,2026-02-22,366,active
BAT01015,DC004,MED012,0.0,2026-02-23,2026-09-07,2026-02-23,196,near_expiry
BAT01016,DC001,MED015,0.0,2026-02-22,2027-03-28,2026-02-22,399,active
BAT01017,DC007,MED015,0.0,2026-02-22,2027-03-28,2026-02-22,399,active
BAT01018,DC004,MED025,0.0,2026-02-23,2027-05-30,2026-02-23,461,active
BAT01019,DC005,MED025,0.0,2026-02-24,2027-05-31,2026-02-24,461,active
BAT01020,DC005,MED027,0.0,2026-02-24,2027-05-14,2026-02-24,444,active
BAT01021,DC008,MED034,0.0,2026-02-23,2027-04-15,2026-02-23,416,active
BAT01022,DC003,MED037,0.0,2026-02-21,2026-08-21,2026-02-21,181,near_expiry
BAT01023,DC007,MED037,0.0,2026-02-22,2026-08-22,2026-02-22,181,near_expiry
BAT01024,DC005,MED004,0.0,2026-02-25,2027-08-16,2026-02-25,537,active
BAT01025,DC005,MED008,0.0,2026-02-25,2027-01-19,2026-02-25,328,active
BAT01026,DC008,MED008,0.0,2026-02-24,2027-01-18,2026-02-24,328,active
BAT01027,DC005,MED012,0.0,2026-02-25,2026-09-09,2026-02-25,196,near_expiry
BAT01028,DC002,MED015,0.0,2026-02-22,2027-03-28,2026-02-22,399,active
BAT01029,DC008,MED021,0.0,2026-02-24,2027-07-16,2026-02-24,507,active
BAT01030,DC001,MED037,0.0,2026-02-23,2026-08-23,2026-02-23,181,near_expiry
BAT01031,DC006,MED004,0.0,2026-02-27,2027-08-18,2026-02-27,537,active
BAT01032,DC004,MED008,0.0,2026-02-25,2027-01-19,2026-02-25,328,active
BAT01033,DC008,MED009,0.0,2026-02-25,2027-02-26,2026-02-25,366,active
BAT01034,DC005,MED011,0.0,2026-02-26,2027-01-10,2026-02-26,318,active
BAT01035,DC007,MED012,0.0,2026-02-24,2026-09-08,2026-02-24,196,near_expiry
BAT01036,DC004,MED016,0.0,2026-02-25,2026-10-09,2026-02-25,226,near_expiry
BAT01037,DC007,MED023,0.0,2026-02-24,2027-01-27,2026-02-24,337,active
BAT01038,DC002,MED026,0.0,2026-02-23,2027-05-25,2026-02-23,456,active
BAT01039,DC002,MED031,0.0,2026-02-23,2026-10-09,2026-02-23,228,near_expiry
BAT01040,DC002,MED034,0.0,2026-02-23,2027-04-15,2026-02-23,416,active
BAT01041,DC004,MED034,0.0,2026-02-25,2027-04-17,2026-02-25,416,active
BAT01042,DC005,MED037,0.0,2026-02-26,2026-08-26,2026-02-26,181,near_expiry
BAT01043,DC005,MED038,0.0,2026-02-26,2027-08-16,2026-02-26,536,active
BAT01044,DC007,MED005,0.0,2026-02-25,2026-10-15,2026-02-25,232,near_expiry
BAT01045,DC008,MED005,0.0,2026-02-26,2026-10-16,2026-02-26,232,near_expiry
BAT01046,DC002,MED009,0.0,2026-02-24,2027-02-25,2026-02-24,366,active
BAT01047,DC005,MED010,0.0,2026-02-27,2027-08-10,2026-02-27,529,active
BAT01048,DC001,MED011,0.0,2026-02-25,2027-01-09,2026-02-25,318,active
BAT01049,DC003,MED015,0.0,2026-02-24,2027-03-30,2026-02-24,399,active
BAT01050,DC001,MED018,0.0,2026-02-25,2027-06-03,2026-02-25,463,active
BAT01051,DC001,MED026,0.0,2026-02-25,2027-05-27,2026-02-25,456,active
BAT01052,DC001,MED027,0.0,2026-02-25,2027-05-15,2026-02-25,444,active
BAT01053,DC001,MED038,0.0,2026-02-25,2027-08-15,2026-02-25,536,active
BAT01054,DC003,MED038,0.0,2026-02-24,2027-08-14,2026-02-24,536,active
BAT01055,DC007,MED003,0.0,2026-02-26,2026-12-15,2026-02-26,292,active
BAT01056,DC002,MED008,0.0,2026-02-25,2027-01-19,2026-02-25,328,active
BAT01057,DC006,MED008,0.0,2026-03-01,2027-01-23,2026-03-01,328,active
BAT01058,DC006,MED009,0.0,2026-03-01,2027-03-02,2026-03-01,366,active
BAT01059,DC001,MED012,0.0,2026-02-26,2026-09-10,2026-02-26,196,near_expiry
BAT01060,DC002,MED021,0.0,2026-02-25,2027-07-17,2026-02-25,507,active
BAT01061,DC003,MED021,0.0,2026-02-25,2027-07-17,2026-02-25,507,active
BAT01062,DC004,MED021,0.0,2026-02-27,2027-07-19,2026-02-27,507,active
BAT01063,DC005,MED021,0.0,2026-02-28,2027-07-20,2026-02-28,507,active
BAT01064,DC006,MED021,0.0,2026-03-01,2027-07-21,2026-03-01,507,active
BAT01065,DC003,MED023,0.0,2026-02-25,2027-01-28,2026-02-25,337,active
BAT01066,DC006,MED025,0.0,2026-03-01,2027-06-05,2026-03-01,461,active
BAT01067,DC004,MED036,0.0,2026-02-27,2027-05-01,2026-02-27,428,active
BAT01068,DC006,MED038,0.0,2026-03-01,2027-08-19,2026-03-01,536,active
BAT01069,DC005,MED003,0.0,2026-03-01,2026-12-18,2026-03-01,292,active
BAT01070,DC005,MED009,0.0,2026-03-01,2027-03-02,2026-03-01,366,active
BAT01071,DC002,MED010,0.0,2026-02-26,2027-08-09,2026-02-26,529,active
BAT01072,DC004,MED015,0.0,2026-02-28,2027-04-03,2026-02-28,399,active
BAT01073,DC006,MED015,0.0,2026-03-02,2027-04-05,2026-03-02,399,active
BAT01074,DC005,MED019,0.0,2026-03-01,2027-07-22,2026-03-01,508,active
BAT01075,DC007,MED021,0.0,2026-02-27,2027-07-19,2026-02-27,507,active
BAT01076,DC005,MED023,0.0,2026-03-01,2027-02-01,2026-03-01,337,active
BAT01077,DC003,MED026,0.0,2026-02-26,2027-05-28,2026-02-26,456,active
BAT01078,DC007,MED026,0.0,2026-02-27,2027-05-29,2026-02-27,456,active
BAT01079,DC005,MED029,0.0,2026-03-01,2026-10-01,2026-03-01,214,near_expiry
BAT01080,DC002,MED038,0.0,2026-02-26,2027-08-16,2026-02-26,536,active
BAT01081,DC004,MED038,0.0,2026-02-28,2027-08-18,2026-02-28,536,active
BAT01082,DC005,MED005,0.0,2026-03-02,2026-10-20,2026-03-02,232,near_expiry
BAT01083,DC001,MED007,0.0,2026-02-28,2027-01-24,2026-02-28,330,active
BAT01084,DC003,MED008,0.0,2026-02-27,2027-01-21,2026-02-27,328,active
BAT01085,DC007,MED008,0.0,2026-02-28,2027-01-22,2026-02-28,328,active
BAT01086,DC001,MED010,0.0,2026-02-28,2027-08-11,2026-02-28,529,active
BAT01087,DC002,MED012,0.0,2026-02-27,2026-09-11,2026-02-27,196,near_expiry
BAT01088,DC008,MED015,0.0,2026-03-01,2027-04-04,2026-03-01,399,active
BAT01089,DC008,MED019,0.0,2026-03-01,2027-07-22,2026-03-01,508,active
BAT01090,DC001,MED021,0.0,2026-02-28,2027-07-20,2026-02-28,507,active
BAT01091,DC004,MED023,0.0,2026-03-01,2027-02-01,2026-03-01,337,active
BAT01092,DC002,MED025,0.0,2026-02-27,2027-06-03,2026-02-27,461,active
BAT01093,DC005,MED026,0.0,2026-03-02,2027-06-01,2026-03-02,456,active
BAT01094,DC003,MED034,0.0,2026-02-27,2027-04-19,2026-02-27,416,active
BAT01095,DC005,MED034,0.0,2026-03-02,2027-04-22,2026-03-02,416,active
BAT01096,DC006,MED037,0.0,2026-03-03,2026-08-31,2026-03-03,181,near_expiry
BAT01097,DC008,MED037,0.0,2026-03-01,2026-08-29,2026-03-01,181,near_expiry
BAT01098,DC008,MED038,0.0,2026-03-01,2027-08-19,2026-03-01,536,active
BAT01099,DC001,MED004,0.0,2026-03-01,2027-08-20,2026-03-01,537,active
BAT01100,DC002,MED004,0.0,2026-02-28,2027-08-19,2026-02-28,537,active
BAT01101,DC004,MED004,0.0,2026-03-02,2027-08-21,2026-03-02,537,active
BAT01102,DC007,MED004,0.0,2026-03-01,2027-08-20,2026-03-01,537,active
BAT01103,DC006,MED007,0.0,2026-03-04,2027-01-28,2026-03-04,330,active
BAT01104,DC007,MED007,0.0,2026-03-01,2027-01-25,2026-03-01,330,active
BAT01105,DC001,MED009,0.0,2026-03-01,2027-03-02,2026-03-01,366,active
BAT01106,DC003,MED009,0.0,2026-02-28,2027-03-01,2026-02-28,366,active
BAT01107,DC004,MED012,0.0,2026-03-02,2026-09-14,2026-03-02,196,near_expiry
BAT01108,DC006,MED012,0.0,2026-03-04,2026-09-16,2026-03-04,196,near_expiry
BAT01109,DC001,MED015,0.0,2026-03-01,2027-04-04,2026-03-01,399,active
BAT01110,DC005,MED015,0.0,2026-03-03,2027-04-06,2026-03-03,399,active
BAT01111,DC006,MED023,0.0,2026-03-04,2027-02-04,2026-03-04,337,active
BAT01112,DC003,MED025,0.0,2026-02-28,2027-06-04,2026-02-28,461,active
BAT01113,DC004,MED026,0.0,2026-03-02,2027-06-01,2026-03-02,456,active
BAT01114,DC006,MED026,0.0,2026-03-04,2027-06-03,2026-03-04,456,active
BAT01115,DC008,MED026,0.0,2026-03-02,2027-06-01,2026-03-02,456,active
BAT01116,DC003,MED027,0.0,2026-02-28,2027-05-18,2026-02-28,444,active
BAT01117,DC008,MED027,0.0,2026-03-02,2027-05-20,2026-03-02,444,active
BAT01118,DC002,MED030,0.0,2026-02-28,2026-12-14,2026-02-28,289,active
BAT01119,DC006,MED033,0.0,2026-03-04,2027-01-05,2026-03-04,307,active
BAT01120,DC002,MED037,0.0,2026-02-28,2026-08-28,2026-02-28,181,near_expiry
BAT01121,DC004,MED037,0.0,2026-03-02,2026-08-30,2026-03-02,181,near_expiry
BAT01122,DC007,MED038,0.0,2026-03-01,2027-08-19,2026-03-01,536,active
BAT01123,DC004,MED003,0.0,2026-03-03,2026-12-20,2026-03-03,292,active
BAT01124,DC003,MED004,0.0,2026-03-01,2027-08-20,2026-03-01,537,active
BAT01125,DC003,MED007,0.0,2026-03-01,2027-01-25,2026-03-01,330,active
BAT01126,DC007,MED009,0.0,2026-03-02,2027-03-03,2026-03-02,366,active
BAT01127,DC005,MED012,0.0,2026-03-04,2026-09-16,2026-03-04,196,near_expiry
BAT01128,DC007,MED012,0.0,2026-03-02,2026-09-14,2026-03-02,196,near_expiry
BAT01129,DC004,MED014,0.0,2026-03-03,2027-01-12,2026-03-03,315,active
BAT01130,DC007,MED015,0.0,2026-03-02,2027-04-05,2026-03-02,399,active
BAT01131,DC004,MED016,0.0,2026-03-03,2026-10-15,2026-03-03,226,near_expiry
BAT01132,DC001,MED019,0.0,2026-03-02,2027-07-23,2026-03-02,508,active
BAT01133,DC002,MED022,0.0,2026-03-01,2027-05-26,2026-03-01,451,active
BAT01134,DC007,MED025,0.0,2026-03-02,2027-06-06,2026-03-02,461,active
BAT01135,DC001,MED035,0.0,2026-03-02,2026-09-23,2026-03-02,205,near_expiry
BAT01136,DC001,MED037,0.0,2026-03-02,2026-08-30,2026-03-02,181,near_expiry
BAT01137,DC003,MED037,0.0,2026-03-01,2026-08-29,2026-03-01,181,near_expiry
BAT01138,DC008,MED004,0.0,2026-03-04,2027-08-23,2026-03-04,537,active
BAT01139,DC001,MED008,0.0,2026-03-03,2027-01-25,2026-03-03,328,active
BAT01140,DC004,MED009,0.0,2026-03-04,2027-03-05,2026-03-04,366,active
BAT01141,DC004,MED010,0.0,2026-03-04,2027-08-15,2026-03-04,529,active
BAT01142,DC008,MED012,0.0,2026-03-04,2026-09-16,2026-03-04,196,near_expiry
BAT01143,DC002,MED015,0.0,2026-03-02,2027-04-05,2026-03-02,399,active
BAT01144,DC008,MED021,0.0,2026-03-04,2027-07-24,2026-03-04,507,active
BAT01145,DC007,MED023,0.0,2026-03-03,2027-02-03,2026-03-03,337,active
BAT01146,DC004,MED025,0.0,2026-03-04,2027-06-08,2026-03-04,461,active
BAT01147,DC005,MED025,0.0,2026-03-05,2027-06-09,2026-03-05,461,active
BAT01148,DC005,MED027,0.0,2026-03-05,2027-05-23,2026-03-05,444,active
BAT01149,DC006,MED027,0.0,2026-03-06,2027-05-24,2026-03-06,444,active
BAT01150,DC002,MED028,0.0,2026-03-02,2027-06-08,2026-03-02,463,active
BAT01151,DC008,MED028,0.0,2026-03-04,2027-06-10,2026-03-04,463,active
BAT01152,DC006,MED031,0.0,2026-03-06,2026-10-20,2026-03-06,228,near_expiry
BAT01153,DC008,MED034,0.0,2026-03-04,2027-04-24,2026-03-04,416,active
BAT01154,DC004,MED035,0.0,2026-03-04,2026-09-25,2026-03-04,205,near_expiry
BAT01155,DC005,MED036,0.0,2026-03-05,2027-05-07,2026-03-05,428,active
BAT01156,DC007,MED037,0.0,2026-03-03,2026-08-31,2026-03-03,181,near_expiry
BAT01157,DC005,MED004,0.0,2026-03-06,2027-08-25,2026-03-06,537,active
BAT01158,DC001,MED005,0.0,2026-03-04,2026-10-22,2026-03-04,232,near_expiry
BAT01159,DC007,MED005,0.0,2026-03-04,2026-10-22,2026-03-04,232,near_expiry
BAT01160,DC008,MED005,0.0,2026-03-05,2026-10-23,2026-03-05,232,near_expiry
BAT01161,DC004,MED007,0.0,2026-03-05,2027-01-29,2026-03-05,330,active
BAT01162,DC005,MED008,0.0,2026-03-06,2027-01-28,2026-03-06,328,active
BAT01163,DC008,MED008,0.0,2026-03-05,2027-01-27,2026-03-05,328,active
BAT01164,DC002,MED009,0.0,2026-03-03,2027-03-04,2026-03-03,366,active
BAT01165,DC003,MED010,0.0,2026-03-03,2027-08-14,2026-03-03,529,active
BAT01166,DC005,MED010,0.0,2026-03-06,2027-08-17,2026-03-06,529,active
BAT01167,DC002,MED023,0.0,2026-03-03,2027-02-03,2026-03-03,337,active
BAT01168,DC003,MED023,0.0,2026-03-03,2027-02-03,2026-03-03,337,active
BAT01169,DC001,MED025,0.0,2026-03-04,2027-06-08,2026-03-04,461,active
BAT01170,DC008,MED025,0.0,2026-03-05,2027-06-09,2026-03-05,461,active
BAT01171,DC002,MED026,0.0,2026-03-03,2027-06-02,2026-03-03,456,active
BAT01172,DC002,MED031,0.0,2026-03-03,2026-10-17,2026-03-03,228,near_expiry
BAT01173,DC001,MED034,0.0,2026-03-04,2027-04-24,2026-03-04,416,active
BAT01174,DC002,MED034,0.0,2026-03-03,2027-04-23,2026-03-03,416,active
BAT01175,DC006,MED034,0.0,2026-03-07,2027-04-27,2026-03-07,416,active
BAT01176,DC007,MED034,0.0,2026-03-04,2027-04-24,2026-03-04,416,active
BAT01177,DC007,MED035,0.0,2026-03-04,2026-09-25,2026-03-04,205,near_expiry
BAT01178,DC005,MED038,0.0,2026-03-06,2027-08-24,2026-03-06,536,active
BAT01179,DC005,MED006,0.0,2026-03-07,2026-09-25,2026-03-07,202,near_expiry
BAT01180,DC004,MED008,0.0,2026-03-06,2027-01-28,2026-03-06,328,active
BAT01181,DC008,MED009,0.0,2026-03-06,2027-03-07,2026-03-06,366,active
BAT01182,DC002,MED010,0.0,2026-03-04,2027-08-15,2026-03-04,529,active
BAT01183,DC001,MED012,0.0,2026-03-05,2026-09-17,2026-03-05,196,near_expiry
BAT01184,DC003,MED012,0.0,2026-03-04,2026-09-16,2026-03-04,196,near_expiry
BAT01185,DC003,MED015,0.0,2026-03-04,2027-04-07,2026-03-04,399,active
BAT01186,DC001,MED026,0.0,2026-03-05,2027-06-04,2026-03-05,456,active
BAT01187,DC001,MED029,0.0,2026-03-05,2026-10-05,2026-03-05,214,near_expiry
BAT01188,DC004,MED034,0.0,2026-03-06,2027-04-26,2026-03-06,416,active
BAT01189,DC005,MED037,0.0,2026-03-07,2026-09-04,2026-03-07,181,near_expiry
BAT01190,DC003,MED040,0.0,2026-03-04,2027-05-29,2026-03-04,451,active
BAT01191,DC006,MED004,0.0,2026-03-09,2027-08-28,2026-03-09,537,active
BAT01192,DC006,MED005,0.0,2026-03-09,2026-10-27,2026-03-09,232,near_expiry
BAT01193,DC006,MED008,0.0,2026-03-09,2027-01-31,2026-03-09,328,active
BAT01194,DC006,MED021,0.0,2026-03-09,2027-07-29,2026-03-09,507,active
BAT01195,DC005,MED023,0.0,2026-03-08,2027-02-08,2026-03-08,337,active
BAT01196,DC006,MED038,0.0,2026-03-09,2027-08-27,2026-03-09,536,active
BAT01197,DC001,MED040,0.0,2026-03-06,2027-05-31,2026-03-06,451,active
BAT01198,DC007,MED003,0.0,2026-03-07,2026-12-24,2026-03-07,292,active
BAT01199,DC005,MED005,0.0,2026-03-09,2026-10-27,2026-03-09,232,near_expiry
BAT01200,DC002,MED008,0.0,2026-03-06,2027-01-28,2026-03-06,328,active
BAT01201,DC006,MED009,0.0,2026-03-10,2027-03-11,2026-03-10,366,active
BAT01202,DC001,MED010,0.0,2026-03-07,2027-08-18,2026-03-07,529,active
BAT01203,DC005,MED011,0.0,2026-03-09,2027-01-21,2026-03-09,318,active
BAT01204,DC007,MED011,0.0,2026-03-07,2027-01-19,2026-03-07,318,active
BAT01205,DC002,MED012,0.0,2026-03-06,2026-09-18,2026-03-06,196,near_expiry
BAT01206,DC005,MED016,0.0,2026-03-09,2026-10-21,2026-03-09,226,near_expiry
BAT01207,DC001,MED018,0.0,2026-03-07,2027-06-13,2026-03-07,463,active
BAT01208,DC004,MED021,0.0,2026-03-08,2027-07-28,2026-03-08,507,active
BAT01209,DC005,MED021,0.0,2026-03-09,2027-07-29,2026-03-09,507,active
BAT01210,DC006,MED025,0.0,2026-03-10,2027-06-14,2026-03-10,461,active
BAT01211,DC001,MED027,0.0,2026-03-07,2027-05-25,2026-03-07,444,active
BAT01212,DC004,MED027,0.0,2026-03-08,2027-05-26,2026-03-08,444,active
BAT01213,DC002,MED030,0.0,2026-03-06,2026-12-20,2026-03-06,289,active
BAT01214,DC004,MED032,0.0,2026-03-08,2026-10-01,2026-03-08,207,near_expiry
BAT01215,DC004,MED033,0.0,2026-03-08,2027-01-09,2026-03-08,307,active
BAT01216,DC003,MED034,0.0,2026-03-06,2027-04-26,2026-03-06,416,active
BAT01217,DC001,MED038,0.0,2026-03-07,2027-08-25,2026-03-07,536,active
BAT01218,DC003,MED038,0.0,2026-03-06,2027-08-24,2026-03-06,536,active
BAT01219,DC001,MED003,0.0,2026-03-08,2026-12-25,2026-03-08,292,active
BAT01220,DC005,MED003,0.0,2026-03-10,2026-12-27,2026-03-10,292,active
BAT01221,DC003,MED008,0.0,2026-03-07,2027-01-29,2026-03-07,328,active
BAT01222,DC003,MED009,0.0,2026-03-07,2027-03-08,2026-03-07,366,active
BAT01223,DC005,MED009,0.0,2026-03-10,2027-03-11,2026-03-10,366,active
BAT01224,DC001,MED011,0.0,2026-03-08,2027-01-20,2026-03-08,318,active
BAT01225,DC002,MED011,0.0,2026-03-07,2027-01-19,2026-03-07,318,active
BAT01226,DC004,MED015,0.0,2026-03-09,2027-04-12,2026-03-09,399,active
BAT01227,DC006,MED015,0.0,2026-03-11,2027-04-14,2026-03-11,399,active
BAT01228,DC008,MED015,0.0,2026-03-09,2027-04-12,2026-03-09,399,active
BAT01229,DC002,MED019,0.0,2026-03-07,2027-07-28,2026-03-07,508,active
BAT01230,DC005,MED019,0.0,2026-03-10,2027-07-31,2026-03-10,508,active
BAT01231,DC002,MED021,0.0,2026-03-07,2027-07-27,2026-03-07,507,active
BAT01232,DC003,MED021,0.0,2026-03-07,2027-07-27,2026-03-07,507,active
BAT01233,DC004,MED023,0.0,2026-03-09,2027-02-09,2026-03-09,337,active
BAT01234,DC005,MED026,0.0,2026-03-10,2027-06-09,2026-03-10,456,active
BAT01235,DC007,MED026,0.0,2026-03-08,2027-06-07,2026-03-08,456,active
BAT01236,DC005,MED029,0.0,2026-03-10,2026-10-10,2026-03-10,214,near_expiry
BAT01237,DC003,MED030,0.0,2026-03-07,2026-12-21,2026-03-07,289,active
BAT01238,DC006,MED036,0.0,2026-03-11,2027-05-13,2026-03-11,428,active
BAT01239,DC007,MED036,0.0,2026-03-08,2027-05-10,2026-03-08,428,active
BAT01240,DC002,MED037,0.0,2026-03-07,2026-09-04,2026-03-07,181,near_expiry
BAT01241,DC006,MED037,0.0,2026-03-11,2026-09-08,2026-03-11,181,near_expiry
BAT01242,DC002,MED038,0.0,2026-03-07,2027-08-25,2026-03-07,536,active
BAT01243,DC004,MED004,0.0,2026-03-10,2027-08-29,2026-03-10,537,active
BAT01244,DC001,MED007,0.0,2026-03-09,2027-02-02,2026-03-09,330,active
BAT01245,DC007,MED008,0.0,2026-03-09,2027-01-31,2026-03-09,328,active
BAT01246,DC001,MED009,0.0,2026-03-09,2027-03-10,2026-03-09,366,active
BAT01247,DC004,MED012,0.0,2026-03-10,2026-09-22,2026-03-10,196,near_expiry
BAT01248,DC005,MED012,0.0,2026-03-11,2026-09-23,2026-03-11,196,near_expiry
BAT01249,DC006,MED012,0.0,2026-03-12,2026-09-24,2026-03-12,196,near_expiry
BAT01250,DC001,MED015,0.0,2026-03-09,2027-04-12,2026-03-09,399,active
BAT01251,DC004,MED016,0.0,2026-03-10,2026-10-22,2026-03-10,226,near_expiry
BAT01252,DC001,MED021,0.0,2026-03-09,2027-07-29,2026-03-09,507,active
BAT01253,DC007,MED021,0.0,2026-03-09,2027-07-29,2026-03-09,507,active
BAT01254,DC006,MED023,0.0,2026-03-12,2027-02-12,2026-03-12,337,active
BAT01255,DC008,MED024,0.0,2026-03-10,2027-05-12,2026-03-10,428,active
BAT01256,DC003,MED026,0.0,2026-03-08,2027-06-07,2026-03-08,456,active
BAT01257,DC008,MED026,0.0,2026-03-10,2027-06-09,2026-03-10,456,active
BAT01258,DC005,MED035,0.0,2026-03-11,2026-10-02,2026-03-11,205,near_expiry
BAT01259,DC004,MED036,0.0,2026-03-10,2027-05-12,2026-03-10,428,active
BAT01260,DC008,MED037,0.0,2026-03-10,2026-09-07,2026-03-10,181,near_expiry
BAT01261,DC004,MED038,0.0,2026-03-10,2027-08-28,2026-03-10,536,active
BAT01262,DC008,MED038,0.0,2026-03-10,2027-08-28,2026-03-10,536,active
BAT01263,DC001,MED004,0.0,2026-03-10,2027-08-29,2026-03-10,537,active
BAT01264,DC002,MED004,0.0,2026-03-09,2027-08-28,2026-03-09,537,active
BAT01265,DC003,MED004,0.0,2026-03-09,2027-08-28,2026-03-09,537,active
BAT01266,DC007,MED004,0.0,2026-03-10,2027-08-29,2026-03-10,537,active
BAT01267,DC003,MED005,0.0,2026-03-09,2026-10-27,2026-03-09,232,near_expiry
BAT01268,DC007,MED009,0.0,2026-03-10,2027-03-11,2026-03-10,366,active
BAT01269,DC003,MED014,0.0,2026-03-09,2027-01-18,2026-03-09,315,active
BAT01270,DC008,MED014,0.0,2026-03-11,2027-01-20,2026-03-11,315,active
BAT01271,DC005,MED015,0.0,2026-03-12,2027-04-15,2026-03-12,399,active
BAT01272,DC008,MED019,0.0,2026-03-11,2027-08-01,2026-03-11,508,active
BAT01273,DC002,MED025,0.0,2026-03-09,2027-06-13,2026-03-09,461,active
BAT01274,DC003,MED025,0.0,2026-03-09,2027-06-13,2026-03-09,461,active
BAT01275,DC004,MED026,0.0,2026-03-11,2027-06-10,2026-03-11,456,active
BAT01276,DC006,MED026,0.0,2026-03-13,2027-06-12,2026-03-13,456,active
BAT01277,DC003,MED027,0.0,2026-03-09,2027-05-27,2026-03-09,444,active
BAT01278,DC008,MED027,0.0,2026-03-11,2027-05-29,2026-03-11,444,active
BAT01279,DC003,MED029,0.0,2026-03-09,2026-10-09,2026-03-09,214,near_expiry
BAT01280,DC006,MED029,0.0,2026-03-13,2026-10-13,2026-03-13,214,near_expiry
BAT01281,DC002,MED032,0.0,2026-03-09,2026-10-02,2026-03-09,207,near_expiry
BAT01282,DC006,MED033,0.0,2026-03-13,2027-01-14,2026-03-13,307,active
BAT01283,DC005,MED034,0.0,2026-03-12,2027-05-02,2026-03-12,416,active
BAT01284,DC001,MED036,0.0,2026-03-10,2027-05-12,2026-03-10,428,active
BAT01285,DC003,MED037,0.0,2026-03-09,2026-09-06,2026-03-09,181,near_expiry
BAT01286,DC004,MED037,0.0,2026-03-11,2026-09-08,2026-03-11,181,near_expiry
BAT01287,DC007,MED038,0.0,2026-03-10,2027-08-28,2026-03-10,536,active
BAT01288,DC006,MED040,0.0,2026-03-13,2027-06-07,2026-03-13,451,active
BAT01289,DC007,MED005,0.0,2026-03-11,2026-10-29,2026-03-11,232,near_expiry
BAT01290,DC003,MED007,0.0,2026-03-10,2027-02-03,2026-03-10,330,active
BAT01291,DC005,MED007,0.0,2026-03-13,2027-02-06,2026-03-13,330,active
BAT01292,DC006,MED007,0.0,2026-03-14,2027-02-07,2026-03-14,330,active
BAT01293,DC007,MED007,0.0,2026-03-11,2027-02-04,2026-03-11,330,active
BAT01294,DC001,MED008,0.0,2026-03-11,2027-02-02,2026-03-11,328,active
BAT01295,DC005,MED010,0.0,2026-03-13,2027-08-24,2026-03-13,529,active
BAT01296,DC008,MED012,0.0,2026-03-12,2026-09-24,2026-03-12,196,near_expiry
BAT01297,DC008,MED013,0.0,2026-03-12,2027-02-16,2026-03-12,341,active
BAT01298,DC004,MED014,0.0,2026-03-12,2027-01-21,2026-03-12,315,active
BAT01299,DC002,MED015,0.0,2026-03-10,2027-04-13,2026-03-10,399,active
BAT01300,DC007,MED015,0.0,2026-03-11,2027-04-14,2026-03-11,399,active
BAT01301,DC001,MED019,0.0,2026-03-11,2027-08-01,2026-03-11,508,active
BAT01302,DC008,MED021,0.0,2026-03-12,2027-08-01,2026-03-12,507,active
BAT01303,DC002,MED022,0.0,2026-03-10,2027-06-04,2026-03-10,451,active
BAT01304,DC007,MED023,0.0,2026-03-11,2027-02-11,2026-03-11,337,active
BAT01305,DC005,MED025,0.0,2026-03-13,2027-06-17,2026-03-13,461,active
BAT01306,DC007,MED025,0.0,2026-03-11,2027-06-15,2026-03-11,461,active
BAT01307,DC005,MED027,0.0,2026-03-13,2027-05-31,2026-03-13,444,active
BAT01308,DC006,MED027,0.0,2026-03-14,2027-06-01,2026-03-14,444,active
BAT01309,DC001,MED031,0.0,2026-03-11,2026-10-25,2026-03-11,228,near_expiry
BAT01310,DC008,MED035,0.0,2026-03-12,2026-10-03,2026-03-12,205,near_expiry
BAT01311,DC003,MED036,0.0,2026-03-10,2027-05-12,2026-03-10,428,active
BAT01312,DC001,MED037,0.0,2026-03-11,2026-09-08,2026-03-11,181,near_expiry
BAT01313,DC004,MED002,0.0,2026-03-13,2027-07-14,2026-03-13,488,active
BAT01314,DC004,MED003,0.0,2026-03-13,2026-12-30,2026-03-13,292,active
BAT01315,DC008,MED003,0.0,2026-03-13,2026-12-30,2026-03-13,292,active
BAT01316,DC004,MED007,0.0,2026-03-13,2027-02-06,2026-03-13,330,active
BAT01317,DC008,MED007,0.0,2026-03-13,2027-02-06,2026-03-13,330,active
BAT01318,DC004,MED009,0.0,2026-03-13,2027-03-14,2026-03-13,366,active
BAT01319,DC008,MED022,0.0,2026-03-13,2027-06-07,2026-03-13,451,active
BAT01320,DC004,MED025,0.0,2026-03-13,2027-06-17,2026-03-13,461,active
BAT01321,DC001,MED034,0.0,2026-03-12,2027-05-02,2026-03-12,416,active
BAT01322,DC008,MED034,0.0,2026-03-13,2027-05-03,2026-03-13,416,active
BAT01323,DC001,MED035,0.0,2026-03-12,2026-10-03,2026-03-12,205,near_expiry
BAT01324,DC008,MED036,0.0,2026-03-13,2027-05-15,2026-03-13,428,active
BAT01325,DC007,MED037,0.0,2026-03-12,2026-09-09,2026-03-12,181,near_expiry
BAT01326,DC005,MED038,0.0,2026-03-14,2027-09-01,2026-03-14,536,active
BAT01327,DC006,MED003,0.0,2026-03-16,2027-01-02,2026-03-16,292,active
BAT01328,DC005,MED004,0.0,2026-03-15,2027-09-03,2026-03-15,537,active
BAT01329,DC008,MED004,0.0,2026-03-14,2027-09-02,2026-03-14,537,active
BAT01330,DC008,MED005,0.0,2026-03-14,2026-11-01,2026-03-14,232,near_expiry
BAT01331,DC005,MED008,0.0,2026-03-15,2027-02-06,2026-03-15,328,active
BAT01332,DC008,MED008,0.0,2026-03-14,2027-02-05,2026-03-14,328,active
BAT01333,DC002,MED009,0.0,2026-03-12,2027-03-13,2026-03-12,366,active
BAT01334,DC008,MED010,0.0,2026-03-14,2027-08-25,2026-03-14,529,active
BAT01335,DC005,MED023,0.0,2026-03-15,2027-02-15,2026-03-15,337,active
BAT01336,DC008,MED025,0.0,2026-03-14,2027-06-18,2026-03-14,461,active
BAT01337,DC002,MED028,0.0,2026-03-12,2027-06-18,2026-03-12,463,active
BAT01338,DC002,MED029,0.0,2026-03-12,2026-10-12,2026-03-12,214,near_expiry
BAT01339,DC002,MED031,0.0,2026-03-12,2026-10-26,2026-03-12,228,near_expiry
BAT01340,DC006,MED031,0.0,2026-03-16,2026-10-30,2026-03-16,228,near_expiry
BAT01341,DC002,MED034,0.0,2026-03-12,2027-05-02,2026-03-12,416,active
BAT01342,DC007,MED034,0.0,2026-03-13,2027-05-03,2026-03-13,416,active
BAT01343,DC005,MED005,0.0,2026-03-16,2026-11-03,2026-03-16,232,near_expiry
BAT01344,DC006,MED005,0.0,2026-03-17,2026-11-04,2026-03-17,232,near_expiry
BAT01345,DC005,MED006,0.0,2026-03-16,2026-10-04,2026-03-16,202,near_expiry
BAT01346,DC002,MED008,0.0,2026-03-13,2027-02-04,2026-03-13,328,active
BAT01347,DC004,MED008,0.0,2026-03-15,2027-02-06,2026-03-15,328,active
BAT01348,DC006,MED008,0.0,2026-03-17,2027-02-08,2026-03-17,328,active
BAT01349,DC008,MED009,0.0,2026-03-15,2027-03-16,2026-03-15,366,active
BAT01350,DC004,MED010,0.0,2026-03-15,2027-08-26,2026-03-15,529,active
BAT01351,DC006,MED010,0.0,2026-03-17,2027-08-28,2026-03-17,529,active
BAT01352,DC003,MED012,0.0,2026-03-13,2026-09-25,2026-03-13,196,near_expiry
BAT01353,DC007,MED012,0.0,2026-03-14,2026-09-26,2026-03-14,196,near_expiry
BAT01354,DC005,MED014,0.0,2026-03-16,2027-01-25,2026-03-16,315,active
BAT01355,DC007,MED014,0.0,2026-03-14,2027-01-23,2026-03-14,315,active
BAT01356,DC003,MED015,0.0,2026-03-13,2027-04-16,2026-03-13,399,active
BAT01357,DC007,MED020,0.0,2026-03-14,2027-01-22,2026-03-14,314,active
BAT01358,DC001,MED025,0.0,2026-03-14,2027-06-18,2026-03-14,461,active
BAT01359,DC002,MED026,0.0,2026-03-13,2027-06-12,2026-03-13,456,active
BAT01360,DC008,MED028,0.0,2026-03-15,2027-06-21,2026-03-15,463,active
BAT01361,DC001,MED029,0.0,2026-03-14,2026-10-14,2026-03-14,214,near_expiry
BAT01362,DC004,MED034,0.0,2026-03-15,2027-05-05,2026-03-15,416,active
BAT01363,DC006,MED034,0.0,2026-03-17,2027-05-07,2026-03-17,416,active
BAT01364,DC004,MED035,0.0,2026-03-15,2026-10-06,2026-03-15,205,near_expiry
BAT01365,DC005,MED036,0.0,2026-03-16,2027-05-18,2026-03-16,428,active
BAT01366,DC005,MED037,0.0,2026-03-16,2026-09-13,2026-03-16,181,near_expiry
BAT01367,DC006,MED038,0.0,2026-03-17,2027-09-04,2026-03-17,536,active
BAT01368,DC001,MED040,0.0,2026-03-14,2027-06-08,2026-03-14,451,active
BAT01369,DC001,MED002,0.0,2026-03-15,2027-07-16,2026-03-15,488,active
BAT01370,DC006,MED004,0.0,2026-03-18,2027-09-06,2026-03-18,537,active
BAT01371,DC001,MED005,0.0,2026-03-15,2026-11-02,2026-03-15,232,near_expiry
BAT01372,DC002,MED005,0.0,2026-03-14,2026-11-01,2026-03-14,232,near_expiry
BAT01373,DC008,MED006,0.0,2026-03-16,2026-10-04,2026-03-16,202,near_expiry
BAT01374,DC002,MED007,0.0,2026-03-14,2027-02-07,2026-03-14,330,active
BAT01375,DC006,MED009,0.0,2026-03-18,2027-03-19,2026-03-18,366,active
BAT01376,DC001,MED012,0.0,2026-03-15,2026-09-27,2026-03-15,196,near_expiry
BAT01377,DC005,MED016,0.0,2026-03-17,2026-10-29,2026-03-17,226,near_expiry
BAT01378,DC001,MED020,0.0,2026-03-15,2027-01-23,2026-03-15,314,active
BAT01379,DC004,MED021,0.0,2026-03-16,2027-08-05,2026-03-16,507,active
BAT01380,DC006,MED021,0.0,2026-03-18,2027-08-07,2026-03-18,507,active
BAT01381,DC001,MED023,0.0,2026-03-15,2027-02-15,2026-03-15,337,active
BAT01382,DC003,MED023,0.0,2026-03-14,2027-02-14,2026-03-14,337,active
BAT01383,DC006,MED025,0.0,2026-03-18,2027-06-22,2026-03-18,461,active
BAT01384,DC001,MED026,0.0,2026-03-15,2027-06-14,2026-03-15,456,active
BAT01385,DC004,MED027,0.0,2026-03-16,2027-06-03,2026-03-16,444,active
BAT01386,DC003,MED034,0.0,2026-03-14,2027-05-04,2026-03-14,416,active
BAT01387,DC002,MED036,0.0,2026-03-14,2027-05-16,2026-03-14,428,active
BAT01388,DC001,MED038,0.0,2026-03-15,2027-09-02,2026-03-15,536,active
BAT01389,DC003,MED038,0.0,2026-03-14,2027-09-01,2026-03-14,536,active
BAT01390,DC003,MED040,0.0,2026-03-14,2027-06-08,2026-03-14,451,active
BAT01391,DC003,MED003,0.0,2026-03-15,2027-01-01,2026-03-15,292,active
BAT01392,DC007,MED003,0.0,2026-03-16,2027-01-02,2026-03-16,292,active
BAT01393,DC003,MED008,0.0,2026-03-15,2027-02-06,2026-03-15,328,active
BAT01394,DC003,MED009,0.0,2026-03-15,2027-03-16,2026-03-15,366,active
BAT01395,DC001,MED010,0.0,2026-03-16,2027-08-27,2026-03-16,529,active
BAT01396,DC003,MED010,0.0,2026-03-15,2027-08-26,2026-03-15,529,active
BAT01397,DC005,MED011,0.0,2026-03-18,2027-01-30,2026-03-18,318,active
BAT01398,DC007,MED011,0.0,2026-03-16,2027-01-28,2026-03-16,318,active
BAT01399,DC002,MED012,0.0,2026-03-15,2026-09-27,2026-03-15,196,near_expiry
BAT01400,DC003,MED016,0.0,2026-03-15,2026-10-27,2026-03-15,226,near_expiry
BAT01401,DC001,MED018,0.0,2026-03-16,2027-06-22,2026-03-16,463,active
BAT01402,DC003,MED021,0.0,2026-03-15,2027-08-04,2026-03-15,507,active
BAT01403,DC005,MED021,0.0,2026-03-18,2027-08-07,2026-03-18,507,active
BAT01404,DC002,MED023,0.0,2026-03-15,2027-02-15,2026-03-15,337,active
BAT01405,DC007,MED026,0.0,2026-03-16,2027-06-15,2026-03-16,456,active
BAT01406,DC001,MED027,0.0,2026-03-16,2027-06-03,2026-03-16,444,active
BAT01407,DC007,MED027,0.0,2026-03-16,2027-06-03,2026-03-16,444,active
BAT01408,DC005,MED029,0.0,2026-03-18,2026-10-18,2026-03-18,214,near_expiry
BAT01409,DC003,MED030,0.0,2026-03-15,2026-12-29,2026-03-15,289,active
BAT01410,DC004,MED033,0.0,2026-03-17,2027-01-18,2026-03-17,307,active
BAT01411,DC007,MED035,0.0,2026-03-16,2026-10-07,2026-03-16,205,near_expiry
BAT01412,DC002,MED037,0.0,2026-03-15,2026-09-12,2026-03-15,181,near_expiry
BAT01413,DC006,MED037,0.0,2026-03-19,2026-09-16,2026-03-19,181,near_expiry
BAT01414,DC004,MED039,0.0,2026-03-17,2027-06-17,2026-03-17,457,active
BAT01415,DC001,MED003,0.0,2026-03-17,2027-01-03,2026-03-17,292,active
BAT01416,DC005,MED003,0.0,2026-03-19,2027-01-05,2026-03-19,292,active
BAT01417,DC001,MED009,0.0,2026-03-17,2027-03-18,2026-03-17,366,active
BAT01418,DC005,MED009,0.0,2026-03-19,2027-03-20,2026-03-19,366,active
BAT01419,DC005,MED012,0.0,2026-03-19,2026-10-01,2026-03-19,196,near_expiry
BAT01420,DC004,MED015,0.0,2026-03-18,2027-04-21,2026-03-18,399,active
BAT01421,DC006,MED015,0.0,2026-03-20,2027-04-23,2026-03-20,399,active
BAT01422,DC008,MED015,0.0,2026-03-18,2027-04-21,2026-03-18,399,active
BAT01423,DC002,MED021,0.0,2026-03-16,2027-08-05,2026-03-16,507,active
BAT01424,DC007,MED021,0.0,2026-03-17,2027-08-06,2026-03-17,507,active
BAT01425,DC006,MED023,0.0,2026-03-20,2027-02-20,2026-03-20,337,active
BAT01426,DC008,MED023,0.0,2026-03-18,2027-02-18,2026-03-18,337,active
BAT01427,DC008,MED024,0.0,2026-03-18,2027-05-20,2026-03-18,428,active
BAT01428,DC003,MED026,0.0,2026-03-16,2027-06-15,2026-03-16,456,active
BAT01429,DC005,MED026,0.0,2026-03-19,2027-06-18,2026-03-19,456,active
BAT01430,DC008,MED029,0.0,2026-03-18,2026-10-18,2026-03-18,214,near_expiry
BAT01431,DC002,MED030,0.0,2026-03-16,2026-12-30,2026-03-16,289,active
BAT01432,DC004,MED032,0.0,2026-03-18,2026-10-11,2026-03-18,207,near_expiry
BAT01433,DC006,MED036,0.0,2026-03-20,2027-05-22,2026-03-20,428,active
BAT01434,DC003,MED037,0.0,2026-03-16,2026-09-13,2026-03-16,181,near_expiry
BAT01435,DC008,MED037,0.0,2026-03-18,2026-09-15,2026-03-18,181,near_expiry
BAT01436,DC002,MED038,0.0,2026-03-16,2027-09-03,2026-03-16,536,active
BAT01437,DC008,MED038,0.0,2026-03-18,2027-09-05,2026-03-18,536,active
BAT01438,DC002,MED003,0.0,2026-03-17,2027-01-03,2026-03-17,292,active
BAT01439,DC002,MED004,0.0,2026-03-17,2027-09-05,2026-03-17,537,active
BAT01440,DC004,MED004,0.0,2026-03-19,2027-09-07,2026-03-19,537,active
BAT01441,DC007,MED004,0.0,2026-03-18,2027-09-06,2026-03-18,537,active
BAT01442,DC001,MED007,0.0,2026-03-18,2027-02-11,2026-03-18,330,active
BAT01443,DC001,MED008,0.0,2026-03-18,2027-02-09,2026-03-18,328,active
BAT01444,DC007,MED008,0.0,2026-03-18,2027-02-09,2026-03-18,328,active
BAT01445,DC005,MED010,0.0,2026-03-20,2027-08-31,2026-03-20,529,active
BAT01446,DC001,MED011,0.0,2026-03-18,2027-01-30,2026-03-18,318,active
BAT01447,DC002,MED011,0.0,2026-03-17,2027-01-29,2026-03-17,318,active
BAT01448,DC006,MED012,0.0,2026-03-21,2026-10-03,2026-03-21,196,near_expiry
BAT01449,DC001,MED013,0.0,2026-03-18,2027-02-22,2026-03-18,341,active
BAT01450,DC001,MED015,0.0,2026-03-18,2027-04-21,2026-03-18,399,active
BAT01451,DC006,MED018,0.0,2026-03-21,2027-06-27,2026-03-21,463,active
BAT01452,DC005,MED019,0.0,2026-03-20,2027-08-10,2026-03-20,508,active
BAT01453,DC006,MED019,0.0,2026-03-21,2027-08-11,2026-03-21,508,active
BAT01454,DC008,MED019,0.0,2026-03-19,2027-08-09,2026-03-19,508,active
BAT01455,DC001,MED021,0.0,2026-03-18,2027-08-07,2026-03-18,507,active
BAT01456,DC004,MED023,0.0,2026-03-19,2027-02-19,2026-03-19,337,active
BAT01457,DC002,MED025,0.0,2026-03-17,2027-06-21,2026-03-17,461,active
BAT01458,DC003,MED025,0.0,2026-03-17,2027-06-21,2026-03-17,461,active
BAT01459,DC008,MED026,0.0,2026-03-19,2027-06-18,2026-03-19,456,active
BAT01460,DC002,MED027,0.0,2026-03-17,2027-06-04,2026-03-17,444,active
BAT01461,DC008,MED027,0.0,2026-03-19,2027-06-06,2026-03-19,444,active
BAT01462,DC007,MED028,0.0,2026-03-18,2027-06-24,2026-03-18,463,active
BAT01463,DC003,MED029,0.0,2026-03-17,2026-10-17,2026-03-17,214,near_expiry
BAT01464,DC006,MED029,0.0,2026-03-21,2026-10-21,2026-03-21,214,near_expiry
BAT01465,DC001,MED032,0.0,2026-03-18,2026-10-11,2026-03-18,207,near_expiry
BAT01466,DC003,MED032,0.0,2026-03-17,2026-10-10,2026-03-17,207,near_expiry
BAT01467,DC005,MED035,0.0,2026-03-20,2026-10-11,2026-03-20,205,near_expiry
BAT01468,DC007,MED036,0.0,2026-03-18,2027-05-20,2026-03-18,428,active
BAT01469,DC004,MED037,0.0,2026-03-19,2026-09-16,2026-03-19,181,near_expiry
BAT01470,DC004,MED038,0.0,2026-03-19,2027-09-06,2026-03-19,536,active
BAT01471,DC003,MED004,0.0,2026-03-18,2027-09-06,2026-03-18,537,active
BAT01472,DC003,MED005,0.0,2026-03-18,2026-11-05,2026-03-18,232,near_expiry
BAT01473,DC003,MED007,0.0,2026-03-18,2027-02-11,2026-03-18,330,active
BAT01474,DC007,MED007,0.0,2026-03-19,2027-02-12,2026-03-19,330,active
BAT01475,DC007,MED009,0.0,2026-03-19,2027-03-20,2026-03-19,366,active
BAT01476,DC003,MED014,0.0,2026-03-18,2027-01-27,2026-03-18,315,active
BAT01477,DC008,MED014,0.0,2026-03-20,2027-01-29,2026-03-20,315,active
BAT01478,DC002,MED015,0.0,2026-03-18,2027-04-21,2026-03-18,399,active
BAT01479,DC005,MED015,0.0,2026-03-21,2027-04-24,2026-03-21,399,active
BAT01480,DC004,MED016,0.0,2026-03-20,2026-11-01,2026-03-20,226,near_expiry
BAT01481,DC002,MED019,0.0,2026-03-18,2027-08-08,2026-03-18,508,active
BAT01482,DC004,MED026,0.0,2026-03-20,2027-06-19,2026-03-20,456,active
BAT01483,DC003,MED027,0.0,2026-03-18,2027-06-05,2026-03-18,444,active
BAT01484,DC002,MED032,0.0,2026-03-18,2026-10-11,2026-03-18,207,near_expiry
BAT01485,DC006,MED033,0.0,2026-03-22,2027-01-23,2026-03-22,307,active
BAT01486,DC005,MED034,0.0,2026-03-21,2027-05-11,2026-03-21,416,active
BAT01487,DC001,MED037,0.0,2026-03-19,2026-09-16,2026-03-19,181,near_expiry
BAT01488,DC001,MED004,0.0,2026-03-20,2027-09-08,2026-03-20,537,active
BAT01489,DC004,MED006,0.0,2026-03-21,2026-10-09,2026-03-21,202,near_expiry
BAT01490,DC006,MED007,0.0,2026-03-23,2027-02-16,2026-03-23,330,active
BAT01491,DC004,MED014,0.0,2026-03-21,2027-01-30,2026-03-21,315,active
BAT01492,DC005,MED018,0.0,2026-03-22,2027-06-28,2026-03-22,463,active
BAT01493,DC008,MED021,0.0,2026-03-21,2027-08-10,2026-03-21,507,active
BAT01494,DC005,MED023,0.0,2026-03-22,2027-02-22,2026-03-22,337,active
BAT01495,DC007,MED025,0.0,2026-03-20,2027-06-24,2026-03-20,461,active
BAT01496,DC006,MED027,0.0,2026-03-23,2027-06-10,2026-03-23,444,active
BAT01497,DC005,MED028,0.0,2026-03-22,2027-06-28,2026-03-22,463,active
BAT01498,DC002,MED029,0.0,2026-03-19,2026-10-19,2026-03-19,214,near_expiry
BAT01499,DC001,MED031,0.0,2026-03-20,2026-11-03,2026-03-20,228,near_expiry
BAT01500,DC001,MED034,0.0,2026-03-20,2027-05-10,2026-03-20,416,active
BAT01501,DC007,MED038,0.0,2026-03-20,2027-09-07,2026-03-20,536,active
BAT01502,DC004,MED002,0.0,2026-03-22,2027-07-23,2026-03-22,488,active
BAT01503,DC004,MED003,0.0,2026-03-22,2027-01-08,2026-03-22,292,active
BAT01504,DC008,MED003,0.0,2026-03-22,2027-01-08,2026-03-22,292,active
BAT01505,DC005,MED005,0.0,2026-03-23,2026-11-10,2026-03-23,232,near_expiry
BAT01506,DC004,MED007,0.0,2026-03-22,2027-02-15,2026-03-22,330,active
BAT01507,DC005,MED007,0.0,2026-03-23,2027-02-16,2026-03-23,330,active
BAT01508,DC002,MED009,0.0,2026-03-20,2027-03-21,2026-03-20,366,active
BAT01509,DC004,MED009,0.0,2026-03-22,2027-03-23,2026-03-22,366,active
BAT01510,DC004,MED010,0.0,2026-03-22,2027-09-02,2026-03-22,529,active
BAT01511,DC008,MED010,0.0,2026-03-22,2027-09-02,2026-03-22,529,active
BAT01512,DC006,MED011,0.0,2026-03-24,2027-02-05,2026-03-24,318,active
BAT01513,DC004,MED012,0.0,2026-03-22,2026-10-04,2026-03-22,196,near_expiry
BAT01514,DC008,MED012,0.0,2026-03-22,2026-10-04,2026-03-22,196,near_expiry
BAT01515,DC003,MED013,0.0,2026-03-20,2027-02-24,2026-03-20,341,active
BAT01516,DC003,MED015,0.0,2026-03-20,2027-04-23,2026-03-20,399,active
BAT01517,DC007,MED015,0.0,2026-03-21,2027-04-24,2026-03-21,399,active
BAT01518,DC008,MED018,0.0,2026-03-22,2027-06-28,2026-03-22,463,active
BAT01519,DC002,MED020,0.0,2026-03-20,2027-01-28,2026-03-20,314,active
BAT01520,DC004,MED025,0.0,2026-03-22,2027-06-26,2026-03-22,461,active
BAT01521,DC005,MED025,0.0,2026-03-23,2027-06-27,2026-03-23,461,active
BAT01522,DC008,MED025,0.0,2026-03-22,2027-06-26,2026-03-22,461,active
BAT01523,DC006,MED026,0.0,2026-03-24,2027-06-23,2026-03-24,456,active
BAT01524,DC005,MED027,0.0,2026-03-23,2027-06-10,2026-03-23,444,active
BAT01525,DC001,MED029,0.0,2026-03-21,2026-10-21,2026-03-21,214,near_expiry
BAT01526,DC005,MED030,0.0,2026-03-23,2027-01-06,2026-03-23,289,active
BAT01527,DC008,MED030,0.0,2026-03-22,2027-01-05,2026-03-22,289,active
BAT01528,DC002,MED031,0.0,2026-03-20,2026-11-03,2026-03-20,228,near_expiry
BAT01529,DC002,MED034,0.0,2026-03-20,2027-05-10,2026-03-20,416,active
BAT01530,DC008,MED034,0.0,2026-03-22,2027-05-12,2026-03-22,416,active
BAT01531,DC002,MED035,0.0,2026-03-20,2026-10-11,2026-03-20,205,near_expiry
BAT01532,DC001,MED036,0.0,2026-03-21,2027-05-23,2026-03-21,428,active
BAT01533,DC004,MED036,0.0,2026-03-22,2027-05-24,2026-03-22,428,active
BAT01534,DC007,MED037,0.0,2026-03-21,2026-09-18,2026-03-21,181,near_expiry
BAT01535,DC005,MED038,0.0,2026-03-23,2027-09-10,2026-03-23,536,active
BAT01536,DC002,MED002,0.0,2026-03-21,2027-07-22,2026-03-21,488,active
BAT01537,DC006,MED003,0.0,2026-03-25,2027-01-11,2026-03-25,292,active
BAT01538,DC005,MED004,0.0,2026-03-24,2027-09-12,2026-03-24,537,active
BAT01539,DC008,MED004,0.0,2026-03-23,2027-09-11,2026-03-23,537,active
BAT01540,DC007,MED005,0.0,2026-03-22,2026-11-09,2026-03-22,232,near_expiry
BAT01541,DC005,MED006,0.0,2026-03-24,2026-10-12,2026-03-24,202,near_expiry
BAT01542,DC008,MED007,0.0,2026-03-23,2027-02-16,2026-03-23,330,active
BAT01543,DC002,MED008,0.0,2026-03-21,2027-02-12,2026-03-21,328,active
BAT01544,DC005,MED008,0.0,2026-03-24,2027-02-15,2026-03-24,328,active
BAT01545,DC008,MED008,0.0,2026-03-23,2027-02-14,2026-03-23,328,active
BAT01546,DC002,MED010,0.0,2026-03-21,2027-09-01,2026-03-21,529,active
BAT01547,DC007,MED010,0.0,2026-03-22,2027-09-02,2026-03-22,529,active
BAT01548,DC007,MED013,0.0,2026-03-22,2027-02-26,2026-03-22,341,active
BAT01549,DC008,MED013,0.0,2026-03-23,2027-02-27,2026-03-23,341,active
BAT01550,DC001,MED019,0.0,2026-03-22,2027-08-12,2026-03-22,508,active
BAT01551,DC002,MED022,0.0,2026-03-21,2027-06-15,2026-03-21,451,active
BAT01552,DC007,MED023,0.0,2026-03-22,2027-02-22,2026-03-22,337,active
BAT01553,DC001,MED025,0.0,2026-03-22,2027-06-26,2026-03-22,461,active
BAT01554,DC002,MED026,0.0,2026-03-21,2027-06-20,2026-03-21,456,active
BAT01555,DC007,MED029,0.0,2026-03-22,2026-10-22,2026-03-22,214,near_expiry
BAT01556,DC006,MED031,0.0,2026-03-25,2026-11-08,2026-03-25,228,near_expiry
BAT01557,DC003,MED034,0.0,2026-03-21,2027-05-11,2026-03-21,416,active
BAT01558,DC006,MED034,0.0,2026-03-25,2027-05-15,2026-03-25,416,active
BAT01559,DC007,MED034,0.0,2026-03-22,2027-05-12,2026-03-22,416,active
BAT01560,DC001,MED035,0.0,2026-03-22,2026-10-13,2026-03-22,205,near_expiry
BAT01561,DC004,MED035,0.0,2026-03-23,2026-10-14,2026-03-23,205,near_expiry
BAT01562,DC008,MED035,0.0,2026-03-23,2026-10-14,2026-03-23,205,near_expiry
BAT01563,DC006,MED038,0.0,2026-03-25,2027-09-12,2026-03-25,536,active
BAT01564,DC001,MED002,0.0,2026-03-23,2027-07-24,2026-03-23,488,active
BAT01565,DC006,MED004,0.0,2026-03-26,2027-09-14,2026-03-26,537,active
BAT01566,DC008,MED005,0.0,2026-03-24,2026-11-11,2026-03-24,232,active
BAT01567,DC008,MED006,0.0,2026-03-24,2026-10-12,2026-03-24,202,near_expiry
BAT01568,DC003,MED008,0.0,2026-03-22,2027-02-13,2026-03-22,328,active
BAT01569,DC004,MED008,0.0,2026-03-24,2027-02-15,2026-03-24,328,active
BAT01570,DC006,MED008,0.0,2026-03-26,2027-02-17,2026-03-26,328,active
BAT01571,DC003,MED009,0.0,2026-03-22,2027-03-23,2026-03-22,366,active
BAT01572,DC008,MED009,0.0,2026-03-24,2027-03-25,2026-03-24,366,active
BAT01573,DC006,MED010,0.0,2026-03-26,2027-09-06,2026-03-26,529,active
BAT01574,DC008,MED011,0.0,2026-03-24,2027-02-05,2026-03-24,318,active
BAT01575,DC005,MED014,0.0,2026-03-25,2027-02-03,2026-03-25,315,active
BAT01576,DC007,MED014,0.0,2026-03-23,2027-02-01,2026-03-23,315,active
BAT01577,DC007,MED020,0.0,2026-03-23,2027-01-31,2026-03-23,314,active
BAT01578,DC001,MED022,0.0,2026-03-23,2027-06-17,2026-03-23,451,active
BAT01579,DC008,MED022,0.0,2026-03-24,2027-06-18,2026-03-24,451,active
BAT01580,DC001,MED023,0.0,2026-03-23,2027-02-23,2026-03-23,337,active
BAT01581,DC006,MED025,0.0,2026-03-26,2027-06-30,2026-03-26,461,active
BAT01582,DC001,MED026,0.0,2026-03-23,2027-06-22,2026-03-23,456,active
BAT01583,DC002,MED028,0.0,2026-03-22,2027-06-28,2026-03-22,463,active
BAT01584,DC007,MED031,0.0,2026-03-23,2026-11-06,2026-03-23,228,near_expiry
BAT01585,DC004,MED033,0.0,2026-03-24,2027-01-25,2026-03-24,307,active
BAT01586,DC004,MED034,0.0,2026-03-24,2027-05-14,2026-03-24,416,active
BAT01587,DC003,MED035,0.0,2026-03-22,2026-10-13,2026-03-22,205,near_expiry
BAT01588,DC003,MED036,0.0,2026-03-22,2027-05-24,2026-03-22,428,active
BAT01589,DC008,MED036,0.0,2026-03-24,2027-05-26,2026-03-24,428,active
BAT01590,DC005,MED037,0.0,2026-03-25,2026-09-22,2026-03-25,181,near_expiry
BAT01591,DC003,MED038,0.0,2026-03-22,2027-09-09,2026-03-22,536,active
BAT01592,DC006,MED040,0.0,2026-03-26,2027-06-20,2026-03-26,451,active
BAT01593,DC002,MED005,0.0,2026-03-23,2026-11-10,2026-03-23,232,near_expiry
BAT01594,DC004,MED005,0.0,2026-03-25,2026-11-12,2026-03-25,232,active
BAT01595,DC006,MED005,0.0,2026-03-27,2026-11-14,2026-03-27,232,active
BAT01596,DC002,MED007,0.0,2026-03-23,2027-02-16,2026-03-23,330,active
BAT01597,DC001,MED009,0.0,2026-03-24,2027-03-25,2026-03-24,366,active
BAT01598,DC006,MED009,0.0,2026-03-27,2027-03-28,2026-03-27,366,active
BAT01599,DC007,MED011,0.0,2026-03-24,2027-02-05,2026-03-24,318,active
BAT01600,DC002,MED012,0.0,2026-03-23,2026-10-05,2026-03-23,196,near_expiry
BAT01601,DC005,MED012,0.0,2026-03-26,2026-10-08,2026-03-26,196,near_expiry
BAT01602,DC005,MED016,0.0,2026-03-26,2026-11-07,2026-03-26,226,near_expiry
BAT01603,DC007,MED016,0.0,2026-03-24,2026-11-05,2026-03-24,226,near_expiry
BAT01604,DC001,MED018,0.0,2026-03-24,2027-06-30,2026-03-24,463,active
BAT01605,DC004,MED018,0.0,2026-03-25,2027-07-01,2026-03-25,463,active
BAT01606,DC003,MED021,0.0,2026-03-23,2027-08-12,2026-03-23,507,active
BAT01607,DC004,MED021,0.0,2026-03-25,2027-08-14,2026-03-25,507,active
BAT01608,DC005,MED021,0.0,2026-03-26,2027-08-15,2026-03-26,507,active
BAT01609,DC006,MED021,0.0,2026-03-27,2027-08-16,2026-03-27,507,active
BAT01610,DC008,MED024,0.0,2026-03-25,2027-05-27,2026-03-25,428,active
BAT01611,DC004,MED027,0.0,2026-03-25,2027-06-12,2026-03-25,444,active
BAT01612,DC004,MED029,0.0,2026-03-25,2026-10-25,2026-03-25,214,near_expiry
BAT01613,DC005,MED036,0.0,2026-03-26,2027-05-28,2026-03-26,428,active
BAT01614,DC003,MED037,0.0,2026-03-23,2026-09-20,2026-03-23,181,near_expiry
BAT01615,DC001,MED038,0.0,2026-03-24,2027-09-11,2026-03-24,536,active
BAT01616,DC001,MED040,0.0,2026-03-24,2027-06-18,2026-03-24,451,active
BAT01617,DC008,MED040,0.0,2026-03-25,2027-06-19,2026-03-25,451,active
BAT01618,DC001,MED003,0.0,2026-03-25,2027-01-11,2026-03-25,292,active
BAT01619,DC003,MED003,0.0,2026-03-24,2027-01-10,2026-03-24,292,active
BAT01620,DC007,MED003,0.0,2026-03-25,2027-01-11,2026-03-25,292,active
BAT01621,DC001,MED005,0.0,2026-03-25,2026-11-12,2026-03-25,232,active
BAT01622,DC005,MED009,0.0,2026-03-27,2027-03-28,2026-03-27,366,active
BAT01623,DC003,MED010,0.0,2026-03-24,2027-09-04,2026-03-24,529,active
BAT01624,DC001,MED012,0.0,2026-03-25,2026-10-07,2026-03-25,196,near_expiry
BAT01625,DC003,MED012,0.0,2026-03-24,2026-10-06,2026-03-24,196,near_expiry
BAT01626,DC002,MED013,0.0,2026-03-24,2027-02-28,2026-03-24,341,active
BAT01627,DC004,MED015,0.0,2026-03-26,2027-04-29,2026-03-26,399,active
BAT01628,DC008,MED015,0.0,2026-03-26,2027-04-29,2026-03-26,399,active
BAT01629,DC008,MED016,0.0,2026-03-26,2026-11-07,2026-03-26,226,near_expiry
BAT01630,DC001,MED020,0.0,2026-03-25,2027-02-02,2026-03-25,314,active
BAT01631,DC006,MED022,0.0,2026-03-28,2027-06-22,2026-03-28,451,active
BAT01632,DC007,MED022,0.0,2026-03-25,2027-06-19,2026-03-25,451,active
BAT01633,DC002,MED023,0.0,2026-03-24,2027-02-24,2026-03-24,337,active
BAT01634,DC003,MED023,0.0,2026-03-24,2027-02-24,2026-03-24,337,active
BAT01635,DC005,MED026,0.0,2026-03-27,2027-06-26,2026-03-27,456,active
BAT01636,DC001,MED027,0.0,2026-03-25,2027-06-12,2026-03-25,444,active
BAT01637,DC007,MED027,0.0,2026-03-25,2027-06-12,2026-03-25,444,active
BAT01638,DC008,MED028,0.0,2026-03-26,2027-07-02,2026-03-26,463,active
BAT01639,DC005,MED029,0.0,2026-03-27,2026-10-27,2026-03-27,214,near_expiry
BAT01640,DC007,MED030,0.0,2026-03-25,2027-01-08,2026-03-25,289,active
BAT01641,DC004,MED032,0.0,2026-03-26,2026-10-19,2026-03-26,207,near_expiry
BAT01642,DC005,MED032,0.0,2026-03-27,2026-10-20,2026-03-27,207,near_expiry
BAT01643,DC002,MED033,0.0,2026-03-24,2027-01-25,2026-03-24,307,active
BAT01644,DC007,MED033,0.0,2026-03-25,2027-01-26,2026-03-25,307,active
BAT01645,DC002,MED037,0.0,2026-03-24,2026-09-21,2026-03-24,181,near_expiry
BAT01646,DC006,MED037,0.0,2026-03-28,2026-09-25,2026-03-28,181,near_expiry
BAT01647,DC003,MED040,0.0,2026-03-24,2027-06-18,2026-03-24,451,active
BAT01648,DC005,MED040,0.0,2026-03-27,2027-06-21,2026-03-27,451,active
BAT01649,DC001,MED007,0.0,2026-03-26,2027-02-19,2026-03-26,330,active
BAT01650,DC001,MED008,0.0,2026-03-26,2027-02-17,2026-03-26,328,active
BAT01651,DC001,MED010,0.0,2026-03-26,2027-09-06,2026-03-26,529,active
BAT01652,DC001,MED015,0.0,2026-03-26,2027-04-29,2026-03-26,399,active
BAT01653,DC006,MED015,0.0,2026-03-29,2027-05-02,2026-03-29,399,active
BAT01654,DC003,MED016,0.0,2026-03-25,2026-11-06,2026-03-25,226,near_expiry
BAT01655,DC001,MED017,0.0,2026-03-26,2027-07-24,2026-03-26,485,active
BAT01656,DC007,MED021,0.0,2026-03-26,2027-08-15,2026-03-26,507,active
BAT01657,DC006,MED023,0.0,2026-03-29,2027-03-01,2026-03-29,337,active
BAT01658,DC003,MED026,0.0,2026-03-25,2027-06-24,2026-03-25,456,active
BAT01659,DC007,MED026,0.0,2026-03-26,2027-06-25,2026-03-26,456,active
BAT01660,DC008,MED029,0.0,2026-03-27,2026-10-27,2026-03-27,214,near_expiry
BAT01661,DC003,MED030,0.0,2026-03-25,2027-01-08,2026-03-25,289,active
BAT01662,DC008,MED033,0.0,2026-03-27,2027-01-28,2026-03-27,307,active
BAT01663,DC001,MED037,0.0,2026-03-26,2026-09-23,2026-03-26,181,near_expiry
BAT01664,DC004,MED038,0.0,2026-03-27,2027-09-14,2026-03-27,536,active
BAT01665,DC008,MED038,0.0,2026-03-27,2027-09-14,2026-03-27,536,active
BAT01666,DC002,MED003,0.0,2026-03-26,2027-01-12,2026-03-26,292,active
BAT01667,DC005,MED003,0.0,2026-03-29,2027-01-15,2026-03-29,292,active
BAT01668,DC004,MED004,0.0,2026-03-28,2027-09-16,2026-03-28,537,active
BAT01669,DC007,MED004,0.0,2026-03-27,2027-09-15,2026-03-27,537,active
BAT01670,DC007,MED008,0.0,2026-03-27,2027-02-18,2026-03-27,328,active
BAT01671,DC007,MED009,0.0,2026-03-27,2027-03-28,2026-03-27,366,active
BAT01672,DC005,MED010,0.0,2026-03-29,2027-09-09,2026-03-29,529,active
BAT01673,DC005,MED011,0.0,2026-03-29,2027-02-10,2026-03-29,318,active
BAT01674,DC004,MED012,0.0,2026-03-28,2026-10-10,2026-03-28,196,near_expiry
BAT01675,DC001,MED014,0.0,2026-03-27,2027-02-05,2026-03-27,315,active
BAT01676,DC003,MED014,0.0,2026-03-26,2027-02-04,2026-03-26,315,active
BAT01677,DC006,MED018,0.0,2026-03-30,2027-07-06,2026-03-30,463,active
BAT01678,DC005,MED023,0.0,2026-03-29,2027-03-01,2026-03-29,337,active
BAT01679,DC008,MED023,0.0,2026-03-28,2027-02-28,2026-03-28,337,active
BAT01680,DC002,MED024,0.0,2026-03-26,2027-05-28,2026-03-26,428,active
BAT01681,DC008,MED026,0.0,2026-03-28,2027-06-27,2026-03-28,456,active
BAT01682,DC002,MED027,0.0,2026-03-26,2027-06-13,2026-03-26,444,active
BAT01683,DC003,MED029,0.0,2026-03-26,2026-10-26,2026-03-26,214,near_expiry
BAT01684,DC001,MED032,0.0,2026-03-27,2026-10-20,2026-03-27,207,near_expiry
BAT01685,DC006,MED033,0.0,2026-03-30,2027-01-31,2026-03-30,307,active
BAT01686,DC001,MED034,0.0,2026-03-27,2027-05-17,2026-03-27,416,active
BAT01687,DC002,MED036,0.0,2026-03-26,2027-05-28,2026-03-26,428,active
BAT01688,DC004,MED037,0.0,2026-03-28,2026-09-25,2026-03-28,181,near_expiry
BAT01689,DC008,MED037,0.0,2026-03-28,2026-09-25,2026-03-28,181,near_expiry
BAT01690,DC002,MED038,0.0,2026-03-26,2027-09-13,2026-03-26,536,active
BAT01691,DC004,MED039,0.0,2026-03-28,2027-06-28,2026-03-28,457,active
BAT01692,DC006,MED001,0.0,2026-03-31,2026-11-18,2026-03-31,232,active
BAT01693,DC008,MED003,0.0,2026-03-29,2027-01-15,2026-03-29,292,active
BAT01694,DC002,MED004,0.0,2026-03-27,2027-09-15,2026-03-27,537,active
BAT01695,DC003,MED004,0.0,2026-03-27,2027-09-15,2026-03-27,537,active
BAT01696,DC006,MED007,0.0,2026-03-31,2027-02-24,2026-03-31,330,active
BAT01697,DC007,MED007,0.0,2026-03-28,2027-02-21,2026-03-28,330,active
BAT01698,DC002,MED009,0.0,2026-03-27,2027-03-28,2026-03-27,366,active
BAT01699,DC006,MED012,0.0,2026-03-31,2026-10-13,2026-03-31,196,near_expiry
BAT01700,DC001,MED013,0.0,2026-03-28,2027-03-04,2026-03-28,341,active
BAT01701,DC002,MED015,0.0,2026-03-27,2027-04-30,2026-03-27,399,active
BAT01702,DC005,MED015,0.0,2026-03-30,2027-05-03,2026-03-30,399,active
BAT01703,DC006,MED016,0.0,2026-03-31,2026-11-12,2026-03-31,226,active
BAT01704,DC008,MED018,0.0,2026-03-29,2027-07-05,2026-03-29,463,active
BAT01705,DC005,MED019,0.0,2026-03-30,2027-08-20,2026-03-30,508,active
BAT01706,DC006,MED019,0.0,2026-03-31,2027-08-21,2026-03-31,508,active
BAT01707,DC007,MED019,0.0,2026-03-28,2027-08-18,2026-03-28,508,active
BAT01708,DC001,MED021,0.0,2026-03-28,2027-08-17,2026-03-28,507,active
BAT01709,DC002,MED021,0.0,2026-03-27,2027-08-16,2026-03-27,507,active
BAT01710,DC004,MED022,0.0,2026-03-29,2027-06-23,2026-03-29,451,active
BAT01711,DC002,MED025,0.0,2026-03-27,2027-07-01,2026-03-27,461,active
BAT01712,DC003,MED025,0.0,2026-03-27,2027-07-01,2026-03-27,461,active
BAT01713,DC004,MED026,0.0,2026-03-29,2027-06-28,2026-03-29,456,active
BAT01714,DC003,MED027,0.0,2026-03-27,2027-06-14,2026-03-27,444,active
BAT01715,DC008,MED027,0.0,2026-03-29,2027-06-16,2026-03-29,444,active
BAT01716,DC001,MED029,0.0,2026-03-28,2026-10-28,2026-03-28,214,near_expiry
BAT01717,DC002,MED029,0.0,2026-03-27,2026-10-27,2026-03-27,214,near_expiry
BAT01718,DC006,MED029,0.0,2026-03-31,2026-10-31,2026-03-31,214,near_expiry
BAT01719,DC003,MED032,0.0,2026-03-27,2026-10-20,2026-03-27,207,near_expiry
BAT01720,DC002,MED034,0.0,2026-03-27,2027-05-17,2026-03-27,416,active
BAT01721,DC005,MED034,0.0,2026-03-30,2027-05-20,2026-03-30,416,active
BAT01722,DC006,MED036,0.0,2026-03-31,2027-06-02,2026-03-31,428,active
BAT01723,DC001,MED039,0.0,2026-03-28,2027-06-28,2026-03-28,457,active
BAT01724,DC007,MED001,0.0,2026-03-29,2026-11-16,2026-03-29,232,active
BAT01725,DC004,MED002,0.0,2026-03-30,2027-07-31,2026-03-30,488,active
BAT01726,DC001,MED004,0.0,2026-03-29,2027-09-17,2026-03-29,537,active
BAT01727,DC005,MED005,0.0,2026-03-31,2026-11-18,2026-03-31,232,active
BAT01728,DC004,MED006,0.0,2026-03-30,2026-10-18,2026-03-30,202,near_expiry
BAT01729,DC005,MED006,0.0,2026-03-31,2026-10-19,2026-03-31,202,near_expiry
BAT01730,DC003,MED007,0.0,2026-03-28,2027-02-21,2026-03-28,330,active
BAT01731,DC001,MED011,0.0,2026-03-29,2027-02-10,2026-03-29,318,active
BAT01732,DC002,MED011,0.0,2026-03-28,2027-02-09,2026-03-28,318,active
BAT01733,DC002,MED014,0.0,2026-03-28,2027-02-06,2026-03-28,315,active
BAT01734,DC004,MED014,0.0,2026-03-30,2027-02-08,2026-03-30,315,active
BAT01735,DC008,MED014,0.0,2026-03-30,2027-02-08,2026-03-30,315,active
BAT01736,DC003,MED015,0.0,2026-03-28,2027-05-01,2026-03-28,399,active
BAT01737,DC007,MED015,0.0,2026-03-29,2027-05-02,2026-03-29,399,active
BAT01738,DC004,MED016,0.0,2026-03-30,2026-11-11,2026-03-30,226,active
BAT01739,DC005,MED018,0.0,2026-03-31,2027-07-07,2026-03-31,463,active
BAT01740,DC007,MED018,0.0,2026-03-29,2027-07-05,2026-03-29,463,active
BAT01741,DC002,MED019,0.0,2026-03-28,2027-08-18,2026-03-28,508,active
BAT01742,DC008,MED019,0.0,2026-03-30,2027-08-20,2026-03-30,508,active
BAT01743,DC004,MED023,0.0,2026-03-30,2027-03-02,2026-03-30,337,active
BAT01744,DC004,MED024,0.0,2026-03-30,2027-06-01,2026-03-30,428,active
BAT01745,DC005,MED025,0.0,2026-03-31,2027-07-05,2026-03-31,461,active
BAT01746,DC007,MED025,0.0,2026-03-29,2027-07-03,2026-03-29,461,active
BAT01747,DC006,MED026,0.0,2026-04-01,2027-07-01,2026-04-01,456,active
BAT01748,DC005,MED027,0.0,2026-03-31,2027-06-18,2026-03-31,444,active
BAT01749,DC006,MED027,0.0,2026-04-01,2027-06-19,2026-04-01,444,active
BAT01750,DC002,MED030,0.0,2026-03-28,2027-01-11,2026-03-28,289,active
BAT01751,DC005,MED030,0.0,2026-03-31,2027-01-14,2026-03-31,289,active
BAT01752,DC008,MED030,0.0,2026-03-30,2027-01-13,2026-03-30,289,active
BAT01753,DC001,MED031,0.0,2026-03-29,2026-11-12,2026-03-29,228,active
BAT01754,DC002,MED031,0.0,2026-03-28,2026-11-11,2026-03-28,228,active
BAT01755,DC005,MED031,0.0,2026-03-31,2026-11-14,2026-03-31,228,active
BAT01756,DC002,MED032,0.0,2026-03-28,2026-10-21,2026-03-28,207,near_expiry
BAT01757,DC005,MED033,0.0,2026-03-31,2027-02-01,2026-03-31,307,active
BAT01758,DC005,MED035,0.0,2026-03-31,2026-10-22,2026-03-31,205,near_expiry
BAT01759,DC007,MED035,0.0,2026-03-29,2026-10-20,2026-03-29,205,near_expiry
BAT01760,DC007,MED038,0.0,2026-03-29,2027-09-16,2026-03-29,536,active
BAT01761,DC002,MED002,0.0,2026-03-29,2027-07-30,2026-03-29,488,active
BAT01762,DC004,MED003,0.0,2026-03-31,2027-01-17,2026-03-31,292,active
BAT01763,DC006,MED003,0.0,2026-04-02,2027-01-19,2026-04-02,292,active
BAT01764,DC008,MED004,0.0,2026-03-31,2027-09-19,2026-03-31,537,active
BAT01765,DC003,MED005,0.0,2026-03-29,2026-11-16,2026-03-29,232,active
BAT01766,DC004,MED007,0.0,2026-03-31,2027-02-24,2026-03-31,330,active
BAT01767,DC002,MED008,0.0,2026-03-29,2027-02-20,2026-03-29,328,active
BAT01768,DC005,MED008,0.0,2026-04-01,2027-02-23,2026-04-01,328,active
BAT01769,DC008,MED008,0.0,2026-03-31,2027-02-22,2026-03-31,328,active
BAT01770,DC004,MED009,0.0,2026-03-31,2027-04-01,2026-03-31,366,active
BAT01771,DC007,MED012,0.0,2026-03-30,2026-10-12,2026-03-30,196,near_expiry
BAT01772,DC003,MED013,0.0,2026-03-29,2027-03-05,2026-03-29,341,active
BAT01773,DC007,MED013,0.0,2026-03-30,2027-03-06,2026-03-30,341,active
BAT01774,DC004,MED019,0.0,2026-03-31,2027-08-21,2026-03-31,508,active
BAT01775,DC006,MED024,0.0,2026-04-02,2027-06-04,2026-04-02,428,active
BAT01776,DC004,MED025,0.0,2026-03-31,2027-07-05,2026-03-31,461,active
BAT01777,DC008,MED025,0.0,2026-03-31,2027-07-05,2026-03-31,461,active
BAT01778,DC007,MED028,0.0,2026-03-30,2027-07-06,2026-03-30,463,active
BAT01779,DC007,MED029,0.0,2026-03-30,2026-10-30,2026-03-30,214,near_expiry
BAT01780,DC006,MED031,0.0,2026-04-02,2026-11-16,2026-04-02,228,active
BAT01781,DC008,MED031,0.0,2026-03-31,2026-11-14,2026-03-31,228,active
BAT01782,DC003,MED034,0.0,2026-03-29,2027-05-19,2026-03-29,416,active
BAT01783,DC007,MED034,0.0,2026-03-30,2027-05-20,2026-03-30,416,active
BAT01784,DC008,MED034,0.0,2026-03-31,2027-05-21,2026-03-31,416,active
BAT01785,DC001,MED036,0.0,2026-03-30,2027-06-01,2026-03-30,428,active
BAT01786,DC007,MED037,0.0,2026-03-30,2026-09-27,2026-03-30,181,near_expiry
BAT01787,DC005,MED038,0.0,2026-04-01,2027-09-19,2026-04-01,536,active
BAT01788,DC004,MED040,0.0,2026-03-31,2027-06-25,2026-03-31,451,active
BAT01789,DC005,MED004,0.0,2026-04-02,2027-09-21,2026-04-02,537,active
BAT01790,DC005,MED007,0.0,2026-04-02,2027-02-26,2026-04-02,330,active
BAT01791,DC008,MED007,0.0,2026-04-01,2027-02-25,2026-04-01,330,active
BAT01792,DC003,MED008,0.0,2026-03-30,2027-02-21,2026-03-30,328,active
BAT01793,DC003,MED009,0.0,2026-03-30,2027-03-31,2026-03-30,366,active
BAT01794,DC006,MED010,0.0,2026-04-03,2027-09-14,2026-04-03,529,active
BAT01795,DC007,MED010,0.0,2026-03-31,2027-09-11,2026-03-31,529,active
BAT01796,DC008,MED010,0.0,2026-04-01,2027-09-12,2026-04-01,529,active
BAT01797,DC005,MED012,0.0,2026-04-02,2026-10-15,2026-04-02,196,near_expiry
BAT01798,DC008,MED012,0.0,2026-04-01,2026-10-14,2026-04-01,196,near_expiry
BAT01799,DC006,MED013,0.0,2026-04-03,2027-03-10,2026-04-03,341,active
BAT01800,DC008,MED013,0.0,2026-04-01,2027-03-08,2026-04-01,341,active
BAT01801,DC005,MED016,0.0,2026-04-02,2026-11-14,2026-04-02,226,active
BAT01802,DC007,MED016,0.0,2026-03-31,2026-11-12,2026-03-31,226,active
BAT01803,DC001,MED018,0.0,2026-03-31,2027-07-07,2026-03-31,463,active
BAT01804,DC004,MED018,0.0,2026-04-01,2027-07-08,2026-04-01,463,active
BAT01805,DC004,MED020,0.0,2026-04-01,2027-02-09,2026-04-01,314,active
BAT01806,DC008,MED021,0.0,2026-04-01,2027-08-21,2026-04-01,507,active
BAT01807,DC002,MED022,0.0,2026-03-30,2027-06-24,2026-03-30,451,active
BAT01808,DC001,MED025,0.0,2026-03-31,2027-07-05,2026-03-31,461,active
BAT01809,DC002,MED026,0.0,2026-03-30,2027-06-29,2026-03-30,456,active
BAT01810,DC001,MED028,0.0,2026-03-31,2027-07-07,2026-03-31,463,active
BAT01811,DC005,MED028,0.0,2026-04-02,2027-07-09,2026-04-02,463,active
BAT01812,DC007,MED031,0.0,2026-03-31,2026-11-14,2026-03-31,228,active
BAT01813,DC004,MED033,0.0,2026-04-01,2027-02-02,2026-04-01,307,active
BAT01814,DC006,MED034,0.0,2026-04-03,2027-05-24,2026-04-03,416,active
BAT01815,DC004,MED036,0.0,2026-04-01,2027-06-03,2026-04-01,428,active
BAT01816,DC007,MED036,0.0,2026-03-31,2027-06-02,2026-03-31,428,active
BAT01817,DC005,MED037,0.0,2026-04-02,2026-09-30,2026-04-02,181,near_expiry
BAT01818,DC006,MED040,0.0,2026-04-03,2027-06-28,2026-04-03,451,active
BAT01819,DC001,MED002,0.0,2026-04-01,2027-08-02,2026-04-01,488,active
BAT01820,DC006,MED004,0.0,2026-04-04,2027-09-23,2026-04-04,537,active
BAT01821,DC002,MED005,0.0,2026-03-31,2026-11-18,2026-03-31,232,active
BAT01822,DC007,MED005,0.0,2026-04-01,2026-11-19,2026-04-01,232,active
BAT01823,DC008,MED006,0.0,2026-04-02,2026-10-21,2026-04-02,202,near_expiry
BAT01824,DC004,MED008,0.0,2026-04-02,2027-02-24,2026-04-02,328,active
BAT01825,DC006,MED008,0.0,2026-04-04,2027-02-26,2026-04-04,328,active
BAT01826,DC001,MED009,0.0,2026-04-01,2027-04-02,2026-04-01,366,active
BAT01827,DC006,MED009,0.0,2026-04-04,2027-04-05,2026-04-04,366,active
BAT01828,DC008,MED009,0.0,2026-04-02,2027-04-03,2026-04-02,366,active
BAT01829,DC002,MED010,0.0,2026-03-31,2027-09-11,2026-03-31,529,active
BAT01830,DC006,MED011,0.0,2026-04-04,2027-02-16,2026-04-04,318,active
BAT01831,DC005,MED014,0.0,2026-04-03,2027-02-12,2026-04-03,315,active
BAT01832,DC006,MED014,0.0,2026-04-04,2027-02-13,2026-04-04,315,active
BAT01833,DC007,MED014,0.0,2026-04-01,2027-02-10,2026-04-01,315,active
BAT01834,DC001,MED019,0.0,2026-04-01,2027-08-22,2026-04-01,508,active
BAT01835,DC002,MED020,0.0,2026-03-31,2027-02-08,2026-03-31,314,active
BAT01836,DC006,MED020,0.0,2026-04-04,2027-02-12,2026-04-04,314,active
BAT01837,DC003,MED021,0.0,2026-03-31,2027-08-20,2026-03-31,507,active
BAT01838,DC004,MED021,0.0,2026-04-02,2027-08-22,2026-04-02,507,active
BAT01839,DC006,MED021,0.0,2026-04-04,2027-08-24,2026-04-04,507,active
BAT01840,DC001,MED023,0.0,2026-04-01,2027-03-04,2026-04-01,337,active
BAT01841,DC001,MED024,0.0,2026-04-01,2027-06-03,2026-04-01,428,active
BAT01842,DC006,MED025,0.0,2026-04-04,2027-07-09,2026-04-04,461,active
BAT01843,DC001,MED026,0.0,2026-04-01,2027-07-01,2026-04-01,456,active
BAT01844,DC006,MED032,0.0,2026-04-04,2026-10-28,2026-04-04,207,near_expiry
BAT01845,DC004,MED034,0.0,2026-04-02,2027-05-23,2026-04-02,416,active
BAT01846,DC008,MED035,0.0,2026-04-02,2026-10-24,2026-04-02,205,near_expiry
BAT01847,DC002,MED037,0.0,2026-03-31,2026-09-28,2026-03-31,181,near_expiry
BAT01848,DC003,MED037,0.0,2026-03-31,2026-09-28,2026-03-31,181,near_expiry
BAT01849,DC001,MED038,0.0,2026-04-01,2027-09-19,2026-04-01,536,active
BAT01850,DC003,MED038,0.0,2026-03-31,2027-09-18,2026-03-31,536,active
BAT01851,DC006,MED038,0.0,2026-04-04,2027-09-22,2026-04-04,536,active
BAT01852,DC002,MED039,0.0,2026-03-31,2027-07-01,2026-03-31,457,active
BAT01853,DC001,MED040,0.0,2026-04-01,2027-06-26,2026-04-01,451,active
BAT01854,DC003,MED040,0.0,2026-03-31,2027-06-25,2026-03-31,451,active
BAT01855,DC007,MED003,0.0,2026-04-02,2027-01-19,2026-04-02,292,active
BAT01856,DC006,MED005,0.0,2026-04-05,2026-11-23,2026-04-05,232,active
BAT01857,DC002,MED007,0.0,2026-04-01,2027-02-25,2026-04-01,330,active
BAT01858,DC004,MED010,0.0,2026-04-03,2027-09-14,2026-04-03,529,active
BAT01859,DC002,MED012,0.0,2026-04-01,2026-10-14,2026-04-01,196,near_expiry
BAT01860,DC001,MED015,0.0,2026-04-02,2027-05-06,2026-04-02,399,active
BAT01861,DC007,MED020,0.0,2026-04-02,2027-02-10,2026-04-02,314,active
BAT01862,DC005,MED021,0.0,2026-04-04,2027-08-24,2026-04-04,507,active
BAT01863,DC004,MED027,0.0,2026-04-03,2027-06-21,2026-04-03,444,active
BAT01864,DC002,MED028,0.0,2026-04-01,2027-07-08,2026-04-01,463,active
BAT01865,DC003,MED031,0.0,2026-04-01,2026-11-15,2026-04-01,228,active
BAT01866,DC001,MED035,0.0,2026-04-02,2026-10-24,2026-04-02,205,near_expiry
BAT01867,DC004,MED035,0.0,2026-04-03,2026-10-25,2026-04-03,205,near_expiry
BAT01868,DC001,MED037,0.0,2026-04-02,2026-09-30,2026-04-02,181,near_expiry
BAT01869,DC005,MED040,0.0,2026-04-04,2027-06-29,2026-04-04,451,active
BAT01870,DC003,MED003,0.0,2026-04-02,2027-01-19,2026-04-02,292,active
BAT01871,DC004,MED005,0.0,2026-04-04,2026-11-22,2026-04-04,232,active
BAT01872,DC008,MED005,0.0,2026-04-04,2026-11-22,2026-04-04,232,active
BAT01873,DC001,MED008,0.0,2026-04-03,2027-02-25,2026-04-03,328,active
BAT01874,DC005,MED010,0.0,2026-04-05,2027-09-16,2026-04-05,529,active
BAT01875,DC007,MED011,0.0,2026-04-03,2027-02-15,2026-04-03,318,active
BAT01876,DC008,MED011,0.0,2026-04-04,2027-02-16,2026-04-04,318,active
BAT01877,DC002,MED013,0.0,2026-04-02,2027-03-09,2026-04-02,341,active
BAT01878,DC004,MED015,0.0,2026-04-04,2027-05-08,2026-04-04,399,active
BAT01879,DC003,MED019,0.0,2026-04-02,2027-08-23,2026-04-02,508,active
BAT01880,DC007,MED021,0.0,2026-04-03,2027-08-23,2026-04-03,507,active
BAT01881,DC003,MED023,0.0,2026-04-02,2027-03-05,2026-04-02,337,active
BAT01882,DC008,MED024,0.0,2026-04-04,2027-06-06,2026-04-04,428,active
BAT01883,DC005,MED026,0.0,2026-04-05,2027-07-05,2026-04-05,456,active
BAT01884,DC007,MED027,0.0,2026-04-03,2027-06-21,2026-04-03,444,active
BAT01885,DC004,MED029,0.0,2026-04-04,2026-11-04,2026-04-04,214,near_expiry
BAT01886,DC008,MED029,0.0,2026-04-04,2026-11-04,2026-04-04,214,near_expiry
BAT01887,DC004,MED030,0.0,2026-04-04,2027-01-18,2026-04-04,289,active
BAT01888,DC007,MED030,0.0,2026-04-03,2027-01-17,2026-04-03,289,active
BAT01889,DC004,MED032,0.0,2026-04-04,2026-10-28,2026-04-04,207,near_expiry
BAT01890,DC008,MED032,0.0,2026-04-04,2026-10-28,2026-04-04,207,near_expiry
BAT01891,DC002,MED033,0.0,2026-04-02,2027-02-03,2026-04-02,307,active
BAT01892,DC008,MED033,0.0,2026-04-04,2027-02-05,2026-04-04,307,active
BAT01893,DC002,MED035,0.0,2026-04-02,2026-10-24,2026-04-02,205,near_expiry
BAT01894,DC008,MED036,0.0,2026-04-04,2027-06-06,2026-04-04,428,active
BAT01895,DC006,MED037,0.0,2026-04-06,2026-10-04,2026-04-06,181,near_expiry
BAT01896,DC008,MED040,0.0,2026-04-04,2027-06-29,2026-04-04,451,active
BAT01897,DC001,MED003,0.0,2026-04-04,2027-01-21,2026-04-04,292,active
BAT01898,DC005,MED003,0.0,2026-04-06,2027-01-23,2026-04-06,292,active
BAT01899,DC001,MED005,0.0,2026-04-04,2026-11-22,2026-04-04,232,active
BAT01900,DC001,MED007,0.0,2026-04-04,2027-02-28,2026-04-04,330,active
BAT01901,DC002,MED009,0.0,2026-04-03,2027-04-04,2026-04-03,366,active
BAT01902,DC005,MED009,0.0,2026-04-06,2027-04-07,2026-04-06,366,active
BAT01903,DC004,MED011,0.0,2026-04-05,2027-02-17,2026-04-05,318,active
BAT01904,DC003,MED012,0.0,2026-04-03,2026-10-16,2026-04-03,196,near_expiry
BAT01905,DC001,MED014,0.0,2026-04-04,2027-02-13,2026-04-04,315,active
BAT01906,DC003,MED014,0.0,2026-04-03,2027-02-12,2026-04-03,315,active
BAT01907,DC002,MED015,0.0,2026-04-03,2027-05-07,2026-04-03,399,active
BAT01908,DC006,MED015,0.0,2026-04-07,2027-05-11,2026-04-07,399,active
BAT01909,DC008,MED015,0.0,2026-04-05,2027-05-09,2026-04-05,399,active
BAT01910,DC008,MED016,0.0,2026-04-05,2026-11-17,2026-04-05,226,active
BAT01911,DC005,MED017,0.0,2026-04-06,2027-08-04,2026-04-06,485,active
BAT01912,DC006,MED018,0.0,2026-04-07,2027-07-14,2026-04-07,463,active
BAT01913,DC001,MED020,0.0,2026-04-04,2027-02-12,2026-04-04,314,active
BAT01914,DC001,MED022,0.0,2026-04-04,2027-06-29,2026-04-04,451,active
BAT01915,DC007,MED022,0.0,2026-04-04,2027-06-29,2026-04-04,451,active
BAT01916,DC008,MED022,0.0,2026-04-05,2027-06-30,2026-04-05,451,active
BAT01917,DC003,MED026,0.0,2026-04-03,2027-07-03,2026-04-03,456,active
BAT01918,DC007,MED026,0.0,2026-04-04,2027-07-04,2026-04-04,456,active
BAT01919,DC001,MED027,0.0,2026-04-04,2027-06-22,2026-04-04,444,active
BAT01920,DC002,MED027,0.0,2026-04-03,2027-06-21,2026-04-03,444,active
BAT01921,DC006,MED028,0.0,2026-04-07,2027-07-14,2026-04-07,463,active
BAT01922,DC002,MED029,0.0,2026-04-03,2026-11-03,2026-04-03,214,near_expiry
BAT01923,DC003,MED029,0.0,2026-04-03,2026-11-03,2026-04-03,214,near_expiry
BAT01924,DC005,MED029,0.0,2026-04-06,2026-11-06,2026-04-06,214,near_expiry
BAT01925,DC003,MED030,0.0,2026-04-03,2027-01-17,2026-04-03,289,active
BAT01926,DC001,MED032,0.0,2026-04-04,2026-10-28,2026-04-04,207,near_expiry
BAT01927,DC005,MED032,0.0,2026-04-06,2026-10-30,2026-04-06,207,near_expiry
BAT01928,DC006,MED033,0.0,2026-04-07,2027-02-08,2026-04-07,307,active
BAT01929,DC007,MED033,0.0,2026-04-04,2027-02-05,2026-04-04,307,active
BAT01930,DC001,MED034,0.0,2026-04-04,2027-05-25,2026-04-04,416,active
BAT01931,DC002,MED034,0.0,2026-04-03,2027-05-24,2026-04-03,416,active
BAT01932,DC003,MED035,0.0,2026-04-03,2026-10-25,2026-04-03,205,near_expiry
BAT01933,DC003,MED036,0.0,2026-04-03,2027-06-05,2026-04-03,428,active
BAT01934,DC008,MED037,0.0,2026-04-05,2026-10-03,2026-04-05,181,near_expiry
BAT01935,DC002,MED003,0.0,2026-04-04,2027-01-21,2026-04-04,292,active
BAT01936,DC008,MED003,0.0,2026-04-06,2027-01-23,2026-04-06,292,active
BAT01937,DC002,MED004,0.0,2026-04-04,2027-09-23,2026-04-04,537,active
BAT01938,DC004,MED004,0.0,2026-04-06,2027-09-25,2026-04-06,537,active
BAT01939,DC007,MED004,0.0,2026-04-05,2027-09-24,2026-04-05,537,active
BAT01940,DC005,MED006,0.0,2026-04-07,2026-10-26,2026-04-07,202,near_expiry
BAT01941,DC007,MED007,0.0,2026-04-05,2027-03-01,2026-04-05,330,active
BAT01942,DC007,MED008,0.0,2026-04-05,2027-02-27,2026-04-05,328,active
BAT01943,DC007,MED009,0.0,2026-04-05,2027-04-06,2026-04-05,366,active
BAT01944,DC004,MED012,0.0,2026-04-06,2026-10-19,2026-04-06,196,near_expiry
BAT01945,DC002,MED014,0.0,2026-04-04,2027-02-13,2026-04-04,315,active
BAT01946,DC008,MED018,0.0,2026-04-06,2027-07-13,2026-04-06,463,active
BAT01947,DC001,MED021,0.0,2026-04-05,2027-08-25,2026-04-05,507,active
BAT01948,DC006,MED022,0.0,2026-04-08,2027-07-03,2026-04-08,451,active
BAT01949,DC002,MED023,0.0,2026-04-04,2027-03-07,2026-04-04,337,active
BAT01950,DC005,MED023,0.0,2026-04-07,2027-03-10,2026-04-07,337,active
BAT01951,DC007,MED023,0.0,2026-04-05,2027-03-08,2026-04-05,337,active
BAT01952,DC008,MED023,0.0,2026-04-06,2027-03-09,2026-04-06,337,active
BAT01953,DC002,MED024,0.0,2026-04-04,2027-06-06,2026-04-04,428,active
BAT01954,DC003,MED025,0.0,2026-04-04,2027-07-09,2026-04-04,461,active
BAT01955,DC008,MED026,0.0,2026-04-06,2027-07-06,2026-04-06,456,active
BAT01956,DC003,MED027,0.0,2026-04-04,2027-06-22,2026-04-04,444,active
BAT01957,DC008,MED027,0.0,2026-04-06,2027-06-24,2026-04-06,444,active
BAT01958,DC008,MED028,0.0,2026-04-06,2027-07-13,2026-04-06,463,active
BAT01959,DC001,MED029,0.0,2026-04-05,2026-11-05,2026-04-05,214,near_expiry
BAT01960,DC006,MED029,0.0,2026-04-08,2026-11-08,2026-04-08,214,near_expiry
BAT01961,DC005,MED030,0.0,2026-04-07,2027-01-21,2026-04-07,289,active
BAT01962,DC003,MED032,0.0,2026-04-04,2026-10-28,2026-04-04,207,near_expiry
BAT01963,DC005,MED034,0.0,2026-04-07,2027-05-28,2026-04-07,416,active
BAT01964,DC005,MED036,0.0,2026-04-07,2027-06-09,2026-04-07,428,active
BAT01965,DC004,MED037,0.0,2026-04-06,2026-10-04,2026-04-06,181,near_expiry
BAT01966,DC002,MED038,0.0,2026-04-04,2027-09-22,2026-04-04,536,active
BAT01967,DC004,MED038,0.0,2026-04-06,2027-09-24,2026-04-06,536,active
BAT01968,DC008,MED038,0.0,2026-04-06,2027-09-24,2026-04-06,536,active
BAT01969,DC004,MED002,0.0,2026-04-07,2027-08-08,2026-04-07,488,active
BAT01970,DC003,MED004,0.0,2026-04-05,2027-09-24,2026-04-05,537,active
BAT01971,DC004,MED006,0.0,2026-04-07,2026-10-26,2026-04-07,202,near_expiry
BAT01972,DC003,MED007,0.0,2026-04-05,2027-03-01,2026-04-05,330,active
BAT01973,DC004,MED007,0.0,2026-04-07,2027-03-03,2026-04-07,330,active
BAT01974,DC006,MED007,0.0,2026-04-09,2027-03-05,2026-04-09,330,active
BAT01975,DC002,MED008,0.0,2026-04-05,2027-02-27,2026-04-05,328,active
BAT01976,DC001,MED010,0.0,2026-04-06,2027-09-17,2026-04-06,529,active
BAT01977,DC005,MED011,0.0,2026-04-08,2027-02-20,2026-04-08,318,active
BAT01978,DC001,MED012,0.0,2026-04-06,2026-10-19,2026-04-06,196,near_expiry
BAT01979,DC001,MED013,0.0,2026-04-06,2027-03-13,2026-04-06,341,active
BAT01980,DC003,MED015,0.0,2026-04-05,2027-05-09,2026-04-05,399,active
BAT01981,DC005,MED015,0.0,2026-04-08,2027-05-12,2026-04-08,399,active
BAT01982,DC004,MED016,0.0,2026-04-07,2026-11-19,2026-04-07,226,active
BAT01983,DC001,MED017,0.0,2026-04-06,2027-08-04,2026-04-06,485,active
BAT01984,DC003,MED018,0.0,2026-04-05,2027-07-12,2026-04-05,463,active
BAT01985,DC005,MED018,0.0,2026-04-08,2027-07-15,2026-04-08,463,active
BAT01986,DC005,MED019,0.0,2026-04-08,2027-08-29,2026-04-08,508,active
BAT01987,DC006,MED019,0.0,2026-04-09,2027-08-30,2026-04-09,508,active
BAT01988,DC002,MED021,0.0,2026-04-05,2027-08-25,2026-04-05,507,active
BAT01989,DC005,MED022,0.0,2026-04-08,2027-07-03,2026-04-08,451,active
BAT01990,DC006,MED023,0.0,2026-04-09,2027-03-12,2026-04-09,337,active
BAT01991,DC004,MED024,0.0,2026-04-07,2027-06-09,2026-04-07,428,active
BAT01992,DC002,MED025,0.0,2026-04-05,2027-07-10,2026-04-05,461,active
BAT01993,DC005,MED025,0.0,2026-04-08,2027-07-13,2026-04-08,461,active
BAT01994,DC007,MED025,0.0,2026-04-06,2027-07-11,2026-04-06,461,active
BAT01995,DC004,MED026,0.0,2026-04-07,2027-07-07,2026-04-07,456,active
BAT01996,DC006,MED027,0.0,2026-04-09,2027-06-27,2026-04-09,444,active
BAT01997,DC008,MED030,0.0,2026-04-07,2027-01-21,2026-04-07,289,active
BAT01998,DC004,MED031,0.0,2026-04-07,2026-11-21,2026-04-07,228,active
BAT01999,DC005,MED031,0.0,2026-04-08,2026-11-22,2026-04-08,228,active
BAT02000,DC002,MED032,0.0,2026-04-05,2026-10-29,2026-04-05,207,near_expiry
BAT02001,DC003,MED034,0.0,2026-04-05,2027-05-26,2026-04-05,416,active
BAT02002,DC007,MED038,0.0,2026-04-06,2027-09-24,2026-04-06,536,active
BAT02003,DC001,MED039,0.0,2026-04-06,2027-07-07,2026-04-06,457,active
BAT02004,DC004,MED039,0.0,2026-04-07,2027-07-08,2026-04-07,457,active
BAT02005,DC001,MED001,0.0,2026-04-07,2026-11-25,2026-04-07,232,active
BAT02006,DC007,MED001,0.0,2026-04-07,2026-11-25,2026-04-07,232,active
BAT02007,DC002,MED002,0.0,2026-04-06,2027-08-07,2026-04-06,488,active
BAT02008,DC006,MED003,0.0,2026-04-10,2027-01-27,2026-04-10,292,active
BAT02009,DC001,MED004,0.0,2026-04-07,2027-09-26,2026-04-07,537,active
BAT02010,DC005,MED005,0.0,2026-04-09,2026-11-27,2026-04-09,232,active
BAT02011,DC003,MED009,0.0,2026-04-06,2027-04-07,2026-04-06,366,active
BAT02012,DC004,MED009,0.0,2026-04-08,2027-04-09,2026-04-08,366,active
BAT02013,DC005,MED012,0.0,2026-04-09,2026-10-22,2026-04-09,196,near_expiry
BAT02014,DC004,MED013,0.0,2026-04-08,2027-03-15,2026-04-08,341,active
BAT02015,DC007,MED013,0.0,2026-04-07,2027-03-14,2026-04-07,341,active
BAT02016,DC004,MED014,0.0,2026-04-08,2027-02-17,2026-04-08,315,active
BAT02017,DC008,MED014,0.0,2026-04-08,2027-02-17,2026-04-08,315,active
BAT02018,DC007,MED015,0.0,2026-04-07,2027-05-11,2026-04-07,399,active
BAT02019,DC002,MED016,0.0,2026-04-06,2026-11-18,2026-04-06,226,active
BAT02020,DC005,MED016,0.0,2026-04-09,2026-11-21,2026-04-09,226,active
BAT02021,DC001,MED018,0.0,2026-04-07,2027-07-14,2026-04-07,463,active
BAT02022,DC002,MED018,0.0,2026-04-06,2027-07-13,2026-04-06,463,active
BAT02023,DC007,MED018,0.0,2026-04-07,2027-07-14,2026-04-07,463,active
BAT02024,DC007,MED019,0.0,2026-04-07,2027-08-28,2026-04-07,508,active
BAT02025,DC008,MED019,0.0,2026-04-08,2027-08-29,2026-04-08,508,active
BAT02026,DC006,MED026,0.0,2026-04-10,2027-07-10,2026-04-10,456,active
BAT02027,DC005,MED027,0.0,2026-04-09,2027-06-27,2026-04-09,444,active
BAT02028,DC002,MED030,0.0,2026-04-06,2027-01-20,2026-04-06,289,active
BAT02029,DC001,MED031,0.0,2026-04-07,2026-11-21,2026-04-07,228,active
BAT02030,DC006,MED031,0.0,2026-04-10,2026-11-24,2026-04-10,228,active
BAT02031,DC005,MED033,0.0,2026-04-09,2027-02-10,2026-04-09,307,active
BAT02032,DC007,MED034,0.0,2026-04-07,2027-05-28,2026-04-07,416,active
BAT02033,DC008,MED034,0.0,2026-04-08,2027-05-29,2026-04-08,416,active
BAT02034,DC005,MED035,0.0,2026-04-09,2026-10-31,2026-04-09,205,near_expiry
BAT02035,DC002,MED036,0.0,2026-04-06,2027-06-08,2026-04-06,428,active
BAT02036,DC006,MED036,0.0,2026-04-10,2027-06-12,2026-04-10,428,active
BAT02037,DC007,MED037,0.0,2026-04-07,2026-10-05,2026-04-07,181,near_expiry
BAT02038,DC005,MED038,0.0,2026-04-09,2027-09-27,2026-04-09,536,active
BAT02039,DC006,MED001,0.0,2026-04-11,2026-11-29,2026-04-11,232,active
BAT02040,DC004,MED003,0.0,2026-04-09,2027-01-26,2026-04-09,292,active
BAT02041,DC005,MED004,0.0,2026-04-10,2027-09-29,2026-04-10,537,active
BAT02042,DC008,MED004,0.0,2026-04-09,2027-09-28,2026-04-09,537,active
BAT02043,DC005,MED007,0.0,2026-04-10,2027-03-06,2026-04-10,330,active
BAT02044,DC008,MED007,0.0,2026-04-09,2027-03-05,2026-04-09,330,active
BAT02045,DC003,MED008,0.0,2026-04-07,2027-03-01,2026-04-07,328,active
BAT02046,DC005,MED008,0.0,2026-04-10,2027-03-04,2026-04-10,328,active
BAT02047,DC008,MED008,0.0,2026-04-09,2027-03-03,2026-04-09,328,active
BAT02048,DC001,MED009,0.0,2026-04-08,2027-04-09,2026-04-08,366,active
BAT02049,DC003,MED010,0.0,2026-04-07,2027-09-18,2026-04-07,529,active
BAT02050,DC008,MED010,0.0,2026-04-09,2027-09-20,2026-04-09,529,active
BAT02051,DC001,MED011,0.0,2026-04-08,2027-02-20,2026-04-08,318,active
BAT02052,DC002,MED011,0.0,2026-04-07,2027-02-19,2026-04-07,318,active
BAT02053,DC006,MED012,0.0,2026-04-11,2026-10-24,2026-04-11,196,near_expiry
BAT02054,DC007,MED012,0.0,2026-04-08,2026-10-21,2026-04-08,196,near_expiry
BAT02055,DC003,MED013,0.0,2026-04-07,2027-03-14,2026-04-07,341,active
BAT02056,DC005,MED013,0.0,2026-04-10,2027-03-17,2026-04-10,341,active
BAT02057,DC006,MED013,0.0,2026-04-11,2027-03-18,2026-04-11,341,active
BAT02058,DC008,MED013,0.0,2026-04-09,2027-03-16,2026-04-09,341,active
BAT02059,DC007,MED014,0.0,2026-04-08,2027-02-17,2026-04-08,315,active
BAT02060,DC003,MED016,0.0,2026-04-07,2026-11-19,2026-04-07,226,active
BAT02061,DC006,MED016,0.0,2026-04-11,2026-11-23,2026-04-11,226,active
BAT02062,DC004,MED018,0.0,2026-04-09,2027-07-16,2026-04-09,463,active
BAT02063,DC004,MED021,0.0,2026-04-09,2027-08-29,2026-04-09,507,active
BAT02064,DC008,MED021,0.0,2026-04-09,2027-08-29,2026-04-09,507,active
BAT02065,DC004,MED022,0.0,2026-04-09,2027-07-04,2026-04-09,451,active
BAT02066,DC005,MED024,0.0,2026-04-10,2027-06-12,2026-04-10,428,active
BAT02067,DC006,MED024,0.0,2026-04-11,2027-06-13,2026-04-11,428,active
BAT02068,DC004,MED025,0.0,2026-04-09,2027-07-14,2026-04-09,461,active
BAT02069,DC008,MED025,0.0,2026-04-09,2027-07-14,2026-04-09,461,active
BAT02070,DC002,MED026,0.0,2026-04-07,2027-07-07,2026-04-07,456,active
BAT02071,DC007,MED028,0.0,2026-04-08,2027-07-15,2026-04-08,463,active
BAT02072,DC007,MED029,0.0,2026-04-08,2026-11-08,2026-04-08,214,near_expiry
BAT02073,DC002,MED031,0.0,2026-04-07,2026-11-21,2026-04-07,228,active
BAT02074,DC008,MED031,0.0,2026-04-09,2026-11-23,2026-04-09,228,active
BAT02075,DC001,MED033,0.0,2026-04-08,2027-02-09,2026-04-08,307,active
BAT02076,DC006,MED034,0.0,2026-04-11,2027-06-01,2026-04-11,416,active
BAT02077,DC007,MED035,0.0,2026-04-08,2026-10-30,2026-04-08,205,near_expiry
BAT02078,DC002,MED037,0.0,2026-04-07,2026-10-05,2026-04-07,181,near_expiry
BAT02079,DC003,MED037,0.0,2026-04-07,2026-10-05,2026-04-07,181,near_expiry
BAT02080,DC005,MED037,0.0,2026-04-10,2026-10-08,2026-04-10,181,near_expiry
BAT02081,DC003,MED006,0.0,2026-04-08,2026-10-27,2026-04-08,202,near_expiry
BAT02082,DC006,MED008,0.0,2026-04-12,2027-03-06,2026-04-12,328,active
BAT02083,DC006,MED010,0.0,2026-04-12,2027-09-23,2026-04-12,529,active
BAT02084,DC008,MED012,0.0,2026-04-10,2026-10-23,2026-04-10,196,near_expiry
BAT02085,DC001,MED016,0.0,2026-04-09,2026-11-21,2026-04-09,226,active
BAT02086,DC002,MED019,0.0,2026-04-08,2027-08-29,2026-04-08,508,active
BAT02087,DC004,MED019,0.0,2026-04-10,2027-08-31,2026-04-10,508,active
BAT02088,DC006,MED021,0.0,2026-04-12,2027-09-01,2026-04-12,507,active
BAT02089,DC004,MED023,0.0,2026-04-10,2027-03-13,2026-04-10,337,active
BAT02090,DC001,MED025,0.0,2026-04-09,2027-07-14,2026-04-09,461,active
BAT02091,DC006,MED030,0.0,2026-04-12,2027-01-26,2026-04-12,289,active
BAT02092,DC003,MED031,0.0,2026-04-08,2026-11-22,2026-04-08,228,active
BAT02093,DC007,MED031,0.0,2026-04-09,2026-11-23,2026-04-09,228,active
BAT02094,DC004,MED033,0.0,2026-04-10,2027-02-11,2026-04-10,307,active
BAT02095,DC004,MED034,0.0,2026-04-10,2027-05-31,2026-04-10,416,active
BAT02096,DC004,MED036,0.0,2026-04-10,2027-06-12,2026-04-10,428,active
BAT02097,DC004,MED040,0.0,2026-04-10,2027-07-05,2026-04-10,451,active
BAT02098,DC005,MED040,0.0,2026-04-11,2027-07-06,2026-04-11,451,active
BAT02099,DC001,MED002,0.0,2026-04-10,2027-08-11,2026-04-10,488,active
BAT02100,DC006,MED004,0.0,2026-04-13,2027-10-02,2026-04-13,537,active
BAT02101,DC003,MED005,0.0,2026-04-09,2026-11-27,2026-04-09,232,active
BAT02102,DC008,MED009,0.0,2026-04-11,2027-04-12,2026-04-11,366,active
BAT02103,DC005,MED010,0.0,2026-04-12,2027-09-23,2026-04-12,529,active
BAT02104,DC007,MED010,0.0,2026-04-10,2027-09-21,2026-04-10,529,active
BAT02105,DC005,MED014,0.0,2026-04-12,2027-02-21,2026-04-12,315,active
BAT02106,DC001,MED015,0.0,2026-04-10,2027-05-14,2026-04-10,399,active
BAT02107,DC007,MED016,0.0,2026-04-10,2026-11-22,2026-04-10,226,active
BAT02108,DC006,MED020,0.0,2026-04-13,2027-02-21,2026-04-13,314,active
BAT02109,DC002,MED022,0.0,2026-04-09,2027-07-04,2026-04-09,451,active
BAT02110,DC006,MED025,0.0,2026-04-13,2027-07-18,2026-04-13,461,active
BAT02111,DC001,MED026,0.0,2026-04-10,2027-07-10,2026-04-10,456,active
BAT02112,DC001,MED028,0.0,2026-04-10,2027-07-17,2026-04-10,463,active
BAT02113,DC005,MED028,0.0,2026-04-12,2027-07-19,2026-04-12,463,active
BAT02114,DC007,MED032,0.0,2026-04-10,2026-11-03,2026-04-10,207,near_expiry
BAT02115,DC007,MED003,0.0,2026-04-11,2027-01-28,2026-04-11,292,active
BAT02116,DC001,MED006,0.0,2026-04-11,2026-10-30,2026-04-11,202,near_expiry
BAT02117,DC008,MED006,0.0,2026-04-12,2026-10-31,2026-04-12,202,near_expiry
BAT02118,DC002,MED007,0.0,2026-04-10,2027-03-06,2026-04-10,330,active
BAT02119,DC001,MED008,0.0,2026-04-11,2027-03-05,2026-04-11,328,active
BAT02120,DC004,MED008,0.0,2026-04-12,2027-03-06,2026-04-12,328,active
BAT02121,DC006,MED009,0.0,2026-04-14,2027-04-15,2026-04-14,366,active
BAT02122,DC006,MED011,0.0,2026-04-14,2027-02-26,2026-04-14,318,active
BAT02123,DC002,MED013,0.0,2026-04-10,2027-03-17,2026-04-10,341,active
BAT02124,DC002,MED015,0.0,2026-04-10,2027-05-14,2026-04-10,399,active
BAT02125,DC002,MED020,0.0,2026-04-10,2027-02-18,2026-04-10,314,active
BAT02126,DC004,MED020,0.0,2026-04-12,2027-02-20,2026-04-12,314,active
BAT02127,DC007,MED020,0.0,2026-04-11,2027-02-19,2026-04-11,314,active
BAT02128,DC005,MED021,0.0,2026-04-13,2027-09-02,2026-04-13,507,active
BAT02129,DC001,MED024,0.0,2026-04-11,2027-06-13,2026-04-11,428,active
BAT02130,DC004,MED027,0.0,2026-04-12,2027-06-30,2026-04-12,444,active
BAT02131,DC002,MED029,0.0,2026-04-10,2026-11-10,2026-04-10,214,near_expiry
BAT02132,DC003,MED029,0.0,2026-04-10,2026-11-10,2026-04-10,214,near_expiry
BAT02133,DC007,MED030,0.0,2026-04-11,2027-01-25,2026-04-11,289,active
BAT02134,DC006,MED032,0.0,2026-04-14,2026-11-07,2026-04-14,207,near_expiry
BAT02135,DC008,MED032,0.0,2026-04-12,2026-11-05,2026-04-12,207,near_expiry
BAT02136,DC003,MED033,0.0,2026-04-10,2027-02-11,2026-04-10,307,active
BAT02137,DC008,MED033,0.0,2026-04-12,2027-02-13,2026-04-12,307,active
BAT02138,DC006,MED035,0.0,2026-04-14,2026-11-05,2026-04-14,205,near_expiry
BAT02139,DC001,MED036,0.0,2026-04-11,2027-06-13,2026-04-11,428,active
BAT02140,DC001,MED037,0.0,2026-04-11,2026-10-09,2026-04-11,181,near_expiry
BAT02141,DC006,MED037,0.0,2026-04-14,2026-10-12,2026-04-14,181,near_expiry
BAT02142,DC001,MED038,0.0,2026-04-11,2027-09-29,2026-04-11,536,active
BAT02143,DC003,MED038,0.0,2026-04-10,2027-09-28,2026-04-10,536,active
BAT02144,DC006,MED038,0.0,2026-04-14,2027-10-02,2026-04-14,536,active
BAT02145,DC002,MED039,0.0,2026-04-10,2027-07-11,2026-04-10,457,active
BAT02146,DC001,MED040,0.0,2026-04-11,2027-07-06,2026-04-11,451,active
BAT02147,DC003,MED040,0.0,2026-04-10,2027-07-05,2026-04-10,451,active
BAT02148,DC008,MED040,0.0,2026-04-12,2027-07-07,2026-04-12,451,active
BAT02149,DC008,MED002,0.0,2026-04-13,2027-08-14,2026-04-13,488,active
BAT02150,DC001,MED003,0.0,2026-04-12,2027-01-29,2026-04-12,292,active
BAT02151,DC003,MED003,0.0,2026-04-11,2027-01-28,2026-04-11,292,active
BAT02152,DC002,MED005,0.0,2026-04-11,2026-11-29,2026-04-11,232,active
BAT02153,DC004,MED005,0.0,2026-04-13,2026-12-01,2026-04-13,232,active
BAT02154,DC006,MED005,0.0,2026-04-15,2026-12-03,2026-04-15,232,active
BAT02155,DC002,MED009,0.0,2026-04-11,2027-04-12,2026-04-11,366,active
BAT02156,DC005,MED009,0.0,2026-04-14,2027-04-15,2026-04-14,366,active
BAT02157,DC002,MED010,0.0,2026-04-11,2027-09-22,2026-04-11,529,active
BAT02158,DC004,MED010,0.0,2026-04-13,2027-09-24,2026-04-13,529,active
BAT02159,DC002,MED014,0.0,2026-04-11,2027-02-20,2026-04-11,315,active
BAT02160,DC004,MED015,0.0,2026-04-13,2027-05-17,2026-04-13,399,active
BAT02161,DC008,MED015,0.0,2026-04-13,2027-05-17,2026-04-13,399,active
BAT02162,DC008,MED018,0.0,2026-04-13,2027-07-20,2026-04-13,463,active
BAT02163,DC001,MED019,0.0,2026-04-12,2027-09-02,2026-04-12,508,active
BAT02164,DC003,MED021,0.0,2026-04-11,2027-08-31,2026-04-11,507,active
BAT02165,DC007,MED021,0.0,2026-04-12,2027-09-01,2026-04-12,507,active
BAT02166,DC001,MED022,0.0,2026-04-12,2027-07-07,2026-04-12,451,active
BAT02167,DC003,MED022,0.0,2026-04-11,2027-07-06,2026-04-11,451,active
BAT02168,DC001,MED023,0.0,2026-04-12,2027-03-15,2026-04-12,337,active
BAT02169,DC003,MED023,0.0,2026-04-11,2027-03-14,2026-04-11,337,active
BAT02170,DC008,MED024,0.0,2026-04-13,2027-06-15,2026-04-13,428,active
BAT02171,DC005,MED026,0.0,2026-04-14,2027-07-14,2026-04-14,456,active
BAT02172,DC001,MED027,0.0,2026-04-12,2027-06-30,2026-04-12,444,active
BAT02173,DC007,MED027,0.0,2026-04-12,2027-06-30,2026-04-12,444,active
BAT02174,DC001,MED029,0.0,2026-04-12,2026-11-12,2026-04-12,214,active
BAT02175,DC004,MED029,0.0,2026-04-13,2026-11-13,2026-04-13,214,active
BAT02176,DC005,MED029,0.0,2026-04-14,2026-11-14,2026-04-14,214,active
BAT02177,DC008,MED029,0.0,2026-04-13,2026-11-13,2026-04-13,214,active
BAT02178,DC004,MED032,0.0,2026-04-13,2026-11-06,2026-04-13,207,near_expiry
BAT02179,DC005,MED032,0.0,2026-04-14,2026-11-07,2026-04-14,207,near_expiry
BAT02180,DC002,MED033,0.0,2026-04-11,2027-02-12,2026-04-11,307,active
BAT02181,DC006,MED033,0.0,2026-04-15,2027-02-16,2026-04-15,307,active
BAT02182,DC001,MED034,0.0,2026-04-12,2027-06-02,2026-04-12,416,active
BAT02183,DC002,MED034,0.0,2026-04-11,2027-06-01,2026-04-11,416,active
BAT02184,DC008,MED035,0.0,2026-04-13,2026-11-04,2026-04-13,205,near_expiry
BAT02185,DC005,MED003,0.0,2026-04-15,2027-02-01,2026-04-15,292,active
BAT02186,DC002,MED004,0.0,2026-04-12,2027-10-01,2026-04-12,537,active
BAT02187,DC007,MED004,0.0,2026-04-13,2027-10-02,2026-04-13,537,active
BAT02188,DC001,MED005,0.0,2026-04-13,2026-12-01,2026-04-13,232,active
BAT02189,DC007,MED005,0.0,2026-04-13,2026-12-01,2026-04-13,232,active
BAT02190,DC005,MED006,0.0,2026-04-15,2026-11-03,2026-04-15,202,near_expiry
BAT02191,DC001,MED007,0.0,2026-04-13,2027-03-09,2026-04-13,330,active
BAT02192,DC007,MED008,0.0,2026-04-13,2027-03-07,2026-04-13,328,active
BAT02193,DC004,MED011,0.0,2026-04-14,2027-02-26,2026-04-14,318,active
BAT02194,DC007,MED011,0.0,2026-04-13,2027-02-25,2026-04-13,318,active
BAT02195,DC003,MED012,0.0,2026-04-12,2026-10-25,2026-04-12,196,near_expiry
BAT02196,DC001,MED014,0.0,2026-04-13,2027-02-22,2026-04-13,315,active
BAT02197,DC003,MED014,0.0,2026-04-12,2027-02-21,2026-04-12,315,active
BAT02198,DC006,MED014,0.0,2026-04-16,2027-02-25,2026-04-16,315,active
BAT02199,DC006,MED015,0.0,2026-04-16,2027-05-20,2026-04-16,399,active
BAT02200,DC008,MED016,0.0,2026-04-14,2026-11-26,2026-04-14,226,active
BAT02201,DC006,MED018,0.0,2026-04-16,2027-07-23,2026-04-16,463,active
BAT02202,DC003,MED019,0.0,2026-04-12,2027-09-02,2026-04-12,508,active
BAT02203,DC001,MED021,0.0,2026-04-13,2027-09-02,2026-04-13,507,active
BAT02204,DC008,MED022,0.0,2026-04-14,2027-07-09,2026-04-14,451,active
BAT02205,DC005,MED023,0.0,2026-04-15,2027-03-18,2026-04-15,337,active
BAT02206,DC002,MED024,0.0,2026-04-12,2027-06-14,2026-04-12,428,active
BAT02207,DC003,MED025,0.0,2026-04-12,2027-07-17,2026-04-12,461,active
BAT02208,DC003,MED026,0.0,2026-04-12,2027-07-12,2026-04-12,456,active
BAT02209,DC007,MED026,0.0,2026-04-13,2027-07-13,2026-04-13,456,active
BAT02210,DC002,MED027,0.0,2026-04-12,2027-06-30,2026-04-12,444,active
BAT02211,DC008,MED027,0.0,2026-04-14,2027-07-02,2026-04-14,444,active
BAT02212,DC002,MED028,0.0,2026-04-12,2027-07-19,2026-04-12,463,active
BAT02213,DC006,MED029,0.0,2026-04-16,2026-11-16,2026-04-16,214,active
BAT02214,DC001,MED030,0.0,2026-04-13,2027-01-27,2026-04-13,289,active
BAT02215,DC004,MED030,0.0,2026-04-14,2027-01-28,2026-04-14,289,active
BAT02216,DC005,MED030,0.0,2026-04-15,2027-01-29,2026-04-15,289,active
BAT02217,DC001,MED032,0.0,2026-04-13,2026-11-06,2026-04-13,207,near_expiry
BAT02218,DC007,MED033,0.0,2026-04-13,2027-02-14,2026-04-13,307,active
BAT02219,DC004,MED035,0.0,2026-04-14,2026-11-05,2026-04-14,205,near_expiry
BAT02220,DC007,MED036,0.0,2026-04-13,2027-06-15,2026-04-13,428,active
BAT02221,DC008,MED037,0.0,2026-04-14,2026-10-12,2026-04-14,181,near_expiry
BAT02222,DC002,MED038,0.0,2026-04-12,2027-09-30,2026-04-12,536,active
BAT02223,DC004,MED038,0.0,2026-04-14,2027-10-02,2026-04-14,536,active
BAT02224,DC008,MED038,0.0,2026-04-14,2027-10-02,2026-04-14,536,active
BAT02225,DC006,MED039,0.0,2026-04-16,2027-07-17,2026-04-16,457,active
BAT02226,DC007,MED040,0.0,2026-04-13,2027-07-08,2026-04-13,451,active
BAT02227,DC004,MED002,0.0,2026-04-15,2027-08-16,2026-04-15,488,active
BAT02228,DC002,MED003,0.0,2026-04-13,2027-01-30,2026-04-13,292,active
BAT02229,DC008,MED003,0.0,2026-04-15,2027-02-01,2026-04-15,292,active
BAT02230,DC004,MED004,0.0,2026-04-15,2027-10-04,2026-04-15,537,active
BAT02231,DC004,MED006,0.0,2026-04-15,2026-11-03,2026-04-15,202,near_expiry
BAT02232,DC007,MED007,0.0,2026-04-14,2027-03-10,2026-04-14,330,active
BAT02233,DC002,MED008,0.0,2026-04-13,2027-03-07,2026-04-13,328,active
BAT02234,DC003,MED009,0.0,2026-04-13,2027-04-14,2026-04-13,366,active
BAT02235,DC007,MED009,0.0,2026-04-14,2027-04-15,2026-04-14,366,active
BAT02236,DC008,MED011,0.0,2026-04-15,2027-02-27,2026-04-15,318,active
BAT02237,DC005,MED012,0.0,2026-04-16,2026-10-29,2026-04-16,196,near_expiry
BAT02238,DC001,MED013,0.0,2026-04-14,2027-03-21,2026-04-14,341,active
BAT02239,DC008,MED014,0.0,2026-04-15,2027-02-24,2026-04-15,315,active
BAT02240,DC003,MED015,0.0,2026-04-13,2027-05-17,2026-04-13,399,active
BAT02241,DC005,MED015,0.0,2026-04-16,2027-05-20,2026-04-16,399,active
BAT02242,DC002,MED016,0.0,2026-04-13,2026-11-25,2026-04-13,226,active
BAT02243,DC001,MED018,0.0,2026-04-14,2027-07-21,2026-04-14,463,active
BAT02244,DC003,MED018,0.0,2026-04-13,2027-07-20,2026-04-13,463,active
BAT02245,DC005,MED018,0.0,2026-04-16,2027-07-23,2026-04-16,463,active
BAT02246,DC001,MED020,0.0,2026-04-14,2027-02-22,2026-04-14,314,active
BAT02247,DC002,MED023,0.0,2026-04-13,2027-03-16,2026-04-13,337,active
BAT02248,DC008,MED026,0.0,2026-04-15,2027-07-15,2026-04-15,456,active
BAT02249,DC003,MED027,0.0,2026-04-13,2027-07-01,2026-04-13,444,active
BAT02250,DC006,MED027,0.0,2026-04-17,2027-07-05,2026-04-17,444,active
BAT02251,DC006,MED028,0.0,2026-04-17,2027-07-24,2026-04-17,463,active
BAT02252,DC001,MED031,0.0,2026-04-14,2026-11-28,2026-04-14,228,active
BAT02253,DC004,MED031,0.0,2026-04-15,2026-11-29,2026-04-15,228,active
BAT02254,DC002,MED032,0.0,2026-04-13,2026-11-06,2026-04-13,207,near_expiry
BAT02255,DC003,MED032,0.0,2026-04-13,2026-11-06,2026-04-13,207,near_expiry
BAT02256,DC003,MED034,0.0,2026-04-13,2027-06-03,2026-04-13,416,active
BAT02257,DC005,MED034,0.0,2026-04-16,2027-06-06,2026-04-16,416,active
BAT02258,DC001,MED035,0.0,2026-04-14,2026-11-05,2026-04-14,205,near_expiry
BAT02259,DC002,MED035,0.0,2026-04-13,2026-11-04,2026-04-13,205,near_expiry
BAT02260,DC003,MED036,0.0,2026-04-13,2027-06-15,2026-04-13,428,active
BAT02261,DC008,MED036,0.0,2026-04-15,2027-06-17,2026-04-15,428,active
BAT02262,DC004,MED037,0.0,2026-04-15,2026-10-13,2026-04-15,181,near_expiry
BAT02263,DC006,MED040,0.0,2026-04-17,2027-07-12,2026-04-17,451,active
BAT02264,DC002,MED002,0.0,2026-04-14,2027-08-15,2026-04-14,488,active
BAT02265,DC004,MED003,0.0,2026-04-16,2027-02-02,2026-04-16,292,active
BAT02266,DC006,MED003,0.0,2026-04-18,2027-02-04,2026-04-18,292,active
BAT02267,DC001,MED004,0.0,2026-04-15,2027-10-04,2026-04-15,537,active
BAT02268,DC003,MED004,0.0,2026-04-14,2027-10-03,2026-04-14,537,active
BAT02269,DC005,MED005,0.0,2026-04-17,2026-12-05,2026-04-17,232,active
BAT02270,DC008,MED005,0.0,2026-04-16,2026-12-04,2026-04-16,232,active
BAT02271,DC003,MED007,0.0,2026-04-14,2027-03-10,2026-04-14,330,active
BAT02272,DC004,MED007,0.0,2026-04-16,2027-03-12,2026-04-16,330,active
BAT02273,DC006,MED007,0.0,2026-04-18,2027-03-14,2026-04-18,330,active
BAT02274,DC003,MED008,0.0,2026-04-14,2027-03-08,2026-04-14,328,active
BAT02275,DC005,MED011,0.0,2026-04-17,2027-03-01,2026-04-17,318,active
BAT02276,DC002,MED012,0.0,2026-04-14,2026-10-27,2026-04-14,196,near_expiry
BAT02277,DC004,MED012,0.0,2026-04-16,2026-10-29,2026-04-16,196,near_expiry
BAT02278,DC007,MED013,0.0,2026-04-15,2027-03-22,2026-04-15,341,active
BAT02279,DC004,MED014,0.0,2026-04-16,2027-02-25,2026-04-16,315,active
BAT02280,DC007,MED014,0.0,2026-04-15,2027-02-24,2026-04-15,315,active
BAT02281,DC007,MED015,0.0,2026-04-15,2027-05-19,2026-04-15,399,active
BAT02282,DC005,MED016,0.0,2026-04-17,2026-11-29,2026-04-17,226,active
BAT02283,DC001,MED017,0.0,2026-04-15,2027-08-13,2026-04-15,485,active
BAT02284,DC002,MED017,0.0,2026-04-14,2027-08-12,2026-04-14,485,active
BAT02285,DC004,MED017,0.0,2026-04-16,2027-08-14,2026-04-16,485,active
BAT02286,DC005,MED017,0.0,2026-04-17,2027-08-15,2026-04-17,485,active
BAT02287,DC005,MED019,0.0,2026-04-17,2027-09-07,2026-04-17,508,active
BAT02288,DC002,MED021,0.0,2026-04-14,2027-09-03,2026-04-14,507,active
BAT02289,DC007,MED022,0.0,2026-04-15,2027-07-10,2026-04-15,451,active
BAT02290,DC006,MED023,0.0,2026-04-18,2027-03-21,2026-04-18,337,active
BAT02291,DC004,MED024,0.0,2026-04-16,2027-06-18,2026-04-16,428,active
BAT02292,DC002,MED025,0.0,2026-04-14,2027-07-19,2026-04-14,461,active
BAT02293,DC005,MED025,0.0,2026-04-17,2027-07-22,2026-04-17,461,active
BAT02294,DC007,MED025,0.0,2026-04-15,2027-07-20,2026-04-15,461,active
BAT02295,DC004,MED026,0.0,2026-04-16,2027-07-16,2026-04-16,456,active
BAT02296,DC005,MED027,0.0,2026-04-17,2027-07-05,2026-04-17,444,active
BAT02297,DC006,MED031,0.0,2026-04-18,2026-12-02,2026-04-18,228,active
BAT02298,DC005,MED033,0.0,2026-04-17,2027-02-18,2026-04-17,307,active
BAT02299,DC003,MED035,0.0,2026-04-14,2026-11-05,2026-04-14,205,near_expiry
BAT02300,DC005,MED036,0.0,2026-04-17,2027-06-19,2026-04-17,428,active
BAT02301,DC002,MED037,0.0,2026-04-14,2026-10-12,2026-04-14,181,near_expiry
BAT02302,DC007,MED038,0.0,2026-04-15,2027-10-03,2026-04-15,536,active
BAT02303,DC005,MED007,0.0,2026-04-18,2027-03-14,2026-04-18,330,active
BAT02304,DC005,MED008,0.0,2026-04-18,2027-03-12,2026-04-18,328,active
BAT02305,DC001,MED009,0.0,2026-04-16,2027-04-17,2026-04-16,366,active
BAT02306,DC004,MED009,0.0,2026-04-17,2027-04-18,2026-04-17,366,active
BAT02307,DC001,MED010,0.0,2026-04-16,2027-09-27,2026-04-16,529,active
BAT02308,DC007,MED012,0.0,2026-04-16,2026-10-29,2026-04-16,196,near_expiry
BAT02309,DC004,MED013,0.0,2026-04-17,2027-03-24,2026-04-17,341,active
BAT02310,DC005,MED013,0.0,2026-04-18,2027-03-25,2026-04-18,341,active
BAT02311,DC008,MED013,0.0,2026-04-17,2027-03-24,2026-04-17,341,active
BAT02312,DC004,MED016,0.0,2026-04-17,2026-11-29,2026-04-17,226,active
BAT02313,DC007,MED017,0.0,2026-04-16,2027-08-14,2026-04-16,485,active
BAT02314,DC004,MED018,0.0,2026-04-17,2027-07-24,2026-04-17,463,active
BAT02315,DC007,MED018,0.0,2026-04-16,2027-07-23,2026-04-16,463,active
BAT02316,DC007,MED019,0.0,2026-04-16,2027-09-06,2026-04-16,508,active
BAT02317,DC007,MED023,0.0,2026-04-16,2027-03-19,2026-04-16,337,active
BAT02318,DC002,MED026,0.0,2026-04-15,2027-07-15,2026-04-15,456,active
BAT02319,DC006,MED026,0.0,2026-04-19,2027-07-19,2026-04-19,456,active
BAT02320,DC008,MED028,0.0,2026-04-17,2027-07-24,2026-04-17,463,active
BAT02321,DC003,MED030,0.0,2026-04-15,2027-01-29,2026-04-15,289,active
BAT02322,DC002,MED031,0.0,2026-04-15,2026-11-29,2026-04-15,228,active
BAT02323,DC008,MED031,0.0,2026-04-17,2026-12-01,2026-04-17,228,active
BAT02324,DC008,MED034,0.0,2026-04-17,2027-06-07,2026-04-17,416,active
BAT02325,DC002,MED036,0.0,2026-04-15,2027-06-17,2026-04-15,428,active
BAT02326,DC001,MED039,0.0,2026-04-16,2027-07-17,2026-04-16,457,active
BAT02327,DC002,MED040,0.0,2026-04-15,2027-07-10,2026-04-15,451,active
BAT02328,DC005,MED040,0.0,2026-04-18,2027-07-13,2026-04-18,451,active
BAT02329,DC006,MED001,0.0,2026-04-20,2026-12-08,2026-04-20,232,active
BAT02330,DC005,MED004,0.0,2026-04-19,2027-10-08,2026-04-19,537,active
BAT02331,DC008,MED004,0.0,2026-04-18,2027-10-07,2026-04-18,537,active
BAT02332,DC008,MED007,0.0,2026-04-18,2027-03-14,2026-04-18,330,active
BAT02333,DC008,MED008,0.0,2026-04-18,2027-03-12,2026-04-18,328,active
BAT02334,DC006,MED010,0.0,2026-04-20,2027-10-01,2026-04-20,529,active
BAT02335,DC008,MED010,0.0,2026-04-18,2027-09-29,2026-04-18,529,active
BAT02336,DC003,MED013,0.0,2026-04-16,2027-03-23,2026-04-16,341,active
BAT02337,DC006,MED013,0.0,2026-04-20,2027-03-27,2026-04-20,341,active
BAT02338,DC001,MED015,0.0,2026-04-17,2027-05-21,2026-04-17,399,active
BAT02339,DC006,MED016,0.0,2026-04-20,2026-12-02,2026-04-20,226,active
BAT02340,DC002,MED018,0.0,2026-04-16,2027-07-23,2026-04-16,463,active
BAT02341,DC008,MED019,0.0,2026-04-18,2027-09-08,2026-04-18,508,active
BAT02342,DC005,MED022,0.0,2026-04-19,2027-07-14,2026-04-19,451,active
BAT02343,DC006,MED022,0.0,2026-04-20,2027-07-15,2026-04-20,451,active
BAT02344,DC008,MED023,0.0,2026-04-18,2027-03-21,2026-04-18,337,active
BAT02345,DC005,MED024,0.0,2026-04-19,2027-06-21,2026-04-19,428,active
BAT02346,DC006,MED024,0.0,2026-04-20,2027-06-22,2026-04-20,428,active
BAT02347,DC004,MED025,0.0,2026-04-18,2027-07-23,2026-04-18,461,active
BAT02348,DC008,MED025,0.0,2026-04-18,2027-07-23,2026-04-18,461,active
BAT02349,DC002,MED030,0.0,2026-04-16,2027-01-30,2026-04-16,289,active
BAT02350,DC008,MED030,0.0,2026-04-18,2027-02-01,2026-04-18,289,active
BAT02351,DC005,MED031,0.0,2026-04-19,2026-12-03,2026-04-19,228,active
BAT02352,DC001,MED033,0.0,2026-04-17,2027-02-18,2026-04-17,307,active
BAT02353,DC004,MED033,0.0,2026-04-18,2027-02-19,2026-04-18,307,active
BAT02354,DC006,MED034,0.0,2026-04-20,2027-06-10,2026-04-20,416,active
BAT02355,DC007,MED034,0.0,2026-04-17,2027-06-07,2026-04-17,416,active
BAT02356,DC003,MED037,0.0,2026-04-16,2026-10-14,2026-04-16,181,near_expiry
BAT02357,DC005,MED037,0.0,2026-04-19,2026-10-17,2026-04-19,181,near_expiry
BAT02358,DC007,MED037,0.0,2026-04-17,2026-10-15,2026-04-17,181,near_expiry
BAT02359,DC005,MED038,0.0,2026-04-19,2027-10-07,2026-04-19,536,active
BAT02360,DC004,MED039,0.0,2026-04-18,2027-07-19,2026-04-18,457,active
BAT02361,DC007,MED001,0.0,2026-04-18,2026-12-06,2026-04-18,232,active
BAT02362,DC001,MED008,0.0,2026-04-18,2027-03-12,2026-04-18,328,active
BAT02363,DC006,MED008,0.0,2026-04-21,2027-03-15,2026-04-21,328,active
BAT02364,DC003,MED010,0.0,2026-04-17,2027-09-28,2026-04-17,529,active
BAT02365,DC005,MED010,0.0,2026-04-20,2027-10-01,2026-04-20,529,active
BAT02366,DC005,MED014,0.0,2026-04-20,2027-03-01,2026-04-20,315,active
BAT02367,DC001,MED016,0.0,2026-04-18,2026-11-30,2026-04-18,226,active
BAT02368,DC003,MED016,0.0,2026-04-17,2026-11-29,2026-04-17,226,active
BAT02369,DC006,MED019,0.0,2026-04-21,2027-09-11,2026-04-21,508,active
BAT02370,DC005,MED020,0.0,2026-04-20,2027-02-28,2026-04-20,314,active
BAT02371,DC004,MED021,0.0,2026-04-19,2027-09-08,2026-04-19,507,active
BAT02372,DC008,MED021,0.0,2026-04-19,2027-09-08,2026-04-19,507,active
BAT02373,DC004,MED022,0.0,2026-04-19,2027-07-14,2026-04-19,451,active
BAT02374,DC004,MED023,0.0,2026-04-19,2027-03-22,2026-04-19,337,active
BAT02375,DC001,MED024,0.0,2026-04-18,2027-06-20,2026-04-18,428,active
BAT02376,DC001,MED025,0.0,2026-04-18,2027-07-23,2026-04-18,461,active
BAT02377,DC007,MED028,0.0,2026-04-18,2027-07-25,2026-04-18,463,active
BAT02378,DC002,MED029,0.0,2026-04-17,2026-11-17,2026-04-17,214,active
BAT02379,DC003,MED029,0.0,2026-04-17,2026-11-17,2026-04-17,214,active
BAT02380,DC007,MED029,0.0,2026-04-18,2026-11-18,2026-04-18,214,active
BAT02381,DC006,MED030,0.0,2026-04-21,2027-02-04,2026-04-21,289,active
BAT02382,DC007,MED031,0.0,2026-04-18,2026-12-02,2026-04-18,228,active
BAT02383,DC007,MED032,0.0,2026-04-18,2026-11-11,2026-04-18,207,active
BAT02384,DC008,MED032,0.0,2026-04-19,2026-11-12,2026-04-19,207,active
BAT02385,DC003,MED033,0.0,2026-04-17,2027-02-18,2026-04-17,307,active
BAT02386,DC008,MED033,0.0,2026-04-19,2027-02-20,2026-04-19,307,active
BAT02387,DC004,MED034,0.0,2026-04-19,2027-06-09,2026-04-19,416,active
BAT02388,DC005,MED035,0.0,2026-04-20,2026-11-11,2026-04-20,205,active
BAT02389,DC004,MED036,0.0,2026-04-19,2027-06-21,2026-04-19,428,active
BAT02390,DC006,MED036,0.0,2026-04-21,2027-06-23,2026-04-21,428,active
BAT02391,DC004,MED040,0.0,2026-04-19,2027-07-14,2026-04-19,451,active
BAT02392,DC001,MED001,0.0,2026-04-19,2026-12-07,2026-04-19,232,active
BAT02393,DC001,MED002,0.0,2026-04-19,2027-08-20,2026-04-19,488,active
BAT02394,DC006,MED004,0.0,2026-04-22,2027-10-11,2026-04-22,537,active
BAT02395,DC002,MED007,0.0,2026-04-18,2027-03-14,2026-04-18,330,active
BAT02396,DC004,MED008,0.0,2026-04-20,2027-03-14,2026-04-20,328,active
BAT02397,DC002,MED009,0.0,2026-04-18,2027-04-19,2026-04-18,366,active
BAT02398,DC006,MED009,0.0,2026-04-22,2027-04-23,2026-04-22,366,active
BAT02399,DC008,MED009,0.0,2026-04-20,2027-04-21,2026-04-20,366,active
BAT02400,DC001,MED011,0.0,2026-04-19,2027-03-03,2026-04-19,318,active
BAT02401,DC002,MED011,0.0,2026-04-18,2027-03-02,2026-04-18,318,active
BAT02402,DC001,MED012,0.0,2026-04-19,2026-11-01,2026-04-19,196,near_expiry
BAT02403,DC006,MED012,0.0,2026-04-22,2026-11-04,2026-04-22,196,near_expiry
BAT02404,DC002,MED015,0.0,2026-04-18,2027-05-22,2026-04-18,399,active
BAT02405,DC005,MED021,0.0,2026-04-21,2027-09-10,2026-04-21,507,active
BAT02406,DC006,MED021,0.0,2026-04-22,2027-09-11,2026-04-22,507,active
BAT02407,DC006,MED025,0.0,2026-04-22,2027-07-27,2026-04-22,461,active
BAT02408,DC001,MED026,0.0,2026-04-19,2027-07-19,2026-04-19,456,active
BAT02409,DC004,MED027,0.0,2026-04-20,2027-07-08,2026-04-20,444,active
BAT02410,DC001,MED029,0.0,2026-04-19,2026-11-19,2026-04-19,214,active
BAT02411,DC002,MED033,0.0,2026-04-18,2027-02-19,2026-04-18,307,active
BAT02412,DC001,MED034,0.0,2026-04-19,2027-06-09,2026-04-19,416,active
BAT02413,DC002,MED034,0.0,2026-04-18,2027-06-08,2026-04-18,416,active
BAT02414,DC006,MED037,0.0,2026-04-22,2026-10-20,2026-04-22,181,near_expiry
BAT02415,DC003,MED038,0.0,2026-04-18,2027-10-06,2026-04-18,536,active
BAT02416,DC006,MED038,0.0,2026-04-22,2027-10-10,2026-04-22,536,active
BAT02417,DC006,MED002,0.0,2026-04-23,2027-08-24,2026-04-23,488,active
BAT02418,DC008,MED002,0.0,2026-04-21,2027-08-22,2026-04-21,488,active
BAT02419,DC001,MED003,0.0,2026-04-20,2027-02-06,2026-04-20,292,active
BAT02420,DC003,MED003,0.0,2026-04-19,2027-02-05,2026-04-19,292,active
BAT02421,DC007,MED003,0.0,2026-04-20,2027-02-06,2026-04-20,292,active
BAT02422,DC003,MED005,0.0,2026-04-19,2026-12-07,2026-04-19,232,active
BAT02423,DC001,MED006,0.0,2026-04-20,2026-11-08,2026-04-20,202,near_expiry
BAT02424,DC003,MED006,0.0,2026-04-19,2026-11-07,2026-04-19,202,near_expiry
BAT02425,DC008,MED006,0.0,2026-04-21,2026-11-09,2026-04-21,202,near_expiry
BAT02426,DC002,MED010,0.0,2026-04-19,2027-09-30,2026-04-19,529,active
BAT02427,DC008,MED012,0.0,2026-04-21,2026-11-03,2026-04-21,196,near_expiry
BAT02428,DC002,MED013,0.0,2026-04-19,2027-03-26,2026-04-19,341,active
BAT02429,DC004,MED015,0.0,2026-04-21,2027-05-25,2026-04-21,399,active
BAT02430,DC008,MED015,0.0,2026-04-21,2027-05-25,2026-04-21,399,active
BAT02431,DC007,MED016,0.0,2026-04-20,2026-12-02,2026-04-20,226,active
BAT02432,DC007,MED021,0.0,2026-04-20,2027-09-09,2026-04-20,507,active
BAT02433,DC003,MED023,0.0,2026-04-19,2027-03-22,2026-04-19,337,active
BAT02434,DC007,MED024,0.0,2026-04-20,2027-06-22,2026-04-20,428,active
BAT02435,DC008,MED024,0.0,2026-04-21,2027-06-23,2026-04-21,428,active
BAT02436,DC005,MED026,0.0,2026-04-22,2027-07-22,2026-04-22,456,active
BAT02437,DC001,MED028,0.0,2026-04-20,2027-07-27,2026-04-20,463,active
BAT02438,DC005,MED028,0.0,2026-04-22,2027-07-29,2026-04-22,463,active
BAT02439,DC004,MED029,0.0,2026-04-21,2026-11-21,2026-04-21,214,active
BAT02440,DC005,MED029,0.0,2026-04-22,2026-11-22,2026-04-22,214,active
BAT02441,DC008,MED029,0.0,2026-04-21,2026-11-21,2026-04-21,214,active
BAT02442,DC005,MED030,0.0,2026-04-22,2027-02-05,2026-04-22,289,active
BAT02443,DC007,MED030,0.0,2026-04-20,2027-02-03,2026-04-20,289,active
BAT02444,DC003,MED031,0.0,2026-04-19,2026-12-03,2026-04-19,228,active
BAT02445,DC001,MED032,0.0,2026-04-20,2026-11-13,2026-04-20,207,active
BAT02446,DC006,MED032,0.0,2026-04-23,2026-11-16,2026-04-23,207,active
BAT02447,DC007,MED035,0.0,2026-04-20,2026-11-11,2026-04-20,205,active
BAT02448,DC001,MED036,0.0,2026-04-20,2027-06-22,2026-04-20,428,active
BAT02449,DC001,MED037,0.0,2026-04-20,2026-10-18,2026-04-20,181,near_expiry
BAT02450,DC001,MED038,0.0,2026-04-20,2027-10-08,2026-04-20,536,active
BAT02451,DC002,MED039,0.0,2026-04-19,2027-07-20,2026-04-19,457,active
BAT02452,DC005,MED039,0.0,2026-04-22,2027-07-23,2026-04-22,457,active
BAT02453,DC003,MED040,0.0,2026-04-19,2027-07-14,2026-04-19,451,active
BAT02454,DC005,MED003,0.0,2026-04-23,2027-02-09,2026-04-23,292,active
BAT02455,DC004,MED005,0.0,2026-04-22,2026-12-10,2026-04-22,232,active
BAT02456,DC002,MED008,0.0,2026-04-20,2027-03-14,2026-04-20,328,active
BAT02457,DC005,MED009,0.0,2026-04-23,2027-04-24,2026-04-23,366,active
BAT02458,DC007,MED010,0.0,2026-04-21,2027-10-02,2026-04-21,529,active
BAT02459,DC006,MED011,0.0,2026-04-24,2027-03-08,2026-04-24,318,active
BAT02460,DC003,MED012,0.0,2026-04-20,2026-11-02,2026-04-20,196,near_expiry
BAT02461,DC005,MED012,0.0,2026-04-23,2026-11-05,2026-04-23,196,near_expiry
BAT02462,DC001,MED014,0.0,2026-04-21,2027-03-02,2026-04-21,315,active
BAT02463,DC002,MED014,0.0,2026-04-20,2027-03-01,2026-04-20,315,active
BAT02464,DC001,MED018,0.0,2026-04-21,2027-07-28,2026-04-21,463,active
BAT02465,DC006,MED018,0.0,2026-04-24,2027-07-31,2026-04-24,463,active
BAT02466,DC008,MED018,0.0,2026-04-22,2027-07-29,2026-04-22,463,active
BAT02467,DC001,MED019,0.0,2026-04-21,2027-09-11,2026-04-21,508,active
BAT02468,DC002,MED019,0.0,2026-04-20,2027-09-10,2026-04-20,508,active
BAT02469,DC003,MED019,0.0,2026-04-20,2027-09-10,2026-04-20,508,active
BAT02470,DC004,MED019,0.0,2026-04-22,2027-09-12,2026-04-22,508,active
BAT02471,DC002,MED020,0.0,2026-04-20,2027-02-28,2026-04-20,314,active
BAT02472,DC006,MED020,0.0,2026-04-24,2027-03-04,2026-04-24,314,active
BAT02473,DC007,MED020,0.0,2026-04-21,2027-03-01,2026-04-21,314,active
BAT02474,DC003,MED021,0.0,2026-04-20,2027-09-09,2026-04-20,507,active
BAT02475,DC002,MED022,0.0,2026-04-20,2027-07-15,2026-04-20,451,active
BAT02476,DC003,MED022,0.0,2026-04-20,2027-07-15,2026-04-20,451,active
BAT02477,DC005,MED023,0.0,2026-04-23,2027-03-26,2026-04-23,337,active
BAT02478,DC007,MED026,0.0,2026-04-21,2027-07-21,2026-04-21,456,active
BAT02479,DC001,MED027,0.0,2026-04-21,2027-07-09,2026-04-21,444,active
BAT02480,DC007,MED027,0.0,2026-04-21,2027-07-09,2026-04-21,444,active
BAT02481,DC001,MED031,0.0,2026-04-21,2026-12-05,2026-04-21,228,active
BAT02482,DC004,MED032,0.0,2026-04-22,2026-11-15,2026-04-22,207,active
BAT02483,DC005,MED032,0.0,2026-04-23,2026-11-16,2026-04-23,207,active
BAT02484,DC006,MED033,0.0,2026-04-24,2027-02-25,2026-04-24,307,active
BAT02485,DC007,MED033,0.0,2026-04-21,2027-02-22,2026-04-21,307,active
BAT02486,DC003,MED034,0.0,2026-04-20,2027-06-10,2026-04-20,416,active
BAT02487,DC006,MED035,0.0,2026-04-24,2026-11-15,2026-04-24,205,active
BAT02488,DC004,MED037,0.0,2026-04-22,2026-10-20,2026-04-22,181,near_expiry
BAT02489,DC008,MED037,0.0,2026-04-22,2026-10-20,2026-04-22,181,near_expiry
BAT02490,DC002,MED038,0.0,2026-04-20,2027-10-08,2026-04-20,536,active
BAT02491,DC008,MED038,0.0,2026-04-22,2027-10-10,2026-04-22,536,active
BAT02492,DC001,MED040,0.0,2026-04-21,2027-07-16,2026-04-21,451,active
BAT02493,DC008,MED040,0.0,2026-04-22,2027-07-17,2026-04-22,451,active
BAT02494,DC004,MED002,0.0,2026-04-23,2027-08-24,2026-04-23,488,active
BAT02495,DC008,MED003,0.0,2026-04-23,2027-02-09,2026-04-23,292,active
BAT02496,DC002,MED004,0.0,2026-04-21,2027-10-10,2026-04-21,537,active
BAT02497,DC004,MED004,0.0,2026-04-23,2027-10-12,2026-04-23,537,active
BAT02498,DC007,MED004,0.0,2026-04-22,2027-10-11,2026-04-22,537,active
BAT02499,DC002,MED005,0.0,2026-04-21,2026-12-09,2026-04-21,232,active
BAT02500,DC006,MED005,0.0,2026-04-25,2026-12-13,2026-04-25,232,active
BAT02501,DC004,MED006,0.0,2026-04-23,2026-11-11,2026-04-23,202,active
BAT02502,DC005,MED006,0.0,2026-04-24,2026-11-12,2026-04-24,202,active
BAT02503,DC001,MED007,0.0,2026-04-22,2027-03-18,2026-04-22,330,active
BAT02504,DC007,MED007,0.0,2026-04-22,2027-03-18,2026-04-22,330,active
BAT02505,DC003,MED008,0.0,2026-04-21,2027-03-15,2026-04-21,328,active
BAT02506,DC007,MED008,0.0,2026-04-22,2027-03-16,2026-04-22,328,active
BAT02507,DC003,MED014,0.0,2026-04-21,2027-03-02,2026-04-21,315,active
BAT02508,DC004,MED014,0.0,2026-04-23,2027-03-04,2026-04-23,315,active
BAT02509,DC006,MED014,0.0,2026-04-25,2027-03-06,2026-04-25,315,active
BAT02510,DC008,MED014,0.0,2026-04-23,2027-03-04,2026-04-23,315,active
BAT02511,DC003,MED015,0.0,2026-04-21,2027-05-25,2026-04-21,399,active
BAT02512,DC006,MED015,0.0,2026-04-25,2027-05-29,2026-04-25,399,active
BAT02513,DC005,MED016,0.0,2026-04-24,2026-12-06,2026-04-24,226,active
BAT02514,DC005,MED018,0.0,2026-04-24,2027-07-31,2026-04-24,463,active
BAT02515,DC004,MED020,0.0,2026-04-23,2027-03-03,2026-04-23,314,active
BAT02516,DC001,MED021,0.0,2026-04-22,2027-09-11,2026-04-22,507,active
BAT02517,DC001,MED022,0.0,2026-04-22,2027-07-17,2026-04-22,451,active
BAT02518,DC008,MED022,0.0,2026-04-23,2027-07-18,2026-04-23,451,active
BAT02519,DC001,MED023,0.0,2026-04-22,2027-03-25,2026-04-22,337,active
BAT02520,DC002,MED024,0.0,2026-04-21,2027-06-23,2026-04-21,428,active
BAT02521,DC003,MED025,0.0,2026-04-21,2027-07-26,2026-04-21,461,active
BAT02522,DC003,MED026,0.0,2026-04-21,2027-07-21,2026-04-21,456,active
BAT02523,DC008,MED026,0.0,2026-04-23,2027-07-23,2026-04-23,456,active
BAT02524,DC002,MED027,0.0,2026-04-21,2027-07-09,2026-04-21,444,active
BAT02525,DC008,MED027,0.0,2026-04-23,2027-07-11,2026-04-23,444,active
BAT02526,DC006,MED029,0.0,2026-04-25,2026-11-25,2026-04-25,214,active
BAT02527,DC004,MED031,0.0,2026-04-23,2026-12-07,2026-04-23,228,active
BAT02528,DC004,MED035,0.0,2026-04-23,2026-11-14,2026-04-23,205,active
BAT02529,DC007,MED036,0.0,2026-04-22,2027-06-24,2026-04-22,428,active
BAT02530,DC004,MED038,0.0,2026-04-23,2027-10-11,2026-04-23,536,active
BAT02531,DC006,MED039,0.0,2026-04-25,2027-07-26,2026-04-25,457,active
BAT02532,DC006,MED040,0.0,2026-04-25,2027-07-20,2026-04-25,451,active
BAT02533,DC002,MED002,0.0,2026-04-22,2027-08-23,2026-04-22,488,active
BAT02534,DC002,MED003,0.0,2026-04-22,2027-02-08,2026-04-22,292,active
BAT02535,DC003,MED004,0.0,2026-04-22,2027-10-11,2026-04-22,537,active
BAT02536,DC001,MED005,0.0,2026-04-23,2026-12-11,2026-04-23,232,active
BAT02537,DC005,MED005,0.0,2026-04-25,2026-12-13,2026-04-25,232,active
BAT02538,DC006,MED007,0.0,2026-04-26,2027-03-22,2026-04-26,330,active
BAT02539,DC001,MED009,0.0,2026-04-23,2027-04-24,2026-04-23,366,active
BAT02540,DC003,MED009,0.0,2026-04-22,2027-04-23,2026-04-22,366,active
BAT02541,DC007,MED009,0.0,2026-04-23,2027-04-24,2026-04-23,366,active
BAT02542,DC001,MED010,0.0,2026-04-23,2027-10-04,2026-04-23,529,active
BAT02543,DC004,MED012,0.0,2026-04-24,2026-11-06,2026-04-24,196,near_expiry
BAT02544,DC001,MED013,0.0,2026-04-23,2027-03-30,2026-04-23,341,active
BAT02545,DC005,MED015,0.0,2026-04-25,2027-05-29,2026-04-25,399,active
BAT02546,DC004,MED024,0.0,2026-04-24,2027-06-26,2026-04-24,428,active
BAT02547,DC002,MED025,0.0,2026-04-22,2027-07-27,2026-04-22,461,active
BAT02548,DC003,MED027,0.0,2026-04-22,2027-07-10,2026-04-22,444,active
BAT02549,DC006,MED027,0.0,2026-04-26,2027-07-14,2026-04-26,444,active
BAT02550,DC002,MED028,0.0,2026-04-22,2027-07-29,2026-04-22,463,active
BAT02551,DC004,MED030,0.0,2026-04-24,2027-02-07,2026-04-24,289,active
BAT02552,DC006,MED031,0.0,2026-04-26,2026-12-10,2026-04-26,228,active
BAT02553,DC002,MED032,0.0,2026-04-22,2026-11-15,2026-04-22,207,active
BAT02554,DC003,MED036,0.0,2026-04-22,2027-06-24,2026-04-22,428,active
BAT02555,DC002,MED037,0.0,2026-04-22,2026-10-20,2026-04-22,181,near_expiry
BAT02556,DC003,MED037,0.0,2026-04-22,2026-10-20,2026-04-22,181,near_expiry
BAT02557,DC007,MED040,0.0,2026-04-23,2027-07-18,2026-04-23,451,active
BAT02558,DC004,MED003,0.0,2026-04-25,2027-02-11,2026-04-25,292,active
BAT02559,DC006,MED003,0.0,2026-04-27,2027-02-13,2026-04-27,292,active
BAT02560,DC003,MED007,0.0,2026-04-23,2027-03-19,2026-04-23,330,active
BAT02561,DC002,MED012,0.0,2026-04-23,2026-11-05,2026-04-23,196,near_expiry
BAT02562,DC005,MED013,0.0,2026-04-26,2027-04-02,2026-04-26,341,active
BAT02563,DC007,MED013,0.0,2026-04-24,2027-03-31,2026-04-24,341,active
BAT02564,DC007,MED015,0.0,2026-04-24,2027-05-28,2026-04-24,399,active
BAT02565,DC004,MED018,0.0,2026-04-25,2027-08-01,2026-04-25,463,active
BAT02566,DC008,MED020,0.0,2026-04-25,2027-03-05,2026-04-25,314,active
BAT02567,DC005,MED025,0.0,2026-04-26,2027-07-31,2026-04-26,461,active
BAT02568,DC007,MED025,0.0,2026-04-24,2027-07-29,2026-04-24,461,active
BAT02569,DC004,MED026,0.0,2026-04-25,2027-07-25,2026-04-25,456,active
BAT02570,DC005,MED027,0.0,2026-04-26,2027-07-14,2026-04-26,444,active
BAT02571,DC001,MED030,0.0,2026-04-24,2027-02-07,2026-04-24,289,active
BAT02572,DC003,MED032,0.0,2026-04-23,2026-11-16,2026-04-23,207,active
BAT02573,DC005,MED033,0.0,2026-04-26,2027-02-27,2026-04-26,307,active
BAT02574,DC005,MED034,0.0,2026-04-26,2027-06-16,2026-04-26,416,active
BAT02575,DC007,MED038,0.0,2026-04-24,2027-10-12,2026-04-24,536,active
BAT02576,DC005,MED040,0.0,2026-04-26,2027-07-21,2026-04-26,451,active
BAT02577,DC001,MED004,0.0,2026-04-25,2027-10-14,2026-04-25,537,active
BAT02578,DC004,MED007,0.0,2026-04-26,2027-03-22,2026-04-26,330,active
BAT02579,DC001,MED008,0.0,2026-04-25,2027-03-19,2026-04-25,328,active
BAT02580,DC005,MED008,0.0,2026-04-27,2027-03-21,2026-04-27,328,active
BAT02581,DC004,MED009,0.0,2026-04-26,2027-04-27,2026-04-26,366,active
BAT02582,DC007,MED011,0.0,2026-04-25,2027-03-09,2026-04-25,318,active
BAT02583,DC008,MED011,0.0,2026-04-26,2027-03-10,2026-04-26,318,active
BAT02584,DC007,MED012,0.0,2026-04-25,2026-11-07,2026-04-25,196,near_expiry
BAT02585,DC003,MED013,0.0,2026-04-24,2027-03-31,2026-04-24,341,active
BAT02586,DC004,MED013,0.0,2026-04-26,2027-04-02,2026-04-26,341,active
BAT02587,DC006,MED013,0.0,2026-04-28,2027-04-04,2026-04-28,341,active
BAT02588,DC007,MED014,0.0,2026-04-25,2027-03-06,2026-04-25,315,active
BAT02589,DC001,MED015,0.0,2026-04-25,2027-05-29,2026-04-25,399,active
BAT02590,DC008,MED016,0.0,2026-04-26,2026-12-08,2026-04-26,226,active
BAT02591,DC001,MED017,0.0,2026-04-25,2027-08-23,2026-04-25,485,active
BAT02592,DC005,MED017,0.0,2026-04-27,2027-08-25,2026-04-27,485,active
BAT02593,DC002,MED018,0.0,2026-04-24,2027-07-31,2026-04-24,463,active
BAT02594,DC003,MED018,0.0,2026-04-24,2027-07-31,2026-04-24,463,active
BAT02595,DC007,MED019,0.0,2026-04-25,2027-09-15,2026-04-25,508,active
BAT02596,DC001,MED020,0.0,2026-04-25,2027-03-05,2026-04-25,314,active
BAT02597,DC002,MED021,0.0,2026-04-24,2027-09-13,2026-04-24,507,active
BAT02598,DC007,MED022,0.0,2026-04-25,2027-07-20,2026-04-25,451,active
BAT02599,DC002,MED023,0.0,2026-04-24,2027-03-27,2026-04-24,337,active
BAT02600,DC006,MED023,0.0,2026-04-28,2027-03-31,2026-04-28,337,active
BAT02601,DC007,MED023,0.0,2026-04-25,2027-03-28,2026-04-25,337,active
BAT02602,DC006,MED024,0.0,2026-04-28,2027-06-30,2026-04-28,428,active
BAT02603,DC002,MED026,0.0,2026-04-24,2027-07-24,2026-04-24,456,active
BAT02604,DC006,MED026,0.0,2026-04-28,2027-07-28,2026-04-28,456,active
BAT02605,DC003,MED030,0.0,2026-04-24,2027-02-07,2026-04-24,289,active
BAT02606,DC008,MED031,0.0,2026-04-26,2026-12-10,2026-04-26,228,active
BAT02607,DC001,MED033,0.0,2026-04-25,2027-02-26,2026-04-25,307,active
BAT02608,DC004,MED033,0.0,2026-04-26,2027-02-27,2026-04-26,307,active
BAT02609,DC008,MED034,0.0,2026-04-26,2027-06-16,2026-04-26,416,active
BAT02610,DC001,MED035,0.0,2026-04-25,2026-11-16,2026-04-25,205,active
BAT02611,DC002,MED035,0.0,2026-04-24,2026-11-15,2026-04-24,205,active
BAT02612,DC002,MED036,0.0,2026-04-24,2027-06-26,2026-04-24,428,active
BAT02613,DC005,MED036,0.0,2026-04-27,2027-06-29,2026-04-27,428,active
BAT02614,DC005,MED004,0.0,2026-04-28,2027-10-17,2026-04-28,537,active
BAT02615,DC008,MED004,0.0,2026-04-27,2027-10-16,2026-04-27,537,active
BAT02616,DC007,MED005,0.0,2026-04-26,2026-12-14,2026-04-26,232,active
BAT02617,DC005,MED007,0.0,2026-04-28,2027-03-24,2026-04-28,330,active
BAT02618,DC008,MED008,0.0,2026-04-27,2027-03-21,2026-04-27,328,active
BAT02619,DC002,MED009,0.0,2026-04-25,2027-04-26,2026-04-25,366,active
BAT02620,DC004,MED010,0.0,2026-04-27,2027-10-08,2026-04-27,529,active
BAT02621,DC005,MED010,0.0,2026-04-28,2027-10-09,2026-04-28,529,active
BAT02622,DC003,MED011,0.0,2026-04-25,2027-03-09,2026-04-25,318,active
BAT02623,DC004,MED011,0.0,2026-04-27,2027-03-11,2026-04-27,318,active
BAT02624,DC005,MED011,0.0,2026-04-28,2027-03-12,2026-04-28,318,active
BAT02625,DC008,MED013,0.0,2026-04-27,2027-04-03,2026-04-27,341,active
BAT02626,DC005,MED014,0.0,2026-04-28,2027-03-09,2026-04-28,315,active
BAT02627,DC004,MED016,0.0,2026-04-27,2026-12-09,2026-04-27,226,active
BAT02628,DC006,MED016,0.0,2026-04-29,2026-12-11,2026-04-29,226,active
BAT02629,DC002,MED017,0.0,2026-04-25,2027-08-23,2026-04-25,485,active
BAT02630,DC004,MED017,0.0,2026-04-27,2027-08-25,2026-04-27,485,active
BAT02631,DC005,MED019,0.0,2026-04-28,2027-09-18,2026-04-28,508,active
BAT02632,DC004,MED021,0.0,2026-04-27,2027-09-16,2026-04-27,507,active
BAT02633,DC008,MED021,0.0,2026-04-27,2027-09-16,2026-04-27,507,active
BAT02634,DC004,MED023,0.0,2026-04-27,2027-03-30,2026-04-27,337,active
BAT02635,DC004,MED025,0.0,2026-04-27,2027-08-01,2026-04-27,461,active
BAT02636,DC008,MED025,0.0,2026-04-27,2027-08-01,2026-04-27,461,active
BAT02637,DC006,MED028,0.0,2026-04-29,2027-08-05,2026-04-29,463,active
BAT02638,DC008,MED028,0.0,2026-04-27,2027-08-03,2026-04-27,463,active
BAT02639,DC001,MED029,0.0,2026-04-26,2026-11-26,2026-04-26,214,active
BAT02640,DC002,MED029,0.0,2026-04-25,2026-11-25,2026-04-25,214,active
BAT02641,DC003,MED029,0.0,2026-04-25,2026-11-25,2026-04-25,214,active
BAT02642,DC007,MED029,0.0,2026-04-26,2026-11-26,2026-04-26,214,active
BAT02643,DC002,MED031,0.0,2026-04-25,2026-12-09,2026-04-25,228,active
BAT02644,DC005,MED031,0.0,2026-04-28,2026-12-12,2026-04-28,228,active
BAT02645,DC007,MED031,0.0,2026-04-26,2026-12-10,2026-04-26,228,active
BAT02646,DC008,MED032,0.0,2026-04-27,2026-11-20,2026-04-27,207,active
BAT02647,DC008,MED033,0.0,2026-04-27,2027-02-28,2026-04-27,307,active
BAT02648,DC006,MED034,0.0,2026-04-29,2027-06-19,2026-04-29,416,active
BAT02649,DC007,MED034,0.0,2026-04-26,2027-06-16,2026-04-26,416,active
BAT02650,DC003,MED035,0.0,2026-04-25,2026-11-16,2026-04-25,205,active
BAT02651,DC008,MED035,0.0,2026-04-27,2026-11-18,2026-04-27,205,active
BAT02652,DC008,MED036,0.0,2026-04-27,2027-06-29,2026-04-27,428,active
BAT02653,DC001,MED037,0.0,2026-04-26,2026-10-24,2026-04-26,181,near_expiry
BAT02654,DC005,MED037,0.0,2026-04-28,2026-10-26,2026-04-28,181,near_expiry
BAT02655,DC005,MED038,0.0,2026-04-28,2027-10-16,2026-04-28,536,active
BAT02656,DC006,MED001,0.0,2026-04-30,2026-12-18,2026-04-30,232,active
BAT02657,DC007,MED001,0.0,2026-04-27,2026-12-15,2026-04-27,232,active
BAT02658,DC001,MED002,0.0,2026-04-27,2027-08-28,2026-04-27,488,active
BAT02659,DC008,MED005,0.0,2026-04-28,2026-12-16,2026-04-28,232,active
BAT02660,DC003,MED006,0.0,2026-04-26,2026-11-14,2026-04-26,202,active
BAT02661,DC008,MED007,0.0,2026-04-28,2027-03-24,2026-04-28,330,active
BAT02662,DC004,MED008,0.0,2026-04-28,2027-03-22,2026-04-28,328,active
BAT02663,DC006,MED008,0.0,2026-04-30,2027-03-24,2026-04-30,328,active
BAT02664,DC008,MED009,0.0,2026-04-28,2027-04-29,2026-04-28,366,active
BAT02665,DC006,MED010,0.0,2026-04-30,2027-10-11,2026-04-30,529,active
BAT02666,DC008,MED010,0.0,2026-04-28,2027-10-09,2026-04-28,529,active
BAT02667,DC001,MED012,0.0,2026-04-27,2026-11-09,2026-04-27,196,near_expiry
BAT02668,DC002,MED013,0.0,2026-04-26,2027-04-02,2026-04-26,341,active
BAT02669,DC002,MED015,0.0,2026-04-26,2027-05-30,2026-04-26,399,active
BAT02670,DC001,MED016,0.0,2026-04-27,2026-12-09,2026-04-27,226,active
BAT02671,DC002,MED016,0.0,2026-04-26,2026-12-08,2026-04-26,226,active
BAT02672,DC007,MED017,0.0,2026-04-27,2027-08-25,2026-04-27,485,active
BAT02673,DC007,MED018,0.0,2026-04-27,2027-08-03,2026-04-27,463,active
BAT02674,DC006,MED019,0.0,2026-04-30,2027-09-20,2026-04-30,508,active
BAT02675,DC005,MED020,0.0,2026-04-29,2027-03-09,2026-04-29,314,active
BAT02676,DC005,MED021,0.0,2026-04-29,2027-09-18,2026-04-29,507,active
BAT02677,DC006,MED021,0.0,2026-04-30,2027-09-19,2026-04-30,507,active
BAT02678,DC004,MED022,0.0,2026-04-28,2027-07-23,2026-04-28,451,active
BAT02679,DC005,MED022,0.0,2026-04-29,2027-07-24,2026-04-29,451,active
BAT02680,DC006,MED022,0.0,2026-04-30,2027-07-25,2026-04-30,451,active
BAT02681,DC001,MED024,0.0,2026-04-27,2027-06-29,2026-04-27,428,active
BAT02682,DC005,MED024,0.0,2026-04-29,2027-07-01,2026-04-29,428,active
BAT02683,DC008,MED024,0.0,2026-04-28,2027-06-30,2026-04-28,428,active
BAT02684,DC001,MED025,0.0,2026-04-27,2027-08-01,2026-04-27,461,active
BAT02685,DC006,MED025,0.0,2026-04-30,2027-08-04,2026-04-30,461,active
BAT02686,DC001,MED026,0.0,2026-04-27,2027-07-27,2026-04-27,456,active
BAT02687,DC005,MED030,0.0,2026-04-29,2027-02-12,2026-04-29,289,active
BAT02688,DC008,MED030,0.0,2026-04-28,2027-02-11,2026-04-28,289,active
BAT02689,DC007,MED032,0.0,2026-04-27,2026-11-20,2026-04-27,207,active
BAT02690,DC001,MED034,0.0,2026-04-27,2027-06-17,2026-04-27,416,active
BAT02691,DC002,MED034,0.0,2026-04-26,2027-06-16,2026-04-26,416,active
BAT02692,DC004,MED034,0.0,2026-04-28,2027-06-18,2026-04-28,416,active
BAT02693,DC006,MED036,0.0,2026-04-30,2027-07-02,2026-04-30,428,active
BAT02694,DC007,MED037,0.0,2026-04-27,2026-10-25,2026-04-27,181,near_expiry
BAT02695,DC001,MED039,0.0,2026-04-27,2027-07-28,2026-04-27,457,active
BAT02696,DC003,MED039,0.0,2026-04-26,2027-07-27,2026-04-26,457,active
BAT02697,DC004,MED040,0.0,2026-04-28,2027-07-23,2026-04-28,451,active
BAT02698,DC001,MED001,0.0,2026-04-28,2026-12-16,2026-04-28,232,active
BAT02699,DC006,MED002,0.0,2026-05-01,2027-09-01,2026-05-01,488,active
BAT02700,DC008,MED002,0.0,2026-04-29,2027-08-30,2026-04-29,488,active
BAT02701,DC003,MED003,0.0,2026-04-27,2027-02-13,2026-04-27,292,active
BAT02702,DC007,MED003,0.0,2026-04-28,2027-02-14,2026-04-28,292,active
BAT02703,DC006,MED004,0.0,2026-05-01,2027-10-20,2026-05-01,537,active
BAT02704,DC008,MED006,0.0,2026-04-29,2026-11-17,2026-04-29,202,active
BAT02705,DC006,MED009,0.0,2026-05-01,2027-05-02,2026-05-01,366,active
BAT02706,DC003,MED010,0.0,2026-04-27,2027-10-08,2026-04-27,529,active
BAT02707,DC005,MED012,0.0,2026-04-30,2026-11-12,2026-04-30,196,active
BAT02708,DC002,MED014,0.0,2026-04-27,2027-03-08,2026-04-27,315,active
BAT02709,DC001,MED018,0.0,2026-04-28,2027-08-04,2026-04-28,463,active
BAT02710,DC008,MED019,0.0,2026-04-29,2027-09-19,2026-04-29,508,active
BAT02711,DC007,MED021,0.0,2026-04-28,2027-09-17,2026-04-28,507,active
BAT02712,DC003,MED023,0.0,2026-04-27,2027-03-30,2026-04-27,337,active
BAT02713,DC005,MED023,0.0,2026-04-30,2027-04-02,2026-04-30,337,active
BAT02714,DC008,MED023,0.0,2026-04-29,2027-04-01,2026-04-29,337,active
BAT02715,DC004,MED027,0.0,2026-04-29,2027-07-17,2026-04-29,444,active
BAT02716,DC004,MED028,0.0,2026-04-29,2027-08-05,2026-04-29,463,active
BAT02717,DC007,MED028,0.0,2026-04-28,2027-08-04,2026-04-28,463,active
BAT02718,DC004,MED029,0.0,2026-04-29,2026-11-29,2026-04-29,214,active
BAT02719,DC005,MED029,0.0,2026-04-30,2026-11-30,2026-04-30,214,active
BAT02720,DC002,MED030,0.0,2026-04-27,2027-02-10,2026-04-27,289,active
BAT02721,DC006,MED030,0.0,2026-05-01,2027-02-14,2026-05-01,289,active
BAT02722,DC003,MED031,0.0,2026-04-27,2026-12-11,2026-04-27,228,active
BAT02723,DC001,MED032,0.0,2026-04-28,2026-11-21,2026-04-28,207,active
BAT02724,DC006,MED032,0.0,2026-05-01,2026-11-24,2026-05-01,207,active
BAT02725,DC002,MED033,0.0,2026-04-27,2027-02-28,2026-04-27,307,active
BAT02726,DC003,MED033,0.0,2026-04-27,2027-02-28,2026-04-27,307,active
BAT02727,DC005,MED035,0.0,2026-04-30,2026-11-21,2026-04-30,205,active
BAT02728,DC004,MED036,0.0,2026-04-29,2027-07-01,2026-04-29,428,active
BAT02729,DC004,MED037,0.0,2026-04-29,2026-10-27,2026-04-29,181,near_expiry
BAT02730,DC006,MED037,0.0,2026-05-01,2026-10-29,2026-05-01,181,near_expiry
BAT02731,DC003,MED038,0.0,2026-04-27,2027-10-15,2026-04-27,536,active
BAT02732,DC006,MED038,0.0,2026-05-01,2027-10-19,2026-05-01,536,active
BAT02733,DC002,MED040,0.0,2026-04-27,2027-07-22,2026-04-27,451,active
BAT02734,DC003,MED040,0.0,2026-04-27,2027-07-22,2026-04-27,451,active
BAT02735,DC001,MED003,0.0,2026-04-29,2027-02-15,2026-04-29,292,active
BAT02736,DC001,MED006,0.0,2026-04-29,2026-11-17,2026-04-29,202,active
BAT02737,DC005,MED006,0.0,2026-05-01,2026-11-19,2026-05-01,202,active
BAT02738,DC002,MED007,0.0,2026-04-28,2027-03-24,2026-04-28,330,active
BAT02739,DC002,MED008,0.0,2026-04-28,2027-03-22,2026-04-28,328,active
BAT02740,DC001,MED011,0.0,2026-04-29,2027-03-13,2026-04-29,318,active
BAT02741,DC006,MED012,0.0,2026-05-02,2026-11-14,2026-05-02,196,active
BAT02742,DC003,MED015,0.0,2026-04-28,2027-06-01,2026-04-28,399,active
BAT02743,DC004,MED015,0.0,2026-04-30,2027-06-03,2026-04-30,399,active
BAT02744,DC008,MED015,0.0,2026-04-30,2027-06-03,2026-04-30,399,active
BAT02745,DC003,MED016,0.0,2026-04-28,2026-12-10,2026-04-28,226,active
BAT02746,DC005,MED016,0.0,2026-05-01,2026-12-13,2026-05-01,226,active
BAT02747,DC006,MED018,0.0,2026-05-02,2027-08-08,2026-05-02,463,active
BAT02748,DC008,MED018,0.0,2026-04-30,2027-08-06,2026-04-30,463,active
BAT02749,DC007,MED024,0.0,2026-04-29,2027-07-01,2026-04-29,428,active
BAT02750,DC005,MED026,0.0,2026-05-01,2027-07-31,2026-05-01,456,active
BAT02751,DC008,MED029,0.0,2026-04-30,2026-11-30,2026-04-30,214,active
BAT02752,DC007,MED030,0.0,2026-04-29,2027-02-12,2026-04-29,289,active
BAT02753,DC004,MED032,0.0,2026-04-30,2026-11-23,2026-04-30,207,active
BAT02754,DC007,MED033,0.0,2026-04-29,2027-03-02,2026-04-29,307,active
BAT02755,DC003,MED034,0.0,2026-04-28,2027-06-18,2026-04-28,416,active
BAT02756,DC007,MED035,0.0,2026-04-29,2026-11-20,2026-04-29,205,active
BAT02757,DC001,MED038,0.0,2026-04-29,2027-10-17,2026-04-29,536,active
BAT02758,DC002,MED039,0.0,2026-04-28,2027-07-29,2026-04-28,457,active
BAT02759,DC004,MED039,0.0,2026-04-30,2027-07-31,2026-04-30,457,active
BAT02760,DC004,MED006,0.0,2026-05-01,2026-11-19,2026-05-01,202,active
BAT02761,DC003,MED008,0.0,2026-04-29,2027-03-23,2026-04-29,328,active
BAT02762,DC001,MED009,0.0,2026-04-30,2027-05-01,2026-04-30,366,active
BAT02763,DC003,MED009,0.0,2026-04-29,2027-04-30,2026-04-29,366,active
BAT02764,DC005,MED009,0.0,2026-05-02,2027-05-03,2026-05-02,366,active
BAT02765,DC002,MED010,0.0,2026-04-29,2027-10-10,2026-04-29,529,active
BAT02766,DC007,MED010,0.0,2026-04-30,2027-10-11,2026-04-30,529,active
BAT02767,DC002,MED011,0.0,2026-04-29,2027-03-13,2026-04-29,318,active
BAT02768,DC006,MED014,0.0,2026-05-03,2027-03-14,2026-05-03,315,active
BAT02769,DC006,MED015,0.0,2026-05-03,2027-06-06,2026-05-03,399,active
BAT02770,DC007,MED016,0.0,2026-04-30,2026-12-12,2026-04-30,226,active
BAT02771,DC003,MED019,0.0,2026-04-29,2027-09-19,2026-04-29,508,active
BAT02772,DC006,MED020,0.0,2026-05-03,2027-03-13,2026-05-03,314,active
BAT02773,DC003,MED021,0.0,2026-04-29,2027-09-18,2026-04-29,507,active
BAT02774,DC003,MED025,0.0,2026-04-29,2027-08-03,2026-04-29,461,active
BAT02775,DC007,MED026,0.0,2026-04-30,2027-07-30,2026-04-30,456,active
BAT02776,DC001,MED027,0.0,2026-04-30,2027-07-18,2026-04-30,444,active
BAT02777,DC002,MED027,0.0,2026-04-29,2027-07-17,2026-04-29,444,active
BAT02778,DC007,MED027,0.0,2026-04-30,2027-07-18,2026-04-30,444,active
BAT02779,DC005,MED028,0.0,2026-05-02,2027-08-08,2026-05-02,463,active
BAT02780,DC005,MED032,0.0,2026-05-02,2026-11-25,2026-05-02,207,active
BAT02781,DC001,MED036,0.0,2026-04-30,2027-07-02,2026-04-30,428,active
BAT02782,DC003,MED037,0.0,2026-04-29,2026-10-27,2026-04-29,181,near_expiry
BAT02783,DC008,MED037,0.0,2026-05-01,2026-10-29,2026-05-01,181,near_expiry
BAT02784,DC002,MED038,0.0,2026-04-29,2027-10-17,2026-04-29,536,active
BAT02785,DC005,MED039,0.0,2026-05-02,2027-08-02,2026-05-02,457,active
BAT02786,DC006,MED040,0.0,2026-05-03,2027-07-28,2026-05-03,451,active
BAT02787,DC008,MED001,0.0,2026-05-02,2026-12-20,2026-05-02,232,active
BAT02788,DC004,MED002,0.0,2026-05-02,2027-09-02,2026-05-02,488,active
BAT02789,DC005,MED003,0.0,2026-05-03,2027-02-19,2026-05-03,292,active
BAT02790,DC007,MED004,0.0,2026-05-01,2027-10-20,2026-05-01,537,active
BAT02791,DC007,MED008,0.0,2026-05-01,2027-03-25,2026-05-01,328,active
BAT02792,DC001,MED014,0.0,2026-05-01,2027-03-12,2026-05-01,315,active
BAT02793,DC005,MED015,0.0,2026-05-03,2027-06-06,2026-05-03,399,active
BAT02794,DC001,MED019,0.0,2026-05-01,2027-09-21,2026-05-01,508,active
BAT02795,DC001,MED021,0.0,2026-05-01,2027-09-20,2026-05-01,507,active
BAT02796,DC002,MED022,0.0,2026-04-30,2027-07-25,2026-04-30,451,active
BAT02797,DC002,MED024,0.0,2026-04-30,2027-07-02,2026-04-30,428,active
BAT02798,DC001,MED028,0.0,2026-05-01,2027-08-07,2026-05-01,463,active
BAT02799,DC006,MED029,0.0,2026-05-04,2026-12-04,2026-05-04,214,active
BAT02800,DC004,MED030,0.0,2026-05-02,2027-02-15,2026-05-02,289,active
BAT02801,DC004,MED031,0.0,2026-05-02,2026-12-16,2026-05-02,228,active
BAT02802,DC006,MED031,0.0,2026-05-04,2026-12-18,2026-05-04,228,active
BAT02803,DC003,MED032,0.0,2026-04-30,2026-11-23,2026-04-30,207,active
BAT02804,DC006,MED033,0.0,2026-05-04,2027-03-07,2026-05-04,307,active
BAT02805,DC008,MED038,0.0,2026-05-02,2027-10-20,2026-05-02,536,active
BAT02806,DC001,MED040,0.0,2026-05-01,2027-07-26,2026-05-01,451,active
BAT02807,DC005,MED040,0.0,2026-05-03,2027-07-28,2026-05-03,451,active
BAT02808,DC002,MED002,0.0,2026-05-01,2027-09-01,2026-05-01,488,active
BAT02809,DC002,MED003,0.0,2026-05-01,2027-02-17,2026-05-01,292,active
BAT02810,DC008,MED003,0.0,2026-05-03,2027-02-19,2026-05-03,292,active
BAT02811,DC002,MED004,0.0,2026-05-01,2027-10-20,2026-05-01,537,active
BAT02812,DC003,MED004,0.0,2026-05-01,2027-10-20,2026-05-01,537,active
BAT02813,DC004,MED004,0.0,2026-05-03,2027-10-22,2026-05-03,537,active
BAT02814,DC003,MED005,0.0,2026-05-01,2026-12-19,2026-05-01,232,active
BAT02815,DC004,MED005,0.0,2026-05-03,2026-12-21,2026-05-03,232,active
BAT02816,DC006,MED005,0.0,2026-05-05,2026-12-23,2026-05-05,232,active
BAT02817,DC001,MED007,0.0,2026-05-02,2027-03-28,2026-05-02,330,active
BAT02818,DC006,MED007,0.0,2026-05-05,2027-03-31,2026-05-05,330,active
BAT02819,DC007,MED007,0.0,2026-05-02,2027-03-28,2026-05-02,330,active
BAT02820,DC007,MED009,0.0,2026-05-02,2027-05-03,2026-05-02,366,active
BAT02821,DC006,MED011,0.0,2026-05-05,2027-03-19,2026-05-05,318,active
BAT02822,DC003,MED012,0.0,2026-05-01,2026-11-13,2026-05-01,196,active
BAT02823,DC001,MED013,0.0,2026-05-02,2027-04-08,2026-05-02,341,active
BAT02824,DC005,MED013,0.0,2026-05-04,2027-04-10,2026-05-04,341,active
BAT02825,DC003,MED014,0.0,2026-05-01,2027-03-12,2026-05-01,315,active
BAT02826,DC004,MED014,0.0,2026-05-03,2027-03-14,2026-05-03,315,active
BAT02827,DC008,MED014,0.0,2026-05-03,2027-03-14,2026-05-03,315,active
BAT02828,DC008,MED017,0.0,2026-05-03,2027-08-31,2026-05-03,485,active
BAT02829,DC005,MED018,0.0,2026-05-04,2027-08-10,2026-05-04,463,active
BAT02830,DC002,MED019,0.0,2026-05-01,2027-09-21,2026-05-01,508,active
BAT02831,DC004,MED019,0.0,2026-05-03,2027-09-23,2026-05-03,508,active
BAT02832,DC002,MED020,0.0,2026-05-01,2027-03-11,2026-05-01,314,active
BAT02833,DC004,MED020,0.0,2026-05-03,2027-03-13,2026-05-03,314,active
BAT02834,DC001,MED022,0.0,2026-05-02,2027-07-27,2026-05-02,451,active
BAT02835,DC004,MED024,0.0,2026-05-03,2027-07-05,2026-05-03,428,active
BAT02836,DC002,MED025,0.0,2026-05-01,2027-08-05,2026-05-01,461,active
BAT02837,DC003,MED026,0.0,2026-05-01,2027-07-31,2026-05-01,456,active
BAT02838,DC008,MED026,0.0,2026-05-03,2027-08-02,2026-05-03,456,active
BAT02839,DC003,MED027,0.0,2026-05-01,2027-07-19,2026-05-01,444,active
BAT02840,DC005,MED027,0.0,2026-05-04,2027-07-22,2026-05-04,444,active
BAT02841,DC008,MED027,0.0,2026-05-03,2027-07-21,2026-05-03,444,active
BAT02842,DC002,MED032,0.0,2026-05-01,2026-11-24,2026-05-01,207,active
BAT02843,DC006,MED035,0.0,2026-05-05,2026-11-26,2026-05-05,205,active
BAT02844,DC002,MED037,0.0,2026-05-01,2026-10-29,2026-05-01,181,near_expiry
BAT02845,DC004,MED038,0.0,2026-05-03,2027-10-21,2026-05-03,536,active
BAT02846,DC007,MED038,0.0,2026-05-02,2027-10-20,2026-05-02,536,active
BAT02847,DC007,MED002,0.0,2026-05-03,2027-09-03,2026-05-03,488,active
BAT02848,DC004,MED003,0.0,2026-05-04,2027-02-20,2026-05-04,292,active
BAT02849,DC006,MED003,0.0,2026-05-06,2027-02-22,2026-05-06,292,active
BAT02850,DC001,MED004,0.0,2026-05-03,2027-10-22,2026-05-03,537,active
BAT02851,DC005,MED005,0.0,2026-05-05,2026-12-23,2026-05-05,232,active
BAT02852,DC003,MED007,0.0,2026-05-02,2027-03-28,2026-05-02,330,active
BAT02853,DC004,MED007,0.0,2026-05-04,2027-03-30,2026-05-04,330,active
BAT02854,DC001,MED008,0.0,2026-05-03,2027-03-27,2026-05-03,328,active
BAT02855,DC005,MED008,0.0,2026-05-05,2027-03-29,2026-05-05,328,active
BAT02856,DC008,MED012,0.0,2026-05-04,2026-11-16,2026-05-04,196,active
BAT02857,DC003,MED013,0.0,2026-05-02,2027-04-08,2026-05-02,341,active
BAT02858,DC006,MED013,0.0,2026-05-06,2027-04-12,2026-05-06,341,active
BAT02859,DC007,MED013,0.0,2026-05-03,2027-04-09,2026-05-03,341,active
BAT02860,DC001,MED015,0.0,2026-05-03,2027-06-06,2026-05-03,399,active
BAT02861,DC007,MED015,0.0,2026-05-03,2027-06-06,2026-05-03,399,active
BAT02862,DC002,MED018,0.0,2026-05-02,2027-08-08,2026-05-02,463,active
BAT02863,DC003,MED018,0.0,2026-05-02,2027-08-08,2026-05-02,463,active
BAT02864,DC004,MED018,0.0,2026-05-04,2027-08-10,2026-05-04,463,active
BAT02865,DC007,MED020,0.0,2026-05-03,2027-03-13,2026-05-03,314,active
BAT02866,DC002,MED021,0.0,2026-05-02,2027-09-21,2026-05-02,507,active
BAT02867,DC003,MED022,0.0,2026-05-02,2027-07-27,2026-05-02,451,active
BAT02868,DC008,MED022,0.0,2026-05-04,2027-07-29,2026-05-04,451,active
BAT02869,DC006,MED023,0.0,2026-05-06,2027-04-08,2026-05-06,337,active
BAT02870,DC006,MED024,0.0,2026-05-06,2027-07-08,2026-05-06,428,active
BAT02871,DC005,MED025,0.0,2026-05-05,2027-08-09,2026-05-05,461,active
BAT02872,DC007,MED025,0.0,2026-05-03,2027-08-07,2026-05-03,461,active
BAT02873,DC004,MED026,0.0,2026-05-04,2027-08-03,2026-05-04,456,active
BAT02874,DC006,MED027,0.0,2026-05-06,2027-07-24,2026-05-06,444,active
BAT02875,DC002,MED028,0.0,2026-05-02,2027-08-08,2026-05-02,463,active
BAT02876,DC001,MED029,0.0,2026-05-03,2026-12-03,2026-05-03,214,active
BAT02877,DC002,MED029,0.0,2026-05-02,2026-12-02,2026-05-02,214,active
BAT02878,DC003,MED029,0.0,2026-05-02,2026-12-02,2026-05-02,214,active
BAT02879,DC001,MED031,0.0,2026-05-03,2026-12-17,2026-05-03,228,active
BAT02880,DC005,MED031,0.0,2026-05-05,2026-12-19,2026-05-05,228,active
BAT02881,DC001,MED033,0.0,2026-05-03,2027-03-06,2026-05-03,307,active
BAT02882,DC005,MED033,0.0,2026-05-05,2027-03-08,2026-05-05,307,active
BAT02883,DC005,MED034,0.0,2026-05-05,2027-06-25,2026-05-05,416,active
BAT02884,DC008,MED034,0.0,2026-05-04,2027-06-24,2026-05-04,416,active
BAT02885,DC004,MED035,0.0,2026-05-04,2026-11-25,2026-05-04,205,active
BAT02886,DC003,MED036,0.0,2026-05-02,2027-07-04,2026-05-02,428,active
BAT02887,DC006,MED039,0.0,2026-05-06,2027-08-06,2026-05-06,457,active
BAT02888,DC007,MED040,0.0,2026-05-03,2027-07-28,2026-05-03,451,active
BAT02889,DC005,MED004,0.0,2026-05-06,2027-10-25,2026-05-06,537,active
BAT02890,DC008,MED004,0.0,2026-05-05,2027-10-24,2026-05-05,537,active
BAT02891,DC002,MED005,0.0,2026-05-03,2026-12-21,2026-05-03,232,active
BAT02892,DC007,MED005,0.0,2026-05-04,2026-12-22,2026-05-04,232,active
BAT02893,DC005,MED007,0.0,2026-05-06,2027-04-01,2026-05-06,330,active
BAT02894,DC002,MED009,0.0,2026-05-03,2027-05-04,2026-05-03,366,active
BAT02895,DC004,MED009,0.0,2026-05-05,2027-05-06,2026-05-05,366,active
BAT02896,DC001,MED010,0.0,2026-05-04,2027-10-15,2026-05-04,529,active
BAT02897,DC005,MED010,0.0,2026-05-06,2027-10-17,2026-05-06,529,active
BAT02898,DC002,MED012,0.0,2026-05-03,2026-11-15,2026-05-03,196,active
BAT02899,DC004,MED012,0.0,2026-05-05,2026-11-17,2026-05-05,196,active
BAT02900,DC008,MED013,0.0,2026-05-05,2027-04-11,2026-05-05,341,active
BAT02901,DC007,MED014,0.0,2026-05-04,2027-03-15,2026-05-04,315,active
BAT02902,DC002,MED015,0.0,2026-05-03,2027-06-06,2026-05-03,399,active
BAT02903,DC004,MED016,0.0,2026-05-05,2026-12-17,2026-05-05,226,active
BAT02904,DC006,MED016,0.0,2026-05-07,2026-12-19,2026-05-07,226,active
BAT02905,DC003,MED017,0.0,2026-05-03,2027-08-31,2026-05-03,485,active
BAT02906,DC004,MED021,0.0,2026-05-05,2027-09-24,2026-05-05,507,active
BAT02907,DC008,MED021,0.0,2026-05-05,2027-09-24,2026-05-05,507,active
BAT02908,DC001,MED023,0.0,2026-05-04,2027-04-06,2026-05-04,337,active
BAT02909,DC002,MED023,0.0,2026-05-03,2027-04-05,2026-05-03,337,active
BAT02910,DC002,MED026,0.0,2026-05-03,2027-08-02,2026-05-03,456,active
BAT02911,DC006,MED026,0.0,2026-05-07,2027-08-06,2026-05-07,456,active
BAT02912,DC003,MED028,0.0,2026-05-03,2027-08-09,2026-05-03,463,active
BAT02913,DC001,MED030,0.0,2026-05-04,2027-02-17,2026-05-04,289,active
BAT02914,DC002,MED031,0.0,2026-05-03,2026-12-17,2026-05-03,228,active
BAT02915,DC008,MED031,0.0,2026-05-05,2026-12-19,2026-05-05,228,active
BAT02916,DC004,MED033,0.0,2026-05-05,2027-03-08,2026-05-05,307,active
BAT02917,DC002,MED034,0.0,2026-05-03,2027-06-23,2026-05-03,416,active
BAT02918,DC007,MED036,0.0,2026-05-04,2027-07-06,2026-05-04,428,active
BAT02919,DC001,MED037,0.0,2026-05-04,2026-11-01,2026-05-04,181,near_expiry
BAT02920,DC005,MED037,0.0,2026-05-06,2026-11-03,2026-05-06,181,near_expiry
BAT02921,DC005,MED038,0.0,2026-05-06,2027-10-24,2026-05-06,536,active
BAT02922,DC004,MED040,0.0,2026-05-05,2027-07-30,2026-05-05,451,active
BAT02923,DC008,MED040,0.0,2026-05-05,2027-07-30,2026-05-05,451,active
BAT02924,DC001,MED002,0.0,2026-05-05,2027-09-05,2026-05-05,488,active
BAT02925,DC001,MED005,0.0,2026-05-05,2026-12-23,2026-05-05,232,active
BAT02926,DC002,MED006,0.0,2026-05-04,2026-11-22,2026-05-04,202,active
BAT02927,DC008,MED007,0.0,2026-05-06,2027-04-01,2026-05-06,330,active
BAT02928,DC008,MED008,0.0,2026-05-06,2027-03-30,2026-05-06,328,active
BAT02929,DC004,MED010,0.0,2026-05-06,2027-10-17,2026-05-06,529,active
BAT02930,DC005,MED011,0.0,2026-05-07,2027-03-21,2026-05-07,318,active
BAT02931,DC008,MED011,0.0,2026-05-06,2027-03-20,2026-05-06,318,active
BAT02932,DC002,MED013,0.0,2026-05-04,2027-04-10,2026-05-04,341,active
BAT02933,DC004,MED013,0.0,2026-05-06,2027-04-12,2026-05-06,341,active
BAT02934,DC001,MED017,0.0,2026-05-05,2027-09-02,2026-05-05,485,active
BAT02935,DC005,MED017,0.0,2026-05-07,2027-09-04,2026-05-07,485,active
BAT02936,DC007,MED018,0.0,2026-05-05,2027-08-11,2026-05-05,463,active
BAT02937,DC005,MED019,0.0,2026-05-07,2027-09-27,2026-05-07,508,active
BAT02938,DC007,MED019,0.0,2026-05-05,2027-09-25,2026-05-05,508,active
BAT02939,DC001,MED020,0.0,2026-05-05,2027-03-15,2026-05-05,314,active
BAT02940,DC005,MED020,0.0,2026-05-07,2027-03-17,2026-05-07,314,active
BAT02941,DC008,MED020,0.0,2026-05-06,2027-03-16,2026-05-06,314,active
BAT02942,DC004,MED023,0.0,2026-05-06,2027-04-08,2026-05-06,337,active
BAT02943,DC005,MED023,0.0,2026-05-07,2027-04-09,2026-05-07,337,active
BAT02944,DC007,MED023,0.0,2026-05-05,2027-04-07,2026-05-05,337,active
BAT02945,DC005,MED024,0.0,2026-05-07,2027-07-09,2026-05-07,428,active
BAT02946,DC008,MED024,0.0,2026-05-06,2027-07-08,2026-05-06,428,active
BAT02947,DC004,MED025,0.0,2026-05-06,2027-08-10,2026-05-06,461,active
BAT02948,DC008,MED025,0.0,2026-05-06,2027-08-10,2026-05-06,461,active
BAT02949,DC008,MED028,0.0,2026-05-06,2027-08-12,2026-05-06,463,active
BAT02950,DC007,MED029,0.0,2026-05-05,2026-12-05,2026-05-05,214,active
BAT02951,DC003,MED030,0.0,2026-05-04,2027-02-17,2026-05-04,289,active
BAT02952,DC005,MED030,0.0,2026-05-07,2027-02-20,2026-05-07,289,active
BAT02953,DC003,MED031,0.0,2026-05-04,2026-12-18,2026-05-04,228,active
BAT02954,DC008,MED033,0.0,2026-05-06,2027-03-09,2026-05-06,307,active
BAT02955,DC001,MED034,0.0,2026-05-05,2027-06-25,2026-05-05,416,active
BAT02956,DC004,MED034,0.0,2026-05-06,2027-06-26,2026-05-06,416,active
BAT02957,DC006,MED034,0.0,2026-05-08,2027-06-28,2026-05-08,416,active
BAT02958,DC007,MED034,0.0,2026-05-05,2027-06-25,2026-05-05,416,active
BAT02959,DC003,MED035,0.0,2026-05-04,2026-11-25,2026-05-04,205,active
BAT02960,DC002,MED040,0.0,2026-05-04,2027-07-29,2026-05-04,451,active
BAT02961,DC006,MED002,0.0,2026-05-09,2027-09-09,2026-05-09,488,active
BAT02962,DC003,MED003,0.0,2026-05-05,2027-02-21,2026-05-05,292,active
BAT02963,DC001,MED006,0.0,2026-05-06,2026-11-24,2026-05-06,202,active
BAT02964,DC008,MED006,0.0,2026-05-07,2026-11-25,2026-05-07,202,active
BAT02965,DC004,MED008,0.0,2026-05-07,2027-03-31,2026-05-07,328,active
BAT02966,DC006,MED008,0.0,2026-05-09,2027-04-02,2026-05-09,328,active
BAT02967,DC006,MED009,0.0,2026-05-09,2027-05-10,2026-05-09,366,active
BAT02968,DC008,MED009,0.0,2026-05-07,2027-05-08,2026-05-07,366,active
BAT02969,DC008,MED010,0.0,2026-05-07,2027-10-18,2026-05-07,529,active
BAT02970,DC003,MED011,0.0,2026-05-05,2027-03-19,2026-05-05,318,active
BAT02971,DC004,MED011,0.0,2026-05-07,2027-03-21,2026-05-07,318,active
BAT02972,DC007,MED011,0.0,2026-05-06,2027-03-20,2026-05-06,318,active
BAT02973,DC005,MED014,0.0,2026-05-08,2027-03-19,2026-05-08,315,active
BAT02974,DC002,MED016,0.0,2026-05-05,2026-12-17,2026-05-05,226,active
BAT02975,DC005,MED016,0.0,2026-05-08,2026-12-20,2026-05-08,226,active
BAT02976,DC002,MED017,0.0,2026-05-05,2027-09-02,2026-05-05,485,active
BAT02977,DC004,MED017,0.0,2026-05-07,2027-09-04,2026-05-07,485,active
BAT02978,DC006,MED019,0.0,2026-05-09,2027-09-29,2026-05-09,508,active
BAT02979,DC005,MED021,0.0,2026-05-08,2027-09-27,2026-05-08,507,active
BAT02980,DC007,MED022,0.0,2026-05-06,2027-07-31,2026-05-06,451,active
BAT02981,DC001,MED024,0.0,2026-05-06,2027-07-08,2026-05-06,428,active
BAT02982,DC001,MED025,0.0,2026-05-06,2027-08-10,2026-05-06,461,active
BAT02983,DC006,MED025,0.0,2026-05-09,2027-08-13,2026-05-09,461,active
BAT02984,DC006,MED028,0.0,2026-05-09,2027-08-15,2026-05-09,463,active
BAT02985,DC008,MED030,0.0,2026-05-07,2027-02-20,2026-05-07,289,active
BAT02986,DC007,MED031,0.0,2026-05-06,2026-12-20,2026-05-06,228,active
BAT02987,DC001,MED032,0.0,2026-05-06,2026-11-29,2026-05-06,207,active
BAT02988,DC007,MED032,0.0,2026-05-06,2026-11-29,2026-05-06,207,active
BAT02989,DC008,MED032,0.0,2026-05-07,2026-11-30,2026-05-07,207,active
BAT02990,DC002,MED033,0.0,2026-05-05,2027-03-08,2026-05-05,307,active
BAT02991,DC001,MED035,0.0,2026-05-06,2026-11-27,2026-05-06,205,active
BAT02992,DC008,MED035,0.0,2026-05-07,2026-11-28,2026-05-07,205,active
BAT02993,DC002,MED036,0.0,2026-05-05,2027-07-07,2026-05-05,428,active
BAT02994,DC006,MED037,0.0,2026-05-09,2026-11-06,2026-05-09,181,near_expiry
BAT02995,DC007,MED037,0.0,2026-05-06,2026-11-03,2026-05-06,181,near_expiry
BAT02996,DC003,MED038,0.0,2026-05-05,2027-10-23,2026-05-05,536,active
BAT02997,DC007,MED001,0.0,2026-05-07,2026-12-25,2026-05-07,232,active
BAT02998,DC008,MED002,0.0,2026-05-08,2027-09-08,2026-05-08,488,active
BAT02999,DC007,MED003,0.0,2026-05-07,2027-02-23,2026-05-07,292,active
BAT03000,DC006,MED004,0.0,2026-05-10,2027-10-29,2026-05-10,537,active
BAT03001,DC003,MED006,0.0,2026-05-06,2026-11-24,2026-05-06,202,active
BAT03002,DC005,MED006,0.0,2026-05-09,2026-11-27,2026-05-09,202,active
BAT03003,DC002,MED008,0.0,2026-05-06,2027-03-30,2026-05-06,328,active
BAT03004,DC001,MED012,0.0,2026-05-07,2026-11-19,2026-05-07,196,active
BAT03005,DC003,MED015,0.0,2026-05-06,2027-06-09,2026-05-06,399,active
BAT03006,DC008,MED016,0.0,2026-05-08,2026-12-20,2026-05-08,226,active
BAT03007,DC007,MED017,0.0,2026-05-07,2027-09-04,2026-05-07,485,active
BAT03008,DC001,MED018,0.0,2026-05-07,2027-08-13,2026-05-07,463,active
BAT03009,DC006,MED018,0.0,2026-05-10,2027-08-16,2026-05-10,463,active
BAT03010,DC006,MED021,0.0,2026-05-10,2027-09-29,2026-05-10,507,active
BAT03011,DC007,MED021,0.0,2026-05-07,2027-09-26,2026-05-07,507,active
BAT03012,DC004,MED022,0.0,2026-05-08,2027-08-02,2026-05-08,451,active
BAT03013,DC006,MED022,0.0,2026-05-10,2027-08-04,2026-05-10,451,active
BAT03014,DC007,MED024,0.0,2026-05-07,2027-07-09,2026-05-07,428,active
BAT03015,DC004,MED027,0.0,2026-05-08,2027-07-26,2026-05-08,444,active
BAT03016,DC004,MED032,0.0,2026-05-08,2026-12-01,2026-05-08,207,active
BAT03017,DC006,MED032,0.0,2026-05-10,2026-12-03,2026-05-10,207,active
BAT03018,DC003,MED033,0.0,2026-05-06,2027-03-09,2026-05-06,307,active
BAT03019,DC007,MED033,0.0,2026-05-07,2027-03-10,2026-05-07,307,active
BAT03020,DC003,MED034,0.0,2026-05-06,2027-06-26,2026-05-06,416,active
BAT03021,DC002,MED035,0.0,2026-05-06,2026-11-27,2026-05-06,205,active
BAT03022,DC005,MED036,0.0,2026-05-09,2027-07-11,2026-05-09,428,active
BAT03023,DC006,MED038,0.0,2026-05-10,2027-10-28,2026-05-10,536,active
BAT03024,DC001,MED039,0.0,2026-05-07,2027-08-07,2026-05-07,457,active
BAT03025,DC008,MED039,0.0,2026-05-08,2027-08-08,2026-05-08,457,active
BAT03026,DC001,MED040,0.0,2026-05-07,2027-08-01,2026-05-07,451,active
BAT03027,DC006,MED001,0.0,2026-05-11,2026-12-29,2026-05-11,232,active
BAT03028,DC001,MED003,0.0,2026-05-08,2027-02-24,2026-05-08,292,active
BAT03029,DC004,MED006,0.0,2026-05-09,2026-11-27,2026-05-09,202,active
BAT03030,DC003,MED008,0.0,2026-05-07,2027-03-31,2026-05-07,328,active
BAT03031,DC001,MED009,0.0,2026-05-08,2027-05-09,2026-05-08,366,active
BAT03032,DC003,MED009,0.0,2026-05-07,2027-05-08,2026-05-07,366,active
BAT03033,DC006,MED010,0.0,2026-05-11,2027-10-22,2026-05-11,529,active
BAT03034,DC006,MED014,0.0,2026-05-11,2027-03-22,2026-05-11,315,active
BAT03035,DC004,MED015,0.0,2026-05-09,2027-06-12,2026-05-09,399,active
BAT03036,DC008,MED015,0.0,2026-05-09,2027-06-12,2026-05-09,399,active
BAT03037,DC003,MED016,0.0,2026-05-07,2026-12-19,2026-05-07,226,active
BAT03038,DC008,MED019,0.0,2026-05-09,2027-09-29,2026-05-09,508,active
BAT03039,DC001,MED026,0.0,2026-05-08,2027-08-07,2026-05-08,456,active
BAT03040,DC004,MED029,0.0,2026-05-09,2026-12-09,2026-05-09,214,active
BAT03041,DC005,MED029,0.0,2026-05-10,2026-12-10,2026-05-10,214,active
BAT03042,DC002,MED030,0.0,2026-05-07,2027-02-20,2026-05-07,289,active
BAT03043,DC005,MED035,0.0,2026-05-10,2026-12-01,2026-05-10,205,active
BAT03044,DC004,MED036,0.0,2026-05-09,2027-07-11,2026-05-09,428,active
BAT03045,DC008,MED036,0.0,2026-05-09,2027-07-11,2026-05-09,428,active
BAT03046,DC003,MED037,0.0,2026-05-07,2026-11-04,2026-05-07,181,near_expiry
BAT03047,DC004,MED037,0.0,2026-05-09,2026-11-06,2026-05-09,181,near_expiry
BAT03048,DC002,MED038,0.0,2026-05-07,2027-10-25,2026-05-07,536,active
BAT03049,DC003,MED039,0.0,2026-05-07,2027-08-07,2026-05-07,457,active
BAT03050,DC003,MED040,0.0,2026-05-07,2027-08-01,2026-05-07,451,active
BAT03051,DC006,MED040,0.0,2026-05-11,2027-08-05,2026-05-11,451,active
BAT03052,DC001,MED001,0.0,2026-05-09,2026-12-27,2026-05-09,232,active
BAT03053,DC008,MED005,0.0,2026-05-10,2026-12-28,2026-05-10,232,active
BAT03054,DC007,MED006,0.0,2026-05-09,2026-11-27,2026-05-09,202,active
BAT03055,DC002,MED007,0.0,2026-05-08,2027-04-03,2026-05-08,330,active
BAT03056,DC005,MED009,0.0,2026-05-11,2027-05-12,2026-05-11,366,active
BAT03057,DC007,MED010,0.0,2026-05-09,2027-10-20,2026-05-09,529,active
BAT03058,DC005,MED012,0.0,2026-05-11,2026-11-23,2026-05-11,196,active
BAT03059,DC007,MED012,0.0,2026-05-09,2026-11-21,2026-05-09,196,active
BAT03060,DC002,MED014,0.0,2026-05-08,2027-03-19,2026-05-08,315,active
BAT03061,DC004,MED014,0.0,2026-05-10,2027-03-21,2026-05-10,315,active
BAT03062,DC005,MED015,0.0,2026-05-11,2027-06-14,2026-05-11,399,active
BAT03063,DC006,MED015,0.0,2026-05-12,2027-06-15,2026-05-12,399,active
BAT03064,DC001,MED016,0.0,2026-05-09,2026-12-21,2026-05-09,226,active
BAT03065,DC008,MED018,0.0,2026-05-10,2027-08-16,2026-05-10,463,active
BAT03066,DC003,MED021,0.0,2026-05-08,2027-09-27,2026-05-08,507,active
BAT03067,DC008,MED023,0.0,2026-05-10,2027-04-12,2026-05-10,337,active
BAT03068,DC003,MED025,0.0,2026-05-08,2027-08-12,2026-05-08,461,active
BAT03069,DC005,MED026,0.0,2026-05-11,2027-08-10,2026-05-11,456,active
BAT03070,DC007,MED026,0.0,2026-05-09,2027-08-08,2026-05-09,456,active
BAT03071,DC001,MED027,0.0,2026-05-09,2027-07-27,2026-05-09,444,active
BAT03072,DC002,MED027,0.0,2026-05-08,2027-07-26,2026-05-08,444,active
BAT03073,DC007,MED027,0.0,2026-05-09,2027-07-27,2026-05-09,444,active
BAT03074,DC007,MED028,0.0,2026-05-09,2027-08-15,2026-05-09,463,active
BAT03075,DC008,MED029,0.0,2026-05-10,2026-12-10,2026-05-10,214,active
BAT03076,DC006,MED030,0.0,2026-05-12,2027-02-25,2026-05-12,289,active
BAT03077,DC005,MED032,0.0,2026-05-11,2026-12-04,2026-05-11,207,active
BAT03078,DC007,MED035,0.0,2026-05-09,2026-11-30,2026-05-09,205,active
BAT03079,DC006,MED036,0.0,2026-05-12,2027-07-14,2026-05-12,428,active
BAT03080,DC008,MED037,0.0,2026-05-10,2026-11-07,2026-05-10,181,near_expiry
BAT03081,DC001,MED038,0.0,2026-05-09,2027-10-27,2026-05-09,536,active
BAT03082,DC004,MED038,0.0,2026-05-10,2027-10-28,2026-05-10,536,active
BAT03083,DC004,MED039,0.0,2026-05-10,2027-08-10,2026-05-10,457,active
BAT03084,DC008,MED001,0.0,2026-05-11,2026-12-29,2026-05-11,232,active
BAT03085,DC002,MED002,0.0,2026-05-09,2027-09-09,2026-05-09,488,active
BAT03086,DC004,MED002,0.0,2026-05-11,2027-09-11,2026-05-11,488,active
BAT03087,DC002,MED003,0.0,2026-05-09,2027-02-25,2026-05-09,292,active
BAT03088,DC005,MED003,0.0,2026-05-12,2027-02-28,2026-05-12,292,active
BAT03089,DC008,MED003,0.0,2026-05-11,2027-02-27,2026-05-11,292,active
BAT03090,DC002,MED004,0.0,2026-05-09,2027-10-28,2026-05-09,537,active
BAT03091,DC007,MED004,0.0,2026-05-10,2027-10-29,2026-05-10,537,active
BAT03092,DC006,MED007,0.0,2026-05-13,2027-04-08,2026-05-13,330,active
BAT03093,DC007,MED007,0.0,2026-05-10,2027-04-05,2026-05-10,330,active
BAT03094,DC007,MED008,0.0,2026-05-10,2027-04-03,2026-05-10,328,active
BAT03095,DC001,MED011,0.0,2026-05-10,2027-03-24,2026-05-10,318,active
BAT03096,DC006,MED012,0.0,2026-05-13,2026-11-25,2026-05-13,196,active
BAT03097,DC002,MED018,0.0,2026-05-09,2027-08-15,2026-05-09,463,active
BAT03098,DC005,MED018,0.0,2026-05-12,2027-08-18,2026-05-12,463,active
BAT03099,DC006,MED020,0.0,2026-05-13,2027-03-23,2026-05-13,314,active
BAT03100,DC001,MED021,0.0,2026-05-10,2027-09-29,2026-05-10,507,active
BAT03101,DC005,MED022,0.0,2026-05-12,2027-08-06,2026-05-12,451,active
BAT03102,DC003,MED023,0.0,2026-05-09,2027-04-11,2026-05-09,337,active
BAT03103,DC002,MED024,0.0,2026-05-09,2027-07-11,2026-05-09,428,active
BAT03104,DC003,MED026,0.0,2026-05-09,2027-08-08,2026-05-09,456,active
BAT03105,DC008,MED026,0.0,2026-05-11,2027-08-10,2026-05-11,456,active
BAT03106,DC001,MED028,0.0,2026-05-10,2027-08-16,2026-05-10,463,active
BAT03107,DC004,MED028,0.0,2026-05-11,2027-08-17,2026-05-11,463,active
BAT03108,DC001,MED029,0.0,2026-05-10,2026-12-10,2026-05-10,214,active
BAT03109,DC004,MED030,0.0,2026-05-11,2027-02-24,2026-05-11,289,active
BAT03110,DC007,MED030,0.0,2026-05-10,2027-02-23,2026-05-10,289,active
BAT03111,DC004,MED031,0.0,2026-05-11,2026-12-25,2026-05-11,228,active
BAT03112,DC006,MED031,0.0,2026-05-13,2026-12-27,2026-05-13,228,active
BAT03113,DC002,MED032,0.0,2026-05-09,2026-12-02,2026-05-09,207,active
BAT03114,DC003,MED032,0.0,2026-05-09,2026-12-02,2026-05-09,207,active
BAT03115,DC006,MED033,0.0,2026-05-13,2027-03-16,2026-05-13,307,active
BAT03116,DC001,MED036,0.0,2026-05-10,2027-07-12,2026-05-10,428,active
BAT03117,DC002,MED037,0.0,2026-05-09,2026-11-06,2026-05-09,181,near_expiry
BAT03118,DC007,MED038,0.0,2026-05-10,2027-10-28,2026-05-10,536,active
BAT03119,DC008,MED038,0.0,2026-05-11,2027-10-29,2026-05-11,536,active
BAT03120,DC005,MED039,0.0,2026-05-12,2027-08-12,2026-05-12,457,active
BAT03121,DC005,MED040,0.0,2026-05-12,2027-08-06,2026-05-12,451,active
BAT03122,DC007,MED002,0.0,2026-05-11,2027-09-11,2026-05-11,488,active
BAT03123,DC006,MED003,0.0,2026-05-14,2027-03-02,2026-05-14,292,active
BAT03124,DC003,MED004,0.0,2026-05-10,2027-10-29,2026-05-10,537,active
BAT03125,DC004,MED004,0.0,2026-05-12,2027-10-31,2026-05-12,537,active
BAT03126,DC004,MED005,0.0,2026-05-12,2026-12-30,2026-05-12,232,active
BAT03127,DC005,MED005,0.0,2026-05-13,2026-12-31,2026-05-13,232,active
BAT03128,DC001,MED008,0.0,2026-05-11,2027-04-04,2026-05-11,328,active
BAT03129,DC007,MED009,0.0,2026-05-11,2027-05-12,2026-05-11,366,active
BAT03130,DC002,MED010,0.0,2026-05-10,2027-10-21,2026-05-10,529,active
BAT03131,DC003,MED010,0.0,2026-05-10,2027-10-21,2026-05-10,529,active
BAT03132,DC002,MED011,0.0,2026-05-10,2027-03-24,2026-05-10,318,active
BAT03133,DC003,MED012,0.0,2026-05-10,2026-11-22,2026-05-10,196,active
BAT03134,DC001,MED013,0.0,2026-05-11,2027-04-17,2026-05-11,341,active
BAT03135,DC005,MED013,0.0,2026-05-13,2027-04-19,2026-05-13,341,active
BAT03136,DC006,MED013,0.0,2026-05-14,2027-04-20,2026-05-14,341,active
BAT03137,DC007,MED013,0.0,2026-05-11,2027-04-17,2026-05-11,341,active
BAT03138,DC001,MED014,0.0,2026-05-11,2027-03-22,2026-05-11,315,active
BAT03139,DC003,MED014,0.0,2026-05-10,2027-03-21,2026-05-10,315,active
BAT03140,DC008,MED014,0.0,2026-05-12,2027-03-23,2026-05-12,315,active
BAT03141,DC001,MED015,0.0,2026-05-11,2027-06-14,2026-05-11,399,active
BAT03142,DC007,MED015,0.0,2026-05-11,2027-06-14,2026-05-11,399,active
BAT03143,DC008,MED017,0.0,2026-05-12,2027-09-09,2026-05-12,485,active
BAT03144,DC003,MED018,0.0,2026-05-10,2027-08-16,2026-05-10,463,active
BAT03145,DC003,MED019,0.0,2026-05-10,2027-09-30,2026-05-10,508,active
BAT03146,DC003,MED020,0.0,2026-05-10,2027-03-20,2026-05-10,314,active
BAT03147,DC004,MED021,0.0,2026-05-12,2027-10-01,2026-05-12,507,active
BAT03148,DC008,MED021,0.0,2026-05-12,2027-10-01,2026-05-12,507,active
BAT03149,DC002,MED022,0.0,2026-05-10,2027-08-04,2026-05-10,451,active
BAT03150,DC008,MED022,0.0,2026-05-12,2027-08-06,2026-05-12,451,active
BAT03151,DC006,MED023,0.0,2026-05-14,2027-04-16,2026-05-14,337,active
BAT03152,DC004,MED024,0.0,2026-05-12,2027-07-14,2026-05-12,428,active
BAT03153,DC002,MED025,0.0,2026-05-10,2027-08-14,2026-05-10,461,active
BAT03154,DC005,MED025,0.0,2026-05-13,2027-08-17,2026-05-13,461,active
BAT03155,DC004,MED026,0.0,2026-05-12,2027-08-11,2026-05-12,456,active
BAT03156,DC003,MED027,0.0,2026-05-10,2027-07-28,2026-05-10,444,active
BAT03157,DC005,MED027,0.0,2026-05-13,2027-07-31,2026-05-13,444,active
BAT03158,DC008,MED027,0.0,2026-05-12,2027-07-30,2026-05-12,444,active
BAT03159,DC005,MED028,0.0,2026-05-13,2027-08-19,2026-05-13,463,active
BAT03160,DC002,MED029,0.0,2026-05-10,2026-12-10,2026-05-10,214,active
BAT03161,DC003,MED029,0.0,2026-05-10,2026-12-10,2026-05-10,214,active
BAT03162,DC006,MED029,0.0,2026-05-14,2026-12-14,2026-05-14,214,active
BAT03163,DC001,MED033,0.0,2026-05-11,2027-03-14,2026-05-11,307,active
BAT03164,DC002,MED039,0.0,2026-05-10,2027-08-10,2026-05-10,457,active
BAT03165,DC004,MED003,0.0,2026-05-13,2027-03-01,2026-05-13,292,active
BAT03166,DC001,MED004,0.0,2026-05-12,2027-10-31,2026-05-12,537,active
BAT03167,DC003,MED005,0.0,2026-05-11,2026-12-29,2026-05-11,232,active
BAT03168,DC001,MED007,0.0,2026-05-12,2027-04-07,2026-05-12,330,active
BAT03169,DC003,MED007,0.0,2026-05-11,2027-04-06,2026-05-11,330,active
BAT03170,DC004,MED007,0.0,2026-05-13,2027-04-08,2026-05-13,330,active
BAT03171,DC005,MED007,0.0,2026-05-14,2027-04-09,2026-05-14,330,active
BAT03172,DC005,MED008,0.0,2026-05-14,2027-04-07,2026-05-14,328,active
BAT03173,DC002,MED009,0.0,2026-05-11,2027-05-12,2026-05-11,366,active
BAT03174,DC005,MED010,0.0,2026-05-14,2027-10-25,2026-05-14,529,active
BAT03175,DC006,MED011,0.0,2026-05-15,2027-03-29,2026-05-15,318,active
BAT03176,DC003,MED013,0.0,2026-05-11,2027-04-17,2026-05-11,341,active
BAT03177,DC008,MED013,0.0,2026-05-13,2027-04-19,2026-05-13,341,active
BAT03178,DC007,MED014,0.0,2026-05-12,2027-03-23,2026-05-12,315,active
BAT03179,DC002,MED015,0.0,2026-05-11,2027-06-14,2026-05-11,399,active
BAT03180,DC007,MED016,0.0,2026-05-12,2026-12-24,2026-05-12,226,active
BAT03181,DC003,MED017,0.0,2026-05-11,2027-09-08,2026-05-11,485,active
BAT03182,DC004,MED018,0.0,2026-05-13,2027-08-19,2026-05-13,463,active
BAT03183,DC001,MED019,0.0,2026-05-12,2027-10-02,2026-05-12,508,active
BAT03184,DC002,MED019,0.0,2026-05-11,2027-10-01,2026-05-11,508,active
BAT03185,DC002,MED020,0.0,2026-05-11,2027-03-21,2026-05-11,314,active
BAT03186,DC004,MED020,0.0,2026-05-13,2027-03-23,2026-05-13,314,active
BAT03187,DC002,MED021,0.0,2026-05-11,2027-09-30,2026-05-11,507,active
BAT03188,DC001,MED022,0.0,2026-05-12,2027-08-06,2026-05-12,451,active
BAT03189,DC003,MED022,0.0,2026-05-11,2027-08-05,2026-05-11,451,active
BAT03190,DC003,MED024,0.0,2026-05-11,2027-07-13,2026-05-11,428,active
BAT03191,DC006,MED024,0.0,2026-05-15,2027-07-17,2026-05-15,428,active
BAT03192,DC007,MED025,0.0,2026-05-12,2027-08-16,2026-05-12,461,active
BAT03193,DC006,MED027,0.0,2026-05-15,2027-08-02,2026-05-15,444,active
BAT03194,DC001,MED031,0.0,2026-05-12,2026-12-26,2026-05-12,228,active
BAT03195,DC005,MED031,0.0,2026-05-14,2026-12-28,2026-05-14,228,active
BAT03196,DC008,MED033,0.0,2026-05-13,2027-03-16,2026-05-13,307,active
BAT03197,DC001,MED034,0.0,2026-05-12,2027-07-02,2026-05-12,416,active
BAT03198,DC002,MED034,0.0,2026-05-11,2027-07-01,2026-05-11,416,active
BAT03199,DC005,MED034,0.0,2026-05-14,2027-07-04,2026-05-14,416,active
BAT03200,DC008,MED034,0.0,2026-05-13,2027-07-03,2026-05-13,416,active
BAT03201,DC003,MED036,0.0,2026-05-11,2027-07-13,2026-05-11,428,active
BAT03202,DC001,MED037,0.0,2026-05-12,2026-11-09,2026-05-12,181,near_expiry
BAT03203,DC005,MED037,0.0,2026-05-14,2026-11-11,2026-05-14,181,active
BAT03204,DC008,MED040,0.0,2026-05-13,2027-08-07,2026-05-13,451,active
BAT03205,DC005,MED002,0.0,2026-05-15,2027-09-15,2026-05-15,488,active
BAT03206,DC005,MED004,0.0,2026-05-15,2027-11-03,2026-05-15,537,active
BAT03207,DC008,MED004,0.0,2026-05-14,2027-11-02,2026-05-14,537,active
BAT03208,DC006,MED005,0.0,2026-05-16,2027-01-03,2026-05-16,232,active
BAT03209,DC007,MED005,0.0,2026-05-13,2026-12-31,2026-05-13,232,active
BAT03210,DC002,MED006,0.0,2026-05-12,2026-11-30,2026-05-12,202,active
BAT03211,DC008,MED006,0.0,2026-05-14,2026-12-02,2026-05-14,202,active
BAT03212,DC008,MED008,0.0,2026-05-14,2027-04-07,2026-05-14,328,active
BAT03213,DC004,MED009,0.0,2026-05-14,2027-05-15,2026-05-14,366,active
BAT03214,DC001,MED010,0.0,2026-05-13,2027-10-24,2026-05-13,529,active
BAT03215,DC002,MED012,0.0,2026-05-12,2026-11-24,2026-05-12,196,active
BAT03216,DC004,MED012,0.0,2026-05-14,2026-11-26,2026-05-14,196,active
BAT03217,DC004,MED013,0.0,2026-05-14,2027-04-20,2026-05-14,341,active
BAT03218,DC004,MED016,0.0,2026-05-14,2026-12-26,2026-05-14,226,active
BAT03219,DC006,MED016,0.0,2026-05-16,2026-12-28,2026-05-16,226,active
BAT03220,DC007,MED018,0.0,2026-05-13,2027-08-19,2026-05-13,463,active
BAT03221,DC004,MED019,0.0,2026-05-14,2027-10-04,2026-05-14,508,active
BAT03222,DC005,MED019,0.0,2026-05-15,2027-10-05,2026-05-15,508,active
BAT03223,DC001,MED023,0.0,2026-05-13,2027-04-15,2026-05-13,337,active
BAT03224,DC002,MED023,0.0,2026-05-12,2027-04-14,2026-05-12,337,active
BAT03225,DC007,MED023,0.0,2026-05-13,2027-04-15,2026-05-13,337,active
BAT03226,DC008,MED025,0.0,2026-05-14,2027-08-18,2026-05-14,461,active
BAT03227,DC002,MED026,0.0,2026-05-12,2027-08-11,2026-05-12,456,active
BAT03228,DC006,MED026,0.0,2026-05-16,2027-08-15,2026-05-16,456,active
BAT03229,DC002,MED028,0.0,2026-05-12,2027-08-18,2026-05-12,463,active
BAT03230,DC001,MED030,0.0,2026-05-13,2027-02-26,2026-05-13,289,active
BAT03231,DC005,MED030,0.0,2026-05-15,2027-02-28,2026-05-15,289,active
BAT03232,DC002,MED031,0.0,2026-05-12,2026-12-26,2026-05-12,228,active
BAT03233,DC003,MED031,0.0,2026-05-12,2026-12-26,2026-05-12,228,active
BAT03234,DC004,MED033,0.0,2026-05-14,2027-03-17,2026-05-14,307,active
BAT03235,DC007,MED034,0.0,2026-05-13,2027-07-03,2026-05-13,416,active
BAT03236,DC006,MED035,0.0,2026-05-16,2026-12-07,2026-05-16,205,active
BAT03237,DC007,MED036,0.0,2026-05-13,2027-07-15,2026-05-13,428,active
BAT03238,DC005,MED038,0.0,2026-05-15,2027-11-02,2026-05-15,536,active
BAT03239,DC006,MED039,0.0,2026-05-16,2027-08-16,2026-05-16,457,active
BAT03240,DC007,MED040,0.0,2026-05-13,2027-08-07,2026-05-13,451,active
BAT03241,DC001,MED002,0.0,2026-05-14,2027-09-14,2026-05-14,488,active
BAT03242,DC006,MED002,0.0,2026-05-17,2027-09-17,2026-05-17,488,active
BAT03243,DC005,MED006,0.0,2026-05-16,2026-12-04,2026-05-16,202,active
BAT03244,DC004,MED010,0.0,2026-05-15,2027-10-26,2026-05-15,529,active
BAT03245,DC008,MED011,0.0,2026-05-15,2027-03-29,2026-05-15,318,active
BAT03246,DC002,MED013,0.0,2026-05-13,2027-04-19,2026-05-13,341,active
BAT03247,DC007,MED019,0.0,2026-05-14,2027-10-04,2026-05-14,508,active
BAT03248,DC001,MED020,0.0,2026-05-14,2027-03-24,2026-05-14,314,active
BAT03249,DC007,MED020,0.0,2026-05-14,2027-03-24,2026-05-14,314,active
BAT03250,DC005,MED023,0.0,2026-05-16,2027-04-18,2026-05-16,337,active
BAT03251,DC001,MED025,0.0,2026-05-14,2027-08-18,2026-05-14,461,active
BAT03252,DC004,MED025,0.0,2026-05-15,2027-08-19,2026-05-15,461,active
BAT03253,DC008,MED028,0.0,2026-05-15,2027-08-21,2026-05-15,463,active
BAT03254,DC007,MED029,0.0,2026-05-14,2026-12-14,2026-05-14,214,active
BAT03255,DC003,MED030,0.0,2026-05-13,2027-02-26,2026-05-13,289,active
BAT03256,DC007,MED031,0.0,2026-05-14,2026-12-28,2026-05-14,228,active
BAT03257,DC008,MED031,0.0,2026-05-15,2026-12-29,2026-05-15,228,active
BAT03258,DC008,MED032,0.0,2026-05-15,2026-12-08,2026-05-15,207,active
BAT03259,DC005,MED033,0.0,2026-05-16,2027-03-19,2026-05-16,307,active
BAT03260,DC003,MED034,0.0,2026-05-13,2027-07-03,2026-05-13,416,active
BAT03261,DC004,MED034,0.0,2026-05-15,2027-07-05,2026-05-15,416,active
BAT03262,DC006,MED034,0.0,2026-05-17,2027-07-07,2026-05-17,416,active
BAT03263,DC007,MED037,0.0,2026-05-14,2026-11-11,2026-05-14,181,active
BAT03264,DC007,MED039,0.0,2026-05-14,2027-08-14,2026-05-14,457,active
BAT03265,DC005,MED001,0.0,2026-05-17,2027-01-04,2026-05-17,232,active
BAT03266,DC008,MED002,0.0,2026-05-16,2027-09-16,2026-05-16,488,active
BAT03267,DC003,MED003,0.0,2026-05-14,2027-03-02,2026-05-14,292,active
BAT03268,DC001,MED006,0.0,2026-05-15,2026-12-03,2026-05-15,202,active
BAT03269,DC008,MED007,0.0,2026-05-16,2027-04-11,2026-05-16,330,active
BAT03270,DC002,MED008,0.0,2026-05-14,2027-04-07,2026-05-14,328,active
BAT03271,DC004,MED008,0.0,2026-05-16,2027-04-09,2026-05-16,328,active
BAT03272,DC006,MED008,0.0,2026-05-18,2027-04-11,2026-05-18,328,active
BAT03273,DC008,MED009,0.0,2026-05-16,2027-05-17,2026-05-16,366,active
BAT03274,DC008,MED010,0.0,2026-05-16,2027-10-27,2026-05-16,529,active
BAT03275,DC008,MED012,0.0,2026-05-16,2026-11-28,2026-05-16,196,active
BAT03276,DC001,MED017,0.0,2026-05-15,2027-09-12,2026-05-15,485,active
BAT03277,DC008,MED020,0.0,2026-05-16,2027-03-26,2026-05-16,314,active
BAT03278,DC005,MED021,0.0,2026-05-17,2027-10-06,2026-05-17,507,active
BAT03279,DC005,MED024,0.0,2026-05-17,2027-07-19,2026-05-17,428,active
BAT03280,DC008,MED024,0.0,2026-05-16,2027-07-18,2026-05-16,428,active
BAT03281,DC003,MED028,0.0,2026-05-14,2027-08-20,2026-05-14,463,active
BAT03282,DC006,MED028,0.0,2026-05-18,2027-08-24,2026-05-18,463,active
BAT03283,DC007,MED032,0.0,2026-05-15,2026-12-08,2026-05-15,207,active
BAT03284,DC002,MED033,0.0,2026-05-14,2027-03-17,2026-05-14,307,active
BAT03285,DC003,MED035,0.0,2026-05-14,2026-12-05,2026-05-14,205,active
BAT03286,DC004,MED035,0.0,2026-05-16,2026-12-07,2026-05-16,205,active
BAT03287,DC006,MED037,0.0,2026-05-18,2026-11-15,2026-05-18,181,active
BAT03288,DC002,MED040,0.0,2026-05-14,2027-08-08,2026-05-14,451,active
BAT03289,DC004,MED040,0.0,2026-05-16,2027-08-10,2026-05-16,451,active
BAT03290,DC007,MED001,0.0,2026-05-16,2027-01-03,2026-05-16,232,active
BAT03291,DC003,MED002,0.0,2026-05-15,2027-09-15,2026-05-15,488,active
BAT03292,DC007,MED003,0.0,2026-05-16,2027-03-04,2026-05-16,292,active
BAT03293,DC006,MED004,0.0,2026-05-19,2027-11-07,2026-05-19,537,active
BAT03294,DC002,MED005,0.0,2026-05-15,2027-01-02,2026-05-15,232,active
BAT03295,DC007,MED006,0.0,2026-05-16,2026-12-04,2026-05-16,202,active
BAT03296,DC002,MED007,0.0,2026-05-15,2027-04-10,2026-05-15,330,active
BAT03297,DC003,MED008,0.0,2026-05-15,2027-04-08,2026-05-15,328,active
BAT03298,DC001,MED009,0.0,2026-05-16,2027-05-17,2026-05-16,366,active
BAT03299,DC003,MED009,0.0,2026-05-15,2027-05-16,2026-05-15,366,active
BAT03300,DC006,MED009,0.0,2026-05-19,2027-05-20,2026-05-19,366,active
BAT03301,DC003,MED011,0.0,2026-05-15,2027-03-29,2026-05-15,318,active
BAT03302,DC004,MED011,0.0,2026-05-17,2027-03-31,2026-05-17,318,active
BAT03303,DC005,MED011,0.0,2026-05-18,2027-04-01,2026-05-18,318,active
BAT03304,DC007,MED011,0.0,2026-05-16,2027-03-30,2026-05-16,318,active
BAT03305,DC005,MED012,0.0,2026-05-18,2026-11-30,2026-05-18,196,active
BAT03306,DC004,MED014,0.0,2026-05-17,2027-03-28,2026-05-17,315,active
BAT03307,DC006,MED014,0.0,2026-05-19,2027-03-30,2026-05-19,315,active
BAT03308,DC003,MED015,0.0,2026-05-15,2027-06-18,2026-05-15,399,active
BAT03309,DC008,MED015,0.0,2026-05-17,2027-06-20,2026-05-17,399,active
BAT03310,DC005,MED016,0.0,2026-05-18,2026-12-30,2026-05-18,226,active
BAT03311,DC008,MED016,0.0,2026-05-17,2026-12-29,2026-05-17,226,active
BAT03312,DC002,MED017,0.0,2026-05-15,2027-09-12,2026-05-15,485,active
BAT03313,DC004,MED017,0.0,2026-05-17,2027-09-14,2026-05-17,485,active
BAT03314,DC005,MED017,0.0,2026-05-18,2027-09-15,2026-05-18,485,active
BAT03315,DC001,MED018,0.0,2026-05-16,2027-08-22,2026-05-16,463,active
BAT03316,DC008,MED018,0.0,2026-05-17,2027-08-23,2026-05-17,463,active
BAT03317,DC005,MED020,0.0,2026-05-18,2027-03-28,2026-05-18,314,active
BAT03318,DC006,MED021,0.0,2026-05-19,2027-10-08,2026-05-19,507,active
BAT03319,DC007,MED022,0.0,2026-05-16,2027-08-10,2026-05-16,451,active
BAT03320,DC001,MED024,0.0,2026-05-16,2027-07-18,2026-05-16,428,active
BAT03321,DC007,MED024,0.0,2026-05-16,2027-07-18,2026-05-16,428,active
BAT03322,DC006,MED025,0.0,2026-05-19,2027-08-23,2026-05-19,461,active
BAT03323,DC004,MED027,0.0,2026-05-17,2027-08-04,2026-05-17,444,active
BAT03324,DC002,MED030,0.0,2026-05-15,2027-02-28,2026-05-15,289,active
BAT03325,DC008,MED030,0.0,2026-05-17,2027-03-02,2026-05-17,289,active
BAT03326,DC001,MED032,0.0,2026-05-16,2026-12-09,2026-05-16,207,active
BAT03327,DC006,MED032,0.0,2026-05-19,2026-12-12,2026-05-19,207,active
BAT03328,DC003,MED033,0.0,2026-05-15,2027-03-18,2026-05-15,307,active
BAT03329,DC007,MED033,0.0,2026-05-16,2027-03-19,2026-05-16,307,active
BAT03330,DC002,MED035,0.0,2026-05-15,2026-12-06,2026-05-15,205,active
BAT03331,DC005,MED036,0.0,2026-05-18,2027-07-20,2026-05-18,428,active
BAT03332,DC003,MED037,0.0,2026-05-15,2026-11-12,2026-05-15,181,active
BAT03333,DC003,MED038,0.0,2026-05-15,2027-11-02,2026-05-15,536,active
BAT03334,DC006,MED038,0.0,2026-05-19,2027-11-06,2026-05-19,536,active
BAT03335,DC001,MED001,0.0,2026-05-17,2027-01-04,2026-05-17,232,active
BAT03336,DC001,MED003,0.0,2026-05-17,2027-03-05,2026-05-17,292,active
BAT03337,DC001,MED005,0.0,2026-05-17,2027-01-04,2026-05-17,232,active
BAT03338,DC003,MED006,0.0,2026-05-16,2026-12-04,2026-05-16,202,active
BAT03339,DC004,MED006,0.0,2026-05-18,2026-12-06,2026-05-18,202,active
BAT03340,DC006,MED010,0.0,2026-05-20,2027-10-31,2026-05-20,529,active
BAT03341,DC005,MED014,0.0,2026-05-19,2027-03-30,2026-05-19,315,active
BAT03342,DC004,MED015,0.0,2026-05-18,2027-06-21,2026-05-18,399,active
BAT03343,DC002,MED016,0.0,2026-05-16,2026-12-28,2026-05-16,226,active
BAT03344,DC006,MED017,0.0,2026-05-20,2027-09-17,2026-05-20,485,active
BAT03345,DC006,MED018,0.0,2026-05-20,2027-08-26,2026-05-20,463,active
BAT03346,DC003,MED021,0.0,2026-05-16,2027-10-05,2026-05-16,507,active
BAT03347,DC007,MED021,0.0,2026-05-17,2027-10-06,2026-05-17,507,active
BAT03348,DC004,MED023,0.0,2026-05-18,2027-04-20,2026-05-18,337,active
BAT03349,DC001,MED026,0.0,2026-05-17,2027-08-16,2026-05-17,456,active
BAT03350,DC004,MED029,0.0,2026-05-18,2026-12-18,2026-05-18,214,active
BAT03351,DC005,MED029,0.0,2026-05-19,2026-12-19,2026-05-19,214,active
BAT03352,DC006,MED030,0.0,2026-05-20,2027-03-05,2026-05-20,289,active
BAT03353,DC004,MED032,0.0,2026-05-18,2026-12-11,2026-05-18,207,active
BAT03354,DC005,MED032,0.0,2026-05-19,2026-12-12,2026-05-19,207,active
BAT03355,DC001,MED035,0.0,2026-05-17,2026-12-08,2026-05-17,205,active
BAT03356,DC005,MED035,0.0,2026-05-19,2026-12-10,2026-05-19,205,active
BAT03357,DC004,MED037,0.0,2026-05-18,2026-11-15,2026-05-18,181,active
BAT03358,DC008,MED037,0.0,2026-05-18,2026-11-15,2026-05-18,181,active
BAT03359,DC001,MED038,0.0,2026-05-17,2027-11-04,2026-05-17,536,active
BAT03360,DC001,MED039,0.0,2026-05-17,2027-08-17,2026-05-17,457,active
BAT03361,DC003,MED039,0.0,2026-05-16,2027-08-16,2026-05-16,457,active
BAT03362,DC008,MED039,0.0,2026-05-18,2027-08-18,2026-05-18,457,active
BAT03363,DC001,MED040,0.0,2026-05-17,2027-08-11,2026-05-17,451,active
BAT03364,DC006,MED001,0.0,2026-05-21,2027-01-08,2026-05-21,232,active
BAT03365,DC002,MED002,0.0,2026-05-17,2027-09-17,2026-05-17,488,active
BAT03366,DC004,MED002,0.0,2026-05-19,2027-09-19,2026-05-19,488,active
BAT03367,DC005,MED003,0.0,2026-05-20,2027-03-08,2026-05-20,292,active
BAT03368,DC006,MED006,0.0,2026-05-21,2026-12-09,2026-05-21,202,active
BAT03369,DC006,MED007,0.0,2026-05-21,2027-04-16,2026-05-21,330,active
BAT03370,DC007,MED007,0.0,2026-05-18,2027-04-13,2026-05-18,330,active
BAT03371,DC005,MED009,0.0,2026-05-20,2027-05-21,2026-05-20,366,active
BAT03372,DC006,MED012,0.0,2026-05-21,2026-12-03,2026-05-21,196,active
BAT03373,DC007,MED012,0.0,2026-05-18,2026-11-30,2026-05-18,196,active
BAT03374,DC001,MED015,0.0,2026-05-18,2027-06-21,2026-05-18,399,active
BAT03375,DC005,MED015,0.0,2026-05-20,2027-06-23,2026-05-20,399,active
BAT03376,DC003,MED016,0.0,2026-05-17,2026-12-29,2026-05-17,226,active
BAT03377,DC007,MED017,0.0,2026-05-18,2027-09-15,2026-05-18,485,active
BAT03378,DC003,MED018,0.0,2026-05-17,2027-08-23,2026-05-17,463,active
BAT03379,DC006,MED019,0.0,2026-05-21,2027-10-11,2026-05-21,508,active
BAT03380,DC004,MED021,0.0,2026-05-19,2027-10-08,2026-05-19,507,active
BAT03381,DC004,MED022,0.0,2026-05-19,2027-08-13,2026-05-19,451,active
BAT03382,DC003,MED023,0.0,2026-05-17,2027-04-19,2026-05-17,337,active
BAT03383,DC003,MED025,0.0,2026-05-17,2027-08-21,2026-05-17,461,active
BAT03384,DC007,MED026,0.0,2026-05-18,2027-08-17,2026-05-18,456,active
BAT03385,DC001,MED027,0.0,2026-05-18,2027-08-05,2026-05-18,444,active
BAT03386,DC002,MED027,0.0,2026-05-17,2027-08-04,2026-05-17,444,active
BAT03387,DC007,MED027,0.0,2026-05-18,2027-08-05,2026-05-18,444,active
BAT03388,DC001,MED029,0.0,2026-05-18,2026-12-18,2026-05-18,214,active
BAT03389,DC008,MED029,0.0,2026-05-19,2026-12-19,2026-05-19,214,active
BAT03390,DC006,MED031,0.0,2026-05-21,2027-01-04,2026-05-21,228,active
BAT03391,DC003,MED032,0.0,2026-05-17,2026-12-10,2026-05-17,207,active
BAT03392,DC002,MED036,0.0,2026-05-17,2027-07-19,2026-05-17,428,active
BAT03393,DC004,MED036,0.0,2026-05-19,2027-07-21,2026-05-19,428,active
BAT03394,DC008,MED036,0.0,2026-05-19,2027-07-21,2026-05-19,428,active
BAT03395,DC002,MED037,0.0,2026-05-17,2026-11-14,2026-05-17,181,active
BAT03396,DC002,MED038,0.0,2026-05-17,2027-11-04,2026-05-17,536,active
BAT03397,DC004,MED038,0.0,2026-05-19,2027-11-06,2026-05-19,536,active
BAT03398,DC007,MED038,0.0,2026-05-18,2027-11-05,2026-05-18,536,active
BAT03399,DC004,MED039,0.0,2026-05-19,2027-08-19,2026-05-19,457,active
BAT03400,DC007,MED002,0.0,2026-05-19,2027-09-19,2026-05-19,488,active
BAT03401,DC002,MED003,0.0,2026-05-18,2027-03-06,2026-05-18,292,active
BAT03402,DC002,MED004,0.0,2026-05-18,2027-11-06,2026-05-18,537,active
BAT03403,DC007,MED004,0.0,2026-05-19,2027-11-07,2026-05-19,537,active
BAT03404,DC005,MED005,0.0,2026-05-21,2027-01-08,2026-05-21,232,active
BAT03405,DC008,MED005,0.0,2026-05-20,2027-01-07,2026-05-20,232,active
BAT03406,DC001,MED008,0.0,2026-05-19,2027-04-12,2026-05-19,328,active
BAT03407,DC007,MED008,0.0,2026-05-19,2027-04-12,2026-05-19,328,active
BAT03408,DC002,MED009,0.0,2026-05-18,2027-05-19,2026-05-18,366,active
BAT03409,DC007,MED010,0.0,2026-05-19,2027-10-30,2026-05-19,529,active
BAT03410,DC001,MED011,0.0,2026-05-19,2027-04-02,2026-05-19,318,active
BAT03411,DC001,MED012,0.0,2026-05-19,2026-12-01,2026-05-19,196,active
BAT03412,DC001,MED013,0.0,2026-05-19,2027-04-25,2026-05-19,341,active
BAT03413,DC005,MED013,0.0,2026-05-21,2027-04-27,2026-05-21,341,active
BAT03414,DC006,MED013,0.0,2026-05-22,2027-04-28,2026-05-22,341,active
BAT03415,DC002,MED014,0.0,2026-05-18,2027-03-29,2026-05-18,315,active
BAT03416,DC008,MED014,0.0,2026-05-20,2027-03-31,2026-05-20,315,active
BAT03417,DC002,MED015,0.0,2026-05-18,2027-06-21,2026-05-18,399,active
BAT03418,DC006,MED015,0.0,2026-05-22,2027-06-25,2026-05-22,399,active
BAT03419,DC005,MED018,0.0,2026-05-21,2027-08-27,2026-05-21,463,active
BAT03420,DC008,MED019,0.0,2026-05-20,2027-10-10,2026-05-20,508,active
BAT03421,DC001,MED021,0.0,2026-05-19,2027-10-08,2026-05-19,507,active
BAT03422,DC006,MED022,0.0,2026-05-22,2027-08-16,2026-05-22,451,active
BAT03423,DC002,MED024,0.0,2026-05-18,2027-07-20,2026-05-18,428,active
BAT03424,DC004,MED024,0.0,2026-05-20,2027-07-22,2026-05-20,428,active
BAT03425,DC002,MED025,0.0,2026-05-18,2027-08-22,2026-05-18,461,active
BAT03426,DC003,MED026,0.0,2026-05-18,2027-08-17,2026-05-18,456,active
BAT03427,DC005,MED026,0.0,2026-05-21,2027-08-20,2026-05-21,456,active
BAT03428,DC008,MED026,0.0,2026-05-20,2027-08-19,2026-05-20,456,active
BAT03429,DC005,MED027,0.0,2026-05-21,2027-08-08,2026-05-21,444,active
BAT03430,DC001,MED028,0.0,2026-05-19,2027-08-25,2026-05-19,463,active
BAT03431,DC007,MED028,0.0,2026-05-19,2027-08-25,2026-05-19,463,active
BAT03432,DC003,MED029,0.0,2026-05-18,2026-12-18,2026-05-18,214,active
BAT03433,DC004,MED031,0.0,2026-05-20,2027-01-03,2026-05-20,228,active
BAT03434,DC006,MED033,0.0,2026-05-22,2027-03-25,2026-05-22,307,active
BAT03435,DC002,MED034,0.0,2026-05-18,2027-07-08,2026-05-18,416,active
BAT03436,DC007,MED035,0.0,2026-05-19,2026-12-10,2026-05-19,205,active
BAT03437,DC008,MED035,0.0,2026-05-20,2026-12-11,2026-05-20,205,active
BAT03438,DC006,MED036,0.0,2026-05-22,2027-07-24,2026-05-22,428,active
BAT03439,DC005,MED039,0.0,2026-05-21,2027-08-21,2026-05-21,457,active
BAT03440,DC005,MED040,0.0,2026-05-21,2027-08-15,2026-05-21,451,active
BAT03441,DC008,MED040,0.0,2026-05-20,2027-08-14,2026-05-20,451,active
BAT03442,DC004,MED003,0.0,2026-05-21,2027-03-09,2026-05-21,292,active
BAT03443,DC006,MED003,0.0,2026-05-23,2027-03-11,2026-05-23,292,active
BAT03444,DC008,MED003,0.0,2026-05-21,2027-03-09,2026-05-21,292,active
BAT03445,DC001,MED004,0.0,2026-05-20,2027-11-08,2026-05-20,537,active
BAT03446,DC003,MED004,0.0,2026-05-19,2027-11-07,2026-05-19,537,active
BAT03447,DC004,MED004,0.0,2026-05-21,2027-11-09,2026-05-21,537,active
BAT03448,DC004,MED007,0.0,2026-05-21,2027-04-16,2026-05-21,330,active
BAT03449,DC005,MED008,0.0,2026-05-22,2027-04-15,2026-05-22,328,active
BAT03450,DC007,MED009,0.0,2026-05-20,2027-05-21,2026-05-20,366,active
BAT03451,DC005,MED010,0.0,2026-05-22,2027-11-02,2026-05-22,529,active
BAT03452,DC004,MED012,0.0,2026-05-21,2026-12-03,2026-05-21,196,active
BAT03453,DC003,MED013,0.0,2026-05-19,2027-04-25,2026-05-19,341,active
BAT03454,DC007,MED013,0.0,2026-05-20,2027-04-26,2026-05-20,341,active
BAT03455,DC008,MED013,0.0,2026-05-21,2027-04-27,2026-05-21,341,active
BAT03456,DC001,MED014,0.0,2026-05-20,2027-03-31,2026-05-20,315,active
BAT03457,DC003,MED014,0.0,2026-05-19,2027-03-30,2026-05-19,315,active
BAT03458,DC007,MED015,0.0,2026-05-20,2027-06-23,2026-05-20,399,active
BAT03459,DC001,MED016,0.0,2026-05-20,2027-01-01,2026-05-20,226,active
BAT03460,DC002,MED018,0.0,2026-05-19,2027-08-25,2026-05-19,463,active
BAT03461,DC003,MED019,0.0,2026-05-19,2027-10-09,2026-05-19,508,active
BAT03462,DC006,MED020,0.0,2026-05-23,2027-04-02,2026-05-23,314,active
BAT03463,DC005,MED022,0.0,2026-05-22,2027-08-16,2026-05-22,451,active
BAT03464,DC008,MED023,0.0,2026-05-21,2027-04-23,2026-05-21,337,active
BAT03465,DC005,MED025,0.0,2026-05-22,2027-08-26,2026-05-22,461,active
BAT03466,DC007,MED025,0.0,2026-05-20,2027-08-24,2026-05-20,461,active
BAT03467,DC003,MED027,0.0,2026-05-19,2027-08-06,2026-05-19,444,active
BAT03468,DC008,MED027,0.0,2026-05-21,2027-08-08,2026-05-21,444,active
BAT03469,DC002,MED029,0.0,2026-05-19,2026-12-19,2026-05-19,214,active
BAT03470,DC006,MED029,0.0,2026-05-23,2026-12-23,2026-05-23,214,active
BAT03471,DC001,MED031,0.0,2026-05-20,2027-01-03,2026-05-20,228,active
BAT03472,DC005,MED031,0.0,2026-05-22,2027-01-05,2026-05-22,228,active
BAT03473,DC002,MED032,0.0,2026-05-19,2026-12-12,2026-05-19,207,active
BAT03474,DC001,MED033,0.0,2026-05-20,2027-03-23,2026-05-20,307,active
BAT03475,DC008,MED033,0.0,2026-05-21,2027-03-24,2026-05-21,307,active
BAT03476,DC001,MED034,0.0,2026-05-20,2027-07-10,2026-05-20,416,active
BAT03477,DC005,MED034,0.0,2026-05-22,2027-07-12,2026-05-22,416,active
BAT03478,DC001,MED036,0.0,2026-05-20,2027-07-22,2026-05-20,428,active
BAT03479,DC001,MED037,0.0,2026-05-20,2026-11-17,2026-05-20,181,active
BAT03480,DC005,MED037,0.0,2026-05-22,2026-11-19,2026-05-22,181,active
BAT03481,DC008,MED038,0.0,2026-05-21,2027-11-08,2026-05-21,536,active
BAT03482,DC006,MED040,0.0,2026-05-23,2027-08-17,2026-05-23,451,active
BAT03483,DC007,MED040,0.0,2026-05-20,2027-08-14,2026-05-20,451,active
BAT03484,DC008,MED001,0.0,2026-05-22,2027-01-09,2026-05-22,232,active
BAT03485,DC005,MED002,0.0,2026-05-23,2027-09-23,2026-05-23,488,active
BAT03486,DC006,MED005,0.0,2026-05-24,2027-01-11,2026-05-24,232,active
BAT03487,DC003,MED007,0.0,2026-05-20,2027-04-15,2026-05-20,330,active
BAT03488,DC005,MED007,0.0,2026-05-23,2027-04-18,2026-05-23,330,active
BAT03489,DC001,MED010,0.0,2026-05-21,2027-11-01,2026-05-21,529,active
BAT03490,DC003,MED010,0.0,2026-05-20,2027-10-31,2026-05-20,529,active
BAT03491,DC007,MED014,0.0,2026-05-21,2027-04-01,2026-05-21,315,active
BAT03492,DC007,MED018,0.0,2026-05-21,2027-08-27,2026-05-21,463,active
BAT03493,DC002,MED019,0.0,2026-05-20,2027-10-10,2026-05-20,508,active
BAT03494,DC004,MED020,0.0,2026-05-22,2027-04-01,2026-05-22,314,active
BAT03495,DC008,MED021,0.0,2026-05-22,2027-10-11,2026-05-22,507,active
BAT03496,DC002,MED022,0.0,2026-05-20,2027-08-14,2026-05-20,451,active
BAT03497,DC008,MED022,0.0,2026-05-22,2027-08-16,2026-05-22,451,active
BAT03498,DC003,MED024,0.0,2026-05-20,2027-07-22,2026-05-20,428,active
BAT03499,DC004,MED026,0.0,2026-05-22,2027-08-21,2026-05-22,456,active
BAT03500,DC006,MED027,0.0,2026-05-24,2027-08-11,2026-05-24,444,active
BAT03501,DC004,MED028,0.0,2026-05-22,2027-08-28,2026-05-22,463,active
BAT03502,DC005,MED028,0.0,2026-05-23,2027-08-29,2026-05-23,463,active
BAT03503,DC004,MED030,0.0,2026-05-22,2027-03-07,2026-05-22,289,active
BAT03504,DC008,MED034,0.0,2026-05-22,2027-07-12,2026-05-22,416,active
BAT03505,DC002,MED039,0.0,2026-05-20,2027-08-20,2026-05-20,457,active
BAT03506,DC003,MED040,0.0,2026-05-20,2027-08-14,2026-05-20,451,active
BAT03507,DC001,MED002,0.0,2026-05-22,2027-09-22,2026-05-22,488,active
BAT03508,DC003,MED005,0.0,2026-05-21,2027-01-08,2026-05-21,232,active
BAT03509,DC004,MED005,0.0,2026-05-23,2027-01-10,2026-05-23,232,active
BAT03510,DC007,MED005,0.0,2026-05-22,2027-01-09,2026-05-22,232,active
BAT03511,DC002,MED006,0.0,2026-05-21,2026-12-09,2026-05-21,202,active
BAT03512,DC005,MED006,0.0,2026-05-24,2026-12-12,2026-05-24,202,active
BAT03513,DC008,MED006,0.0,2026-05-23,2026-12-11,2026-05-23,202,active
BAT03514,DC004,MED009,0.0,2026-05-23,2027-05-24,2026-05-23,366,active
BAT03515,DC002,MED011,0.0,2026-05-21,2027-04-04,2026-05-21,318,active
BAT03516,DC002,MED012,0.0,2026-05-21,2026-12-03,2026-05-21,196,active
BAT03517,DC007,MED016,0.0,2026-05-22,2027-01-03,2026-05-22,226,active
BAT03518,DC008,MED017,0.0,2026-05-23,2027-09-20,2026-05-23,485,active
BAT03519,DC002,MED021,0.0,2026-05-21,2027-10-10,2026-05-21,507,active
BAT03520,DC001,MED022,0.0,2026-05-22,2027-08-16,2026-05-22,451,active
BAT03521,DC003,MED022,0.0,2026-05-21,2027-08-15,2026-05-21,451,active
BAT03522,DC005,MED024,0.0,2026-05-24,2027-07-26,2026-05-24,428,active
BAT03523,DC005,MED030,0.0,2026-05-24,2027-03-09,2026-05-24,289,active
BAT03524,DC003,MED031,0.0,2026-05-21,2027-01-04,2026-05-21,228,active
BAT03525,DC008,MED031,0.0,2026-05-23,2027-01-06,2026-05-23,228,active
BAT03526,DC008,MED032,0.0,2026-05-23,2026-12-16,2026-05-23,207,active
BAT03527,DC007,MED036,0.0,2026-05-22,2027-07-24,2026-05-22,428,active
BAT03528,DC008,MED002,0.0,2026-05-24,2027-09-24,2026-05-24,488,active
BAT03529,DC005,MED004,0.0,2026-05-25,2027-11-13,2026-05-25,537,active
BAT03530,DC008,MED004,0.0,2026-05-24,2027-11-12,2026-05-24,537,active
BAT03531,DC001,MED007,0.0,2026-05-23,2027-04-18,2026-05-23,330,active
BAT03532,DC002,MED008,0.0,2026-05-22,2027-04-15,2026-05-22,328,active
BAT03533,DC004,MED008,0.0,2026-05-24,2027-04-17,2026-05-24,328,active
BAT03534,DC008,MED008,0.0,2026-05-24,2027-04-17,2026-05-24,328,active
BAT03535,DC001,MED009,0.0,2026-05-23,2027-05-24,2026-05-23,366,active
BAT03536,DC002,MED010,0.0,2026-05-22,2027-11-02,2026-05-22,529,active
BAT03537,DC003,MED012,0.0,2026-05-22,2026-12-04,2026-05-22,196,active
BAT03538,DC002,MED013,0.0,2026-05-22,2027-04-28,2026-05-22,341,active
BAT03539,DC004,MED013,0.0,2026-05-24,2027-04-30,2026-05-24,341,active
BAT03540,DC005,MED016,0.0,2026-05-25,2027-01-06,2026-05-25,226,active
BAT03541,DC003,MED017,0.0,2026-05-22,2027-09-19,2026-05-22,485,active
BAT03542,DC004,MED018,0.0,2026-05-24,2027-08-30,2026-05-24,463,active
BAT03543,DC003,MED020,0.0,2026-05-22,2027-04-01,2026-05-22,314,active
BAT03544,DC005,MED021,0.0,2026-05-25,2027-10-14,2026-05-25,507,active
BAT03545,DC005,MED023,0.0,2026-05-25,2027-04-27,2026-05-25,337,active
BAT03546,DC006,MED023,0.0,2026-05-26,2027-04-28,2026-05-26,337,active
BAT03547,DC008,MED024,0.0,2026-05-24,2027-07-26,2026-05-24,428,active
BAT03548,DC004,MED025,0.0,2026-05-24,2027-08-28,2026-05-24,461,active
BAT03549,DC008,MED025,0.0,2026-05-24,2027-08-28,2026-05-24,461,active
BAT03550,DC002,MED026,0.0,2026-05-22,2027-08-21,2026-05-22,456,active
BAT03551,DC002,MED028,0.0,2026-05-22,2027-08-28,2026-05-22,463,active
BAT03552,DC007,MED029,0.0,2026-05-23,2026-12-23,2026-05-23,214,active
BAT03553,DC001,MED030,0.0,2026-05-23,2027-03-08,2026-05-23,289,active
BAT03554,DC003,MED030,0.0,2026-05-22,2027-03-07,2026-05-22,289,active
BAT03555,DC007,MED030,0.0,2026-05-23,2027-03-08,2026-05-23,289,active
BAT03556,DC002,MED031,0.0,2026-05-22,2027-01-05,2026-05-22,228,active
BAT03557,DC007,MED031,0.0,2026-05-23,2027-01-06,2026-05-23,228,active
BAT03558,DC007,MED032,0.0,2026-05-23,2026-12-16,2026-05-23,207,active
BAT03559,DC004,MED033,0.0,2026-05-24,2027-03-27,2026-05-24,307,active
BAT03560,DC005,MED033,0.0,2026-05-25,2027-03-28,2026-05-25,307,active
BAT03561,DC003,MED034,0.0,2026-05-22,2027-07-12,2026-05-22,416,active
BAT03562,DC004,MED034,0.0,2026-05-24,2027-07-14,2026-05-24,416,active
BAT03563,DC006,MED034,0.0,2026-05-26,2027-07-16,2026-05-26,416,active
BAT03564,DC007,MED034,0.0,2026-05-23,2027-07-13,2026-05-23,416,active
BAT03565,DC003,MED036,0.0,2026-05-22,2027-07-24,2026-05-22,428,active
BAT03566,DC005,MED038,0.0,2026-05-25,2027-11-12,2026-05-25,536,active
BAT03567,DC006,MED039,0.0,2026-05-26,2027-08-26,2026-05-26,457,active
BAT03568,DC002,MED040,0.0,2026-05-22,2027-08-16,2026-05-22,451,active
BAT03569,DC003,MED002,0.0,2026-05-23,2027-09-23,2026-05-23,488,active
BAT03570,DC006,MED002,0.0,2026-05-27,2027-09-27,2026-05-27,488,active
BAT03571,DC003,MED003,0.0,2026-05-23,2027-03-11,2026-05-23,292,active
BAT03572,DC002,MED005,0.0,2026-05-23,2027-01-10,2026-05-23,232,active
BAT03573,DC008,MED007,0.0,2026-05-25,2027-04-20,2026-05-25,330,active
BAT03574,DC003,MED008,0.0,2026-05-23,2027-04-16,2026-05-23,328,active
BAT03575,DC006,MED008,0.0,2026-05-27,2027-04-20,2026-05-27,328,active
BAT03576,DC003,MED009,0.0,2026-05-23,2027-05-24,2026-05-23,366,active
BAT03577,DC006,MED009,0.0,2026-05-27,2027-05-28,2026-05-27,366,active
BAT03578,DC005,MED012,0.0,2026-05-26,2026-12-08,2026-05-26,196,active
BAT03579,DC008,MED012,0.0,2026-05-25,2026-12-07,2026-05-25,196,active
BAT03580,DC006,MED014,0.0,2026-05-27,2027-04-07,2026-05-27,315,active
BAT03581,DC003,MED015,0.0,2026-05-23,2027-06-26,2026-05-23,399,active
BAT03582,DC004,MED016,0.0,2026-05-25,2027-01-06,2026-05-25,226,active
BAT03583,DC004,MED019,0.0,2026-05-25,2027-10-15,2026-05-25,508,active
BAT03584,DC007,MED019,0.0,2026-05-24,2027-10-14,2026-05-24,508,active
BAT03585,DC001,MED020,0.0,2026-05-24,2027-04-03,2026-05-24,314,active
BAT03586,DC002,MED020,0.0,2026-05-23,2027-04-02,2026-05-23,314,active
BAT03587,DC008,MED020,0.0,2026-05-25,2027-04-04,2026-05-25,314,active
BAT03588,DC006,MED021,0.0,2026-05-27,2027-10-16,2026-05-27,507,active
BAT03589,DC002,MED023,0.0,2026-05-23,2027-04-25,2026-05-23,337,active
BAT03590,DC007,MED023,0.0,2026-05-24,2027-04-26,2026-05-24,337,active
BAT03591,DC001,MED024,0.0,2026-05-24,2027-07-26,2026-05-24,428,active
BAT03592,DC006,MED024,0.0,2026-05-27,2027-07-29,2026-05-27,428,active
BAT03593,DC001,MED025,0.0,2026-05-24,2027-08-28,2026-05-24,461,active
BAT03594,DC006,MED026,0.0,2026-05-27,2027-08-26,2026-05-27,456,active
BAT03595,DC004,MED027,0.0,2026-05-25,2027-08-12,2026-05-25,444,active
BAT03596,DC002,MED033,0.0,2026-05-23,2027-03-26,2026-05-23,307,active
BAT03597,DC003,MED033,0.0,2026-05-23,2027-03-26,2026-05-23,307,active
BAT03598,DC006,MED035,0.0,2026-05-27,2026-12-18,2026-05-27,205,active
BAT03599,DC003,MED037,0.0,2026-05-23,2026-11-20,2026-05-23,181,active
BAT03600,DC006,MED037,0.0,2026-05-27,2026-11-24,2026-05-27,181,active
BAT03601,DC007,MED037,0.0,2026-05-24,2026-11-21,2026-05-24,181,active
BAT03602,DC004,MED040,0.0,2026-05-25,2027-08-19,2026-05-25,451,active
BAT03603,DC005,MED001,0.0,2026-05-27,2027-01-14,2026-05-27,232,active
BAT03604,DC007,MED001,0.0,2026-05-25,2027-01-12,2026-05-25,232,active
BAT03605,DC007,MED003,0.0,2026-05-25,2027-03-13,2026-05-25,292,active
BAT03606,DC001,MED006,0.0,2026-05-25,2026-12-13,2026-05-25,202,active
BAT03607,DC004,MED006,0.0,2026-05-26,2026-12-14,2026-05-26,202,active
BAT03608,DC007,MED006,0.0,2026-05-25,2026-12-13,2026-05-25,202,active
BAT03609,DC002,MED007,0.0,2026-05-24,2027-04-19,2026-05-24,330,active
BAT03610,DC008,MED009,0.0,2026-05-26,2027-05-27,2026-05-26,366,active
BAT03611,DC008,MED010,0.0,2026-05-26,2027-11-06,2026-05-26,529,active
BAT03612,DC006,MED011,0.0,2026-05-28,2027-04-11,2026-05-28,318,active
BAT03613,DC008,MED011,0.0,2026-05-26,2027-04-09,2026-05-26,318,active
BAT03614,DC004,MED014,0.0,2026-05-26,2027-04-06,2026-05-26,315,active
BAT03615,DC005,MED014,0.0,2026-05-27,2027-04-07,2026-05-27,315,active
BAT03616,DC004,MED015,0.0,2026-05-26,2027-06-29,2026-05-26,399,active
BAT03617,DC008,MED015,0.0,2026-05-26,2027-06-29,2026-05-26,399,active
BAT03618,DC008,MED016,0.0,2026-05-26,2027-01-07,2026-05-26,226,active
BAT03619,DC001,MED017,0.0,2026-05-25,2027-09-22,2026-05-25,485,active
BAT03620,DC004,MED017,0.0,2026-05-26,2027-09-23,2026-05-26,485,active
BAT03621,DC005,MED017,0.0,2026-05-27,2027-09-24,2026-05-27,485,active
BAT03622,DC001,MED018,0.0,2026-05-25,2027-08-31,2026-05-25,463,active
BAT03623,DC006,MED018,0.0,2026-05-28,2027-09-03,2026-05-28,463,active
BAT03624,DC008,MED018,0.0,2026-05-26,2027-09-01,2026-05-26,463,active
BAT03625,DC001,MED019,0.0,2026-05-25,2027-10-15,2026-05-25,508,active
BAT03626,DC005,MED020,0.0,2026-05-27,2027-04-06,2026-05-27,314,active
BAT03627,DC007,MED020,0.0,2026-05-25,2027-04-04,2026-05-25,314,active
BAT03628,DC003,MED021,0.0,2026-05-24,2027-10-13,2026-05-24,507,active
BAT03629,DC001,MED023,0.0,2026-05-25,2027-04-27,2026-05-25,337,active
BAT03630,DC007,MED024,0.0,2026-05-25,2027-07-27,2026-05-25,428,active
BAT03631,DC006,MED025,0.0,2026-05-28,2027-09-01,2026-05-28,461,active
BAT03632,DC001,MED027,0.0,2026-05-25,2027-08-12,2026-05-25,444,active
BAT03633,DC006,MED028,0.0,2026-05-28,2027-09-03,2026-05-28,463,active
BAT03634,DC008,MED028,0.0,2026-05-26,2027-09-01,2026-05-26,463,active
BAT03635,DC004,MED029,0.0,2026-05-26,2026-12-26,2026-05-26,214,active
BAT03636,DC002,MED030,0.0,2026-05-24,2027-03-09,2026-05-24,289,active
BAT03637,DC006,MED030,0.0,2026-05-28,2027-03-13,2026-05-28,289,active
BAT03638,DC008,MED030,0.0,2026-05-26,2027-03-11,2026-05-26,289,active
BAT03639,DC001,MED032,0.0,2026-05-25,2026-12-18,2026-05-25,207,active
BAT03640,DC004,MED032,0.0,2026-05-26,2026-12-19,2026-05-26,207,active
BAT03641,DC006,MED032,0.0,2026-05-28,2026-12-21,2026-05-28,207,active
BAT03642,DC007,MED033,0.0,2026-05-25,2027-03-28,2026-05-25,307,active
BAT03643,DC001,MED035,0.0,2026-05-25,2026-12-16,2026-05-25,205,active
BAT03644,DC003,MED035,0.0,2026-05-24,2026-12-15,2026-05-24,205,active
BAT03645,DC004,MED035,0.0,2026-05-26,2026-12-17,2026-05-26,205,active
BAT03646,DC003,MED038,0.0,2026-05-24,2027-11-11,2026-05-24,536,active
BAT03647,DC006,MED038,0.0,2026-05-28,2027-11-15,2026-05-28,536,active
BAT03648,DC007,MED039,0.0,2026-05-25,2027-08-25,2026-05-25,457,active
BAT03649,DC004,MED002,0.0,2026-05-27,2027-09-27,2026-05-27,488,active
BAT03650,DC006,MED004,0.0,2026-05-29,2027-11-17,2026-05-29,537,active
BAT03651,DC001,MED005,0.0,2026-05-26,2027-01-13,2026-05-26,232,active
BAT03652,DC003,MED006,0.0,2026-05-25,2026-12-13,2026-05-25,202,active
BAT03653,DC006,MED006,0.0,2026-05-29,2026-12-17,2026-05-29,202,active
BAT03654,DC007,MED007,0.0,2026-05-26,2027-04-21,2026-05-26,330,active
BAT03655,DC001,MED008,0.0,2026-05-26,2027-04-19,2026-05-26,328,active
BAT03656,DC002,MED009,0.0,2026-05-25,2027-05-26,2026-05-25,366,active
BAT03657,DC006,MED010,0.0,2026-05-29,2027-11-09,2026-05-29,529,active
BAT03658,DC003,MED011,0.0,2026-05-25,2027-04-08,2026-05-25,318,active
BAT03659,DC004,MED011,0.0,2026-05-27,2027-04-10,2026-05-27,318,active
BAT03660,DC005,MED011,0.0,2026-05-28,2027-04-11,2026-05-28,318,active
BAT03661,DC007,MED011,0.0,2026-05-26,2027-04-09,2026-05-26,318,active
BAT03662,DC001,MED012,0.0,2026-05-26,2026-12-08,2026-05-26,196,active
BAT03663,DC001,MED015,0.0,2026-05-26,2027-06-29,2026-05-26,399,active
BAT03664,DC002,MED016,0.0,2026-05-25,2027-01-06,2026-05-25,226,active
BAT03665,DC006,MED016,0.0,2026-05-29,2027-01-10,2026-05-29,226,active
BAT03666,DC002,MED017,0.0,2026-05-25,2027-09-22,2026-05-25,485,active
BAT03667,DC006,MED017,0.0,2026-05-29,2027-09-26,2026-05-29,485,active
BAT03668,DC003,MED018,0.0,2026-05-25,2027-08-31,2026-05-25,463,active
BAT03669,DC005,MED019,0.0,2026-05-28,2027-10-18,2026-05-28,508,active
BAT03670,DC007,MED021,0.0,2026-05-26,2027-10-15,2026-05-26,507,active
BAT03671,DC004,MED023,0.0,2026-05-27,2027-04-29,2026-05-27,337,active
BAT03672,DC001,MED026,0.0,2026-05-26,2027-08-25,2026-05-26,456,active
BAT03673,DC003,MED028,0.0,2026-05-25,2027-08-31,2026-05-25,463,active
BAT03674,DC001,MED029,0.0,2026-05-26,2026-12-26,2026-05-26,214,active
BAT03675,DC003,MED029,0.0,2026-05-25,2026-12-25,2026-05-25,214,active
BAT03676,DC008,MED029,0.0,2026-05-27,2026-12-27,2026-05-27,214,active
BAT03677,DC002,MED037,0.0,2026-05-25,2026-11-22,2026-05-25,181,active
BAT03678,DC008,MED037,0.0,2026-05-27,2026-11-24,2026-05-27,181,active
BAT03679,DC001,MED038,0.0,2026-05-26,2027-11-13,2026-05-26,536,active
BAT03680,DC002,MED038,0.0,2026-05-25,2027-11-12,2026-05-25,536,active
BAT03681,DC004,MED038,0.0,2026-05-27,2027-11-14,2026-05-27,536,active
BAT03682,DC007,MED038,0.0,2026-05-26,2027-11-13,2026-05-26,536,active
BAT03683,DC008,MED039,0.0,2026-05-27,2027-08-27,2026-05-27,457,active
BAT03684,DC005,MED040,0.0,2026-05-28,2027-08-22,2026-05-28,451,active
BAT03685,DC008,MED040,0.0,2026-05-27,2027-08-21,2026-05-27,451,active
BAT03686,DC006,MED001,0.0,2026-05-30,2027-01-17,2026-05-30,232,active
BAT03687,DC002,MED002,0.0,2026-05-26,2027-09-26,2026-05-26,488,active
BAT03688,DC001,MED003,0.0,2026-05-27,2027-03-15,2026-05-27,292,active
BAT03689,DC007,MED004,0.0,2026-05-27,2027-11-15,2026-05-27,537,active
BAT03690,DC005,MED005,0.0,2026-05-29,2027-01-16,2026-05-29,232,active
BAT03691,DC008,MED005,0.0,2026-05-28,2027-01-15,2026-05-28,232,active
BAT03692,DC006,MED007,0.0,2026-05-30,2027-04-25,2026-05-30,330,active
BAT03693,DC005,MED009,0.0,2026-05-29,2027-05-30,2026-05-29,366,active
BAT03694,DC005,MED013,0.0,2026-05-29,2027-05-05,2026-05-29,341,active
BAT03695,DC002,MED014,0.0,2026-05-26,2027-04-06,2026-05-26,315,active
BAT03696,DC002,MED015,0.0,2026-05-26,2027-06-29,2026-05-26,399,active
BAT03697,DC005,MED015,0.0,2026-05-29,2027-07-02,2026-05-29,399,active
BAT03698,DC006,MED015,0.0,2026-05-30,2027-07-03,2026-05-30,399,active
BAT03699,DC007,MED017,0.0,2026-05-27,2027-09-24,2026-05-27,485,active
BAT03700,DC002,MED018,0.0,2026-05-26,2027-09-01,2026-05-26,463,active
BAT03701,DC004,MED021,0.0,2026-05-28,2027-10-17,2026-05-28,507,active
BAT03702,DC004,MED022,0.0,2026-05-28,2027-08-22,2026-05-28,451,active
BAT03703,DC007,MED022,0.0,2026-05-27,2027-08-21,2026-05-27,451,active
BAT03704,DC003,MED025,0.0,2026-05-26,2027-08-30,2026-05-26,461,active
BAT03705,DC003,MED026,0.0,2026-05-26,2027-08-25,2026-05-26,456,active
BAT03706,DC005,MED026,0.0,2026-05-29,2027-08-28,2026-05-29,456,active
BAT03707,DC002,MED027,0.0,2026-05-26,2027-08-13,2026-05-26,444,active
BAT03708,DC002,MED029,0.0,2026-05-26,2026-12-26,2026-05-26,214,active
BAT03709,DC005,MED029,0.0,2026-05-29,2026-12-29,2026-05-29,214,active
BAT03710,DC004,MED031,0.0,2026-05-28,2027-01-11,2026-05-28,228,active
BAT03711,DC006,MED031,0.0,2026-05-30,2027-01-13,2026-05-30,228,active
BAT03712,DC003,MED032,0.0,2026-05-26,2026-12-19,2026-05-26,207,active
BAT03713,DC005,MED032,0.0,2026-05-29,2026-12-22,2026-05-29,207,active
BAT03714,DC006,MED033,0.0,2026-05-30,2027-04-02,2026-05-30,307,active
BAT03715,DC008,MED033,0.0,2026-05-28,2027-03-31,2026-05-28,307,active
BAT03716,DC002,MED034,0.0,2026-05-26,2027-07-16,2026-05-26,416,active
BAT03717,DC005,MED035,0.0,2026-05-29,2026-12-20,2026-05-29,205,active
BAT03718,DC005,MED036,0.0,2026-05-29,2027-07-31,2026-05-29,428,active
BAT03719,DC001,MED037,0.0,2026-05-27,2026-11-24,2026-05-27,181,active
BAT03720,DC004,MED037,0.0,2026-05-28,2026-11-25,2026-05-28,181,active
BAT03721,DC001,MED039,0.0,2026-05-27,2027-08-27,2026-05-27,457,active
BAT03722,DC003,MED039,0.0,2026-05-26,2027-08-26,2026-05-26,457,active
BAT03723,DC001,MED001,0.0,2026-05-28,2027-01-15,2026-05-28,232,active
BAT03724,DC007,MED002,0.0,2026-05-28,2027-09-28,2026-05-28,488,active
BAT03725,DC005,MED003,0.0,2026-05-30,2027-03-18,2026-05-30,292,active
BAT03726,DC002,MED004,0.0,2026-05-27,2027-11-15,2026-05-27,537,active
BAT03727,DC007,MED008,0.0,2026-05-28,2027-04-21,2026-05-28,328,active
BAT03728,DC006,MED012,0.0,2026-05-31,2026-12-13,2026-05-31,196,active
BAT03729,DC001,MED013,0.0,2026-05-28,2027-05-04,2026-05-28,341,active
BAT03730,DC006,MED013,0.0,2026-05-31,2027-05-07,2026-05-31,341,active
BAT03731,DC008,MED013,0.0,2026-05-29,2027-05-05,2026-05-29,341,active
BAT03732,DC001,MED014,0.0,2026-05-28,2027-04-08,2026-05-28,315,active
BAT03733,DC007,MED014,0.0,2026-05-28,2027-04-08,2026-05-28,315,active
BAT03734,DC003,MED016,0.0,2026-05-27,2027-01-08,2026-05-27,226,active
BAT03735,DC006,MED019,0.0,2026-05-31,2027-10-21,2026-05-31,508,active
BAT03736,DC008,MED023,0.0,2026-05-29,2027-05-01,2026-05-29,337,active
BAT03737,DC002,MED024,0.0,2026-05-27,2027-07-29,2026-05-27,428,active
BAT03738,DC004,MED024,0.0,2026-05-29,2027-07-31,2026-05-29,428,active
BAT03739,DC002,MED025,0.0,2026-05-27,2027-08-31,2026-05-27,461,active
BAT03740,DC007,MED026,0.0,2026-05-28,2027-08-27,2026-05-28,456,active
BAT03741,DC008,MED026,0.0,2026-05-29,2027-08-28,2026-05-29,456,active
BAT03742,DC007,MED027,0.0,2026-05-28,2027-08-15,2026-05-28,444,active
BAT03743,DC001,MED034,0.0,2026-05-28,2027-07-18,2026-05-28,416,active
BAT03744,DC004,MED036,0.0,2026-05-29,2027-07-31,2026-05-29,428,active
BAT03745,DC008,MED038,0.0,2026-05-29,2027-11-16,2026-05-29,536,active
BAT03746,DC002,MED003,0.0,2026-05-28,2027-03-16,2026-05-28,292,active
BAT03747,DC008,MED003,0.0,2026-05-30,2027-03-18,2026-05-30,292,active
BAT03748,DC003,MED004,0.0,2026-05-28,2027-11-16,2026-05-28,537,active
BAT03749,DC004,MED004,0.0,2026-05-30,2027-11-18,2026-05-30,537,active
BAT03750,DC007,MED005,0.0,2026-05-29,2027-01-16,2026-05-29,232,active
BAT03751,DC004,MED010,0.0,2026-05-30,2027-11-10,2026-05-30,529,active
BAT03752,DC005,MED010,0.0,2026-05-31,2027-11-11,2026-05-31,529,active
BAT03753,DC007,MED013,0.0,2026-05-29,2027-05-05,2026-05-29,341,active
BAT03754,DC003,MED014,0.0,2026-05-28,2027-04-08,2026-05-28,315,active
BAT03755,DC001,MED016,0.0,2026-05-29,2027-01-10,2026-05-29,226,active
BAT03756,DC007,MED018,0.0,2026-05-29,2027-09-04,2026-05-29,463,active
BAT03757,DC001,MED021,0.0,2026-05-29,2027-10-18,2026-05-29,507,active
BAT03758,DC003,MED024,0.0,2026-05-28,2027-07-30,2026-05-28,428,active
BAT03759,DC003,MED027,0.0,2026-05-28,2027-08-15,2026-05-28,444,active
BAT03760,DC005,MED027,0.0,2026-05-31,2027-08-18,2026-05-31,444,active
BAT03761,DC006,MED027,0.0,2026-06-01,2027-08-19,2026-06-01,444,active
BAT03762,DC008,MED027,0.0,2026-05-30,2027-08-17,2026-05-30,444,active
BAT03763,DC001,MED028,0.0,2026-05-29,2027-09-04,2026-05-29,463,active
BAT03764,DC006,MED029,0.0,2026-06-01,2027-01-01,2026-06-01,214,active
BAT03765,DC005,MED031,0.0,2026-05-31,2027-01-14,2026-05-31,228,active
BAT03766,DC002,MED032,0.0,2026-05-28,2026-12-21,2026-05-28,207,active
BAT03767,DC002,MED035,0.0,2026-05-28,2026-12-19,2026-05-28,205,active
BAT03768,DC008,MED036,0.0,2026-05-30,2027-08-01,2026-05-30,428,active
BAT03769,DC004,MED039,0.0,2026-05-30,2027-08-30,2026-05-30,457,active
BAT03770,DC005,MED039,0.0,2026-05-31,2027-08-31,2026-05-31,457,active
BAT03771,DC003,MED001,0.0,2026-05-29,2027-01-16,2026-05-29,232,active
BAT03772,DC001,MED002,0.0,2026-05-30,2027-09-30,2026-05-30,488,active
BAT03773,DC005,MED002,0.0,2026-06-01,2027-10-02,2026-06-01,488,active
BAT03774,DC004,MED003,0.0,2026-05-31,2027-03-19,2026-05-31,292,active
BAT03775,DC006,MED003,0.0,2026-06-02,2027-03-21,2026-06-02,292,active
BAT03776,DC001,MED004,0.0,2026-05-30,2027-11-18,2026-05-30,537,active
BAT03777,DC005,MED006,0.0,2026-06-01,2026-12-20,2026-06-01,202,active
BAT03778,DC004,MED007,0.0,2026-05-31,2027-04-26,2026-05-31,330,active
BAT03779,DC005,MED007,0.0,2026-06-01,2027-04-27,2026-06-01,330,active
BAT03780,DC005,MED008,0.0,2026-06-01,2027-04-25,2026-06-01,328,active
BAT03781,DC007,MED009,0.0,2026-05-30,2027-05-31,2026-05-30,366,active
BAT03782,DC001,MED011,0.0,2026-05-30,2027-04-13,2026-05-30,318,active
BAT03783,DC004,MED012,0.0,2026-05-31,2026-12-13,2026-05-31,196,active
BAT03784,DC007,MED012,0.0,2026-05-30,2026-12-12,2026-05-30,196,active
BAT03785,DC003,MED013,0.0,2026-05-29,2027-05-05,2026-05-29,341,active
BAT03786,DC008,MED014,0.0,2026-05-31,2027-04-11,2026-05-31,315,active
BAT03787,DC007,MED015,0.0,2026-05-30,2027-07-03,2026-05-30,399,active
BAT03788,DC005,MED016,0.0,2026-06-01,2027-01-13,2026-06-01,226,active
BAT03789,DC005,MED018,0.0,2026-06-01,2027-09-07,2026-06-01,463,active
BAT03790,DC004,MED020,0.0,2026-05-31,2027-04-10,2026-05-31,314,active
BAT03791,DC008,MED021,0.0,2026-05-31,2027-10-20,2026-05-31,507,active
BAT03792,DC006,MED022,0.0,2026-06-02,2027-08-27,2026-06-02,451,active
BAT03793,DC005,MED025,0.0,2026-06-01,2027-09-05,2026-06-01,461,active
BAT03794,DC007,MED025,0.0,2026-05-30,2027-09-03,2026-05-30,461,active
BAT03795,DC004,MED026,0.0,2026-05-31,2027-08-30,2026-05-31,456,active
BAT03796,DC007,MED028,0.0,2026-05-30,2027-09-05,2026-05-30,463,active
BAT03797,DC007,MED030,0.0,2026-05-30,2027-03-15,2026-05-30,289,active
BAT03798,DC001,MED031,0.0,2026-05-30,2027-01-13,2026-05-30,228,active
BAT03799,DC007,MED031,0.0,2026-05-30,2027-01-13,2026-05-30,228,active
BAT03800,DC001,MED033,0.0,2026-05-30,2027-04-02,2026-05-30,307,active
BAT03801,DC003,MED034,0.0,2026-05-29,2027-07-19,2026-05-29,416,active
BAT03802,DC005,MED034,0.0,2026-06-01,2027-07-22,2026-06-01,416,active
BAT03803,DC001,MED036,0.0,2026-05-30,2027-08-01,2026-05-30,428,active
BAT03804,DC002,MED036,0.0,2026-05-29,2027-07-31,2026-05-29,428,active
BAT03805,DC006,MED036,0.0,2026-06-02,2027-08-04,2026-06-02,428,active
BAT03806,DC005,MED037,0.0,2026-06-01,2026-11-29,2026-06-01,181,active
BAT03807,DC006,MED040,0.0,2026-06-02,2027-08-27,2026-06-02,451,active
BAT03808,DC007,MED040,0.0,2026-05-30,2027-08-24,2026-05-30,451,active
BAT03809,DC008,MED001,0.0,2026-06-01,2027-01-19,2026-06-01,232,active
BAT03810,DC008,MED002,0.0,2026-06-01,2027-10-02,2026-06-01,488,active
BAT03811,DC006,MED005,0.0,2026-06-03,2027-01-21,2026-06-03,232,active
BAT03812,DC003,MED007,0.0,2026-05-30,2027-04-25,2026-05-30,330,active
BAT03813,DC002,MED008,0.0,2026-05-30,2027-04-23,2026-05-30,328,active
BAT03814,DC001,MED009,0.0,2026-05-31,2027-06-01,2026-05-31,366,active
BAT03815,DC004,MED009,0.0,2026-06-01,2027-06-02,2026-06-01,366,active
BAT03816,DC003,MED012,0.0,2026-05-30,2026-12-12,2026-05-30,196,active
BAT03817,DC002,MED013,0.0,2026-05-30,2027-05-06,2026-05-30,341,active
BAT03818,DC004,MED013,0.0,2026-06-01,2027-05-08,2026-06-01,341,active
BAT03819,DC004,MED016,0.0,2026-06-01,2027-01-13,2026-06-01,226,active
BAT03820,DC004,MED018,0.0,2026-06-01,2027-09-07,2026-06-01,463,active
BAT03821,DC002,MED019,0.0,2026-05-30,2027-10-20,2026-05-30,508,active
BAT03822,DC003,MED019,0.0,2026-05-30,2027-10-20,2026-05-30,508,active
BAT03823,DC008,MED019,0.0,2026-06-01,2027-10-22,2026-06-01,508,active
BAT03824,DC002,MED021,0.0,2026-05-30,2027-10-19,2026-05-30,507,active
BAT03825,DC005,MED021,0.0,2026-06-02,2027-10-22,2026-06-02,507,active
BAT03826,DC002,MED022,0.0,2026-05-30,2027-08-24,2026-05-30,451,active
BAT03827,DC003,MED023,0.0,2026-05-30,2027-05-02,2026-05-30,337,active
BAT03828,DC005,MED023,0.0,2026-06-02,2027-05-05,2026-06-02,337,active
BAT03829,DC005,MED024,0.0,2026-06-02,2027-08-04,2026-06-02,428,active
BAT03830,DC008,MED024,0.0,2026-06-01,2027-08-03,2026-06-01,428,active
BAT03831,DC004,MED028,0.0,2026-06-01,2027-09-07,2026-06-01,463,active
BAT03832,DC003,MED030,0.0,2026-05-30,2027-03-15,2026-05-30,289,active
BAT03833,DC005,MED030,0.0,2026-06-02,2027-03-18,2026-06-02,289,active
BAT03834,DC002,MED031,0.0,2026-05-30,2027-01-13,2026-05-30,228,active
BAT03835,DC008,MED031,0.0,2026-06-01,2027-01-15,2026-06-01,228,active
BAT03836,DC007,MED032,0.0,2026-05-31,2026-12-24,2026-05-31,207,active
BAT03837,DC004,MED033,0.0,2026-06-01,2027-04-04,2026-06-01,307,active
BAT03838,DC006,MED034,0.0,2026-06-03,2027-07-24,2026-06-03,416,active
BAT03839,DC008,MED034,0.0,2026-06-01,2027-07-22,2026-06-01,416,active
BAT03840,DC008,MED035,0.0,2026-06-01,2026-12-23,2026-06-01,205,active
BAT03841,DC002,MED039,0.0,2026-05-30,2027-08-30,2026-05-30,457,active
BAT03842,DC001,MED040,0.0,2026-05-31,2027-08-25,2026-05-31,451,active
BAT03843,DC003,MED040,0.0,2026-05-30,2027-08-24,2026-05-30,451,active
BAT03844,DC004,MED040,0.0,2026-06-01,2027-08-26,2026-06-01,451,active
BAT03845,DC006,MED002,0.0,2026-06-04,2027-10-05,2026-06-04,488,active
BAT03846,DC003,MED003,0.0,2026-05-31,2027-03-19,2026-05-31,292,active
BAT03847,DC005,MED004,0.0,2026-06-03,2027-11-22,2026-06-03,537,active
BAT03848,DC008,MED004,0.0,2026-06-02,2027-11-21,2026-06-02,537,active
BAT03849,DC002,MED006,0.0,2026-05-31,2026-12-19,2026-05-31,202,active
BAT03850,DC008,MED006,0.0,2026-06-02,2026-12-21,2026-06-02,202,active
BAT03851,DC001,MED007,0.0,2026-06-01,2027-04-27,2026-06-01,330,active
BAT03852,DC003,MED008,0.0,2026-05-31,2027-04-24,2026-05-31,328,active
BAT03853,DC004,MED008,0.0,2026-06-02,2027-04-26,2026-06-02,328,active
BAT03854,DC008,MED008,0.0,2026-06-02,2027-04-26,2026-06-02,328,active
BAT03855,DC003,MED009,0.0,2026-05-31,2027-06-01,2026-05-31,366,active
BAT03856,DC003,MED010,0.0,2026-05-31,2027-11-11,2026-05-31,529,active
BAT03857,DC007,MED010,0.0,2026-06-01,2027-11-12,2026-06-01,529,active
BAT03858,DC002,MED011,0.0,2026-05-31,2027-04-14,2026-05-31,318,active
BAT03859,DC002,MED012,0.0,2026-05-31,2026-12-13,2026-05-31,196,active
BAT03860,DC005,MED012,0.0,2026-06-03,2026-12-16,2026-06-03,196,active
BAT03861,DC003,MED015,0.0,2026-05-31,2027-07-04,2026-05-31,399,active
BAT03862,DC007,MED016,0.0,2026-06-01,2027-01-13,2026-06-01,226,active
BAT03863,DC008,MED017,0.0,2026-06-02,2027-09-30,2026-06-02,485,active
BAT03864,DC001,MED020,0.0,2026-06-01,2027-04-11,2026-06-01,314,active
BAT03865,DC003,MED020,0.0,2026-05-31,2027-04-10,2026-05-31,314,active
BAT03866,DC006,MED020,0.0,2026-06-04,2027-04-14,2026-06-04,314,active
BAT03867,DC001,MED022,0.0,2026-06-01,2027-08-26,2026-06-01,451,active
BAT03868,DC003,MED022,0.0,2026-05-31,2027-08-25,2026-05-31,451,active
BAT03869,DC005,MED022,0.0,2026-06-03,2027-08-28,2026-06-03,451,active
BAT03870,DC008,MED022,0.0,2026-06-02,2027-08-27,2026-06-02,451,active
BAT03871,DC006,MED023,0.0,2026-06-04,2027-05-07,2026-06-04,337,active
BAT03872,DC001,MED024,0.0,2026-06-01,2027-08-03,2026-06-01,428,active
BAT03873,DC001,MED025,0.0,2026-06-01,2027-09-05,2026-06-01,461,active
BAT03874,DC004,MED025,0.0,2026-06-02,2027-09-06,2026-06-02,461,active
BAT03875,DC008,MED025,0.0,2026-06-02,2027-09-06,2026-06-02,461,active
BAT03876,DC002,MED026,0.0,2026-05-31,2027-08-30,2026-05-31,456,active
BAT03877,DC006,MED026,0.0,2026-06-04,2027-09-03,2026-06-04,456,active
BAT03878,DC001,MED027,0.0,2026-06-01,2027-08-19,2026-06-01,444,active
BAT03879,DC007,MED029,0.0,2026-06-01,2027-01-01,2026-06-01,214,active
BAT03880,DC001,MED030,0.0,2026-06-01,2027-03-17,2026-06-01,289,active
BAT03881,DC004,MED030,0.0,2026-06-02,2027-03-18,2026-06-02,289,active
BAT03882,DC003,MED031,0.0,2026-05-31,2027-01-14,2026-05-31,228,active
BAT03883,DC008,MED032,0.0,2026-06-02,2026-12-26,2026-06-02,207,active
BAT03884,DC004,MED034,0.0,2026-06-02,2027-07-23,2026-06-02,416,active
BAT03885,DC007,MED034,0.0,2026-06-01,2027-07-22,2026-06-01,416,active
BAT03886,DC007,MED035,0.0,2026-06-01,2026-12-23,2026-06-01,205,active
BAT03887,DC003,MED037,0.0,2026-05-31,2026-11-28,2026-05-31,181,active
BAT03888,DC005,MED038,0.0,2026-06-03,2027-11-21,2026-06-03,536,active
BAT03889,DC006,MED039,0.0,2026-06-04,2027-09-04,2026-06-04,457,active
BAT03890,DC002,MED040,0.0,2026-05-31,2027-08-25,2026-05-31,451,active
BAT03891,DC004,MED001,0.0,2026-06-03,2027-01-21,2026-06-03,232,active
BAT03892,DC003,MED002,0.0,2026-06-01,2027-10-02,2026-06-01,488,active
BAT03893,DC003,MED005,0.0,2026-06-01,2027-01-19,2026-06-01,232,active
BAT03894,DC001,MED006,0.0,2026-06-02,2026-12-21,2026-06-02,202,active
BAT03895,DC004,MED006,0.0,2026-06-03,2026-12-22,2026-06-03,202,active
BAT03896,DC007,MED006,0.0,2026-06-02,2026-12-21,2026-06-02,202,active
BAT03897,DC002,MED007,0.0,2026-06-01,2027-04-27,2026-06-01,330,active
BAT03898,DC008,MED007,0.0,2026-06-03,2027-04-29,2026-06-03,330,active
BAT03899,DC006,MED009,0.0,2026-06-05,2027-06-06,2026-06-05,366,active
BAT03900,DC001,MED010,0.0,2026-06-02,2027-11-13,2026-06-02,529,active
BAT03901,DC008,MED010,0.0,2026-06-03,2027-11-14,2026-06-03,529,active
BAT03902,DC004,MED014,0.0,2026-06-03,2027-04-14,2026-06-03,315,active
BAT03903,DC006,MED014,0.0,2026-06-05,2027-04-16,2026-06-05,315,active
BAT03904,DC001,MED015,0.0,2026-06-02,2027-07-06,2026-06-02,399,active
BAT03905,DC004,MED015,0.0,2026-06-03,2027-07-07,2026-06-03,399,active
BAT03906,DC008,MED015,0.0,2026-06-03,2027-07-07,2026-06-03,399,active
BAT03907,DC003,MED017,0.0,2026-06-01,2027-09-29,2026-06-01,485,active
BAT03908,DC001,MED018,0.0,2026-06-02,2027-09-08,2026-06-02,463,active
BAT03909,DC006,MED018,0.0,2026-06-05,2027-09-11,2026-06-05,463,active
BAT03910,DC004,MED019,0.0,2026-06-03,2027-10-24,2026-06-03,508,active
BAT03911,DC002,MED020,0.0,2026-06-01,2027-04-11,2026-06-01,314,active
BAT03912,DC006,MED021,0.0,2026-06-05,2027-10-25,2026-06-05,507,active
BAT03913,DC001,MED023,0.0,2026-06-02,2027-05-05,2026-06-02,337,active
BAT03914,DC006,MED024,0.0,2026-06-05,2027-08-07,2026-06-05,428,active
BAT03915,DC007,MED024,0.0,2026-06-02,2027-08-04,2026-06-02,428,active
BAT03916,DC002,MED028,0.0,2026-06-01,2027-09-07,2026-06-01,463,active
BAT03917,DC005,MED028,0.0,2026-06-04,2027-09-10,2026-06-04,463,active
BAT03918,DC004,MED029,0.0,2026-06-03,2027-01-03,2026-06-03,214,active
BAT03919,DC008,MED029,0.0,2026-06-03,2027-01-03,2026-06-03,214,active
BAT03920,DC002,MED030,0.0,2026-06-01,2027-03-17,2026-06-01,289,active
BAT03921,DC006,MED032,0.0,2026-06-05,2026-12-29,2026-06-05,207,active
BAT03922,DC003,MED033,0.0,2026-06-01,2027-04-04,2026-06-01,307,active
BAT03923,DC005,MED033,0.0,2026-06-04,2027-04-07,2026-06-04,307,active
BAT03924,DC007,MED036,0.0,2026-06-02,2027-08-04,2026-06-02,428,active
BAT03925,DC006,MED037,0.0,2026-06-05,2026-12-03,2026-06-05,181,active
BAT03926,DC007,MED037,0.0,2026-06-02,2026-11-30,2026-06-02,181,active
BAT03927,DC005,MED040,0.0,2026-06-04,2027-08-29,2026-06-04,451,active
BAT03928,DC005,MED001,0.0,2026-06-05,2027-01-23,2026-06-05,232,active
BAT03929,DC002,MED002,0.0,2026-06-02,2027-10-03,2026-06-02,488,active
BAT03930,DC007,MED003,0.0,2026-06-03,2027-03-22,2026-06-03,292,active
BAT03931,DC002,MED005,0.0,2026-06-02,2027-01-20,2026-06-02,232,active
BAT03932,DC004,MED005,0.0,2026-06-04,2027-01-22,2026-06-04,232,active
BAT03933,DC001,MED008,0.0,2026-06-03,2027-04-27,2026-06-03,328,active
BAT03934,DC006,MED008,0.0,2026-06-06,2027-04-30,2026-06-06,328,active
BAT03935,DC008,MED009,0.0,2026-06-04,2027-06-05,2026-06-04,366,active
BAT03936,DC005,MED014,0.0,2026-06-05,2027-04-16,2026-06-05,315,active
BAT03937,DC002,MED016,0.0,2026-06-02,2027-01-14,2026-06-02,226,active
BAT03938,DC003,MED018,0.0,2026-06-02,2027-09-08,2026-06-02,463,active
BAT03939,DC008,MED018,0.0,2026-06-04,2027-09-10,2026-06-04,463,active
BAT03940,DC007,MED019,0.0,2026-06-03,2027-10-24,2026-06-03,508,active
BAT03941,DC007,MED020,0.0,2026-06-03,2027-04-13,2026-06-03,314,active
BAT03942,DC002,MED023,0.0,2026-06-02,2027-05-05,2026-06-02,337,active
BAT03943,DC006,MED025,0.0,2026-06-06,2027-09-10,2026-06-06,461,active
BAT03944,DC004,MED027,0.0,2026-06-04,2027-08-22,2026-06-04,444,active
BAT03945,DC008,MED028,0.0,2026-06-04,2027-09-10,2026-06-04,463,active
BAT03946,DC001,MED029,0.0,2026-06-03,2027-01-03,2026-06-03,214,active
BAT03947,DC003,MED029,0.0,2026-06-02,2027-01-02,2026-06-02,214,active
BAT03948,DC006,MED030,0.0,2026-06-06,2027-03-22,2026-06-06,289,active
BAT03949,DC001,MED032,0.0,2026-06-03,2026-12-27,2026-06-03,207,active
BAT03950,DC004,MED032,0.0,2026-06-04,2026-12-28,2026-06-04,207,active
BAT03951,DC002,MED033,0.0,2026-06-02,2027-04-05,2026-06-02,307,active
BAT03952,DC007,MED033,0.0,2026-06-03,2027-04-06,2026-06-03,307,active
BAT03953,DC001,MED035,0.0,2026-06-03,2026-12-25,2026-06-03,205,active
BAT03954,DC004,MED035,0.0,2026-06-04,2026-12-26,2026-06-04,205,active
BAT03955,DC006,MED035,0.0,2026-06-06,2026-12-28,2026-06-06,205,active
BAT03956,DC003,MED038,0.0,2026-06-02,2027-11-20,2026-06-02,536,active
BAT03957,DC008,MED040,0.0,2026-06-04,2027-08-29,2026-06-04,451,active
BAT03958,DC007,MED001,0.0,2026-06-04,2027-01-22,2026-06-04,232,active
BAT03959,DC004,MED002,0.0,2026-06-05,2027-10-06,2026-06-05,488,active
BAT03960,DC006,MED004,0.0,2026-06-07,2027-11-26,2026-06-07,537,active
BAT03961,DC001,MED005,0.0,2026-06-04,2027-01-22,2026-06-04,232,active
BAT03962,DC005,MED005,0.0,2026-06-06,2027-01-24,2026-06-06,232,active
BAT03963,DC003,MED006,0.0,2026-06-03,2026-12-22,2026-06-03,202,active
BAT03964,DC002,MED009,0.0,2026-06-03,2027-06-04,2026-06-03,366,active
BAT03965,DC006,MED010,0.0,2026-06-07,2027-11-18,2026-06-07,529,active
BAT03966,DC004,MED011,0.0,2026-06-05,2027-04-19,2026-06-05,318,active
BAT03967,DC006,MED011,0.0,2026-06-07,2027-04-21,2026-06-07,318,active
BAT03968,DC007,MED011,0.0,2026-06-04,2027-04-18,2026-06-04,318,active
BAT03969,DC001,MED012,0.0,2026-06-04,2026-12-17,2026-06-04,196,active
BAT03970,DC005,MED013,0.0,2026-06-06,2027-05-13,2026-06-06,341,active
BAT03971,DC002,MED015,0.0,2026-06-03,2027-07-07,2026-06-03,399,active
BAT03972,DC001,MED017,0.0,2026-06-04,2027-10-02,2026-06-04,485,active
BAT03973,DC002,MED017,0.0,2026-06-03,2027-10-01,2026-06-03,485,active
BAT03974,DC004,MED017,0.0,2026-06-05,2027-10-03,2026-06-05,485,active
BAT03975,DC005,MED017,0.0,2026-06-06,2027-10-04,2026-06-06,485,active
BAT03976,DC006,MED017,0.0,2026-06-07,2027-10-05,2026-06-07,485,active
BAT03977,DC001,MED019,0.0,2026-06-04,2027-10-25,2026-06-04,508,active
BAT03978,DC008,MED020,0.0,2026-06-05,2027-04-15,2026-06-05,314,active
BAT03979,DC003,MED021,0.0,2026-06-03,2027-10-23,2026-06-03,507,active
BAT03980,DC007,MED021,0.0,2026-06-04,2027-10-24,2026-06-04,507,active
BAT03981,DC007,MED023,0.0,2026-06-04,2027-05-07,2026-06-04,337,active
BAT03982,DC003,MED028,0.0,2026-06-03,2027-09-09,2026-06-03,463,active
BAT03983,DC005,MED029,0.0,2026-06-06,2027-01-06,2026-06-06,214,active
BAT03984,DC008,MED030,0.0,2026-06-05,2027-03-21,2026-06-05,289,active
BAT03985,DC005,MED032,0.0,2026-06-06,2026-12-30,2026-06-06,207,active
BAT03986,DC002,MED034,0.0,2026-06-03,2027-07-24,2026-06-03,416,active
BAT03987,DC003,MED035,0.0,2026-06-03,2026-12-25,2026-06-03,205,active
BAT03988,DC002,MED037,0.0,2026-06-03,2026-12-01,2026-06-03,181,active
BAT03989,DC004,MED038,0.0,2026-06-05,2027-11-23,2026-06-05,536,active
BAT03990,DC006,MED038,0.0,2026-06-07,2027-11-25,2026-06-07,536,active
BAT03991,DC007,MED039,0.0,2026-06-04,2027-09-04,2026-06-04,457,active
BAT03992,DC001,MED003,0.0,2026-06-05,2027-03-24,2026-06-05,292,active
BAT03993,DC006,MED006,0.0,2026-06-08,2026-12-27,2026-06-08,202,active
BAT03994,DC006,MED007,0.0,2026-06-08,2027-05-04,2026-06-08,330,active
BAT03995,DC005,MED009,0.0,2026-06-07,2027-06-08,2026-06-07,366,active
BAT03996,DC005,MED010,0.0,2026-06-07,2027-11-18,2026-06-07,529,active
BAT03997,DC005,MED011,0.0,2026-06-07,2027-04-21,2026-06-07,318,active
BAT03998,DC003,MED014,0.0,2026-06-04,2027-04-15,2026-06-04,315,active
BAT03999,DC003,MED016,0.0,2026-06-04,2027-01-16,2026-06-04,226,active
BAT04000,DC008,MED016,0.0,2026-06-06,2027-01-18,2026-06-06,226,active
BAT04001,DC002,MED018,0.0,2026-06-04,2027-09-10,2026-06-04,463,active
BAT04002,DC001,MED026,0.0,2026-06-05,2027-09-04,2026-06-05,456,active
BAT04003,DC002,MED027,0.0,2026-06-04,2027-08-22,2026-06-04,444,active
BAT04004,DC006,MED028,0.0,2026-06-08,2027-09-14,2026-06-08,463,active
BAT04005,DC002,MED029,0.0,2026-06-04,2027-01-04,2026-06-04,214,active
BAT04006,DC004,MED031,0.0,2026-06-06,2027-01-20,2026-06-06,228,active
BAT04007,DC001,MED034,0.0,2026-06-05,2027-07-26,2026-06-05,416,active
BAT04008,DC005,MED035,0.0,2026-06-07,2026-12-29,2026-06-07,205,active
BAT04009,DC003,MED036,0.0,2026-06-04,2027-08-06,2026-06-04,428,active
BAT04010,DC001,MED037,0.0,2026-06-05,2026-12-03,2026-06-05,181,active
BAT04011,DC008,MED037,0.0,2026-06-06,2026-12-04,2026-06-06,181,active
BAT04012,DC001,MED038,0.0,2026-06-05,2027-11-23,2026-06-05,536,active
BAT04013,DC002,MED038,0.0,2026-06-04,2027-11-22,2026-06-04,536,active
BAT04014,DC007,MED038,0.0,2026-06-05,2027-11-23,2026-06-05,536,active
BAT04015,DC003,MED039,0.0,2026-06-04,2027-09-04,2026-06-04,457,active
BAT04016,DC008,MED039,0.0,2026-06-06,2027-09-06,2026-06-06,457,active
BAT04017,DC001,MED001,0.0,2026-06-06,2027-01-24,2026-06-06,232,active
BAT04018,DC006,MED001,0.0,2026-06-09,2027-01-27,2026-06-09,232,active
BAT04019,DC007,MED002,0.0,2026-06-06,2027-10-07,2026-06-06,488,active
BAT04020,DC002,MED004,0.0,2026-06-05,2027-11-24,2026-06-05,537,active
BAT04021,DC007,MED004,0.0,2026-06-06,2027-11-25,2026-06-06,537,active
BAT04022,DC007,MED007,0.0,2026-06-06,2027-05-02,2026-06-06,330,active
BAT04023,DC007,MED008,0.0,2026-06-06,2027-04-30,2026-06-06,328,active
BAT04024,DC003,MED011,0.0,2026-06-05,2027-04-19,2026-06-05,318,active
BAT04025,DC008,MED011,0.0,2026-06-07,2027-04-21,2026-06-07,318,active
BAT04026,DC007,MED012,0.0,2026-06-06,2026-12-19,2026-06-06,196,active
BAT04027,DC008,MED012,0.0,2026-06-07,2026-12-20,2026-06-07,196,active
BAT04028,DC006,MED013,0.0,2026-06-09,2027-05-16,2026-06-09,341,active
BAT04029,DC002,MED014,0.0,2026-06-05,2027-04-16,2026-06-05,315,active
BAT04030,DC007,MED014,0.0,2026-06-06,2027-04-17,2026-06-06,315,active
BAT04031,DC005,MED015,0.0,2026-06-08,2027-07-12,2026-06-08,399,active
BAT04032,DC006,MED015,0.0,2026-06-09,2027-07-13,2026-06-09,399,active
BAT04033,DC007,MED017,0.0,2026-06-06,2027-10-04,2026-06-06,485,active
BAT04034,DC007,MED018,0.0,2026-06-06,2027-09-12,2026-06-06,463,active
BAT04035,DC005,MED019,0.0,2026-06-08,2027-10-29,2026-06-08,508,active
BAT04036,DC005,MED020,0.0,2026-06-08,2027-04-18,2026-06-08,314,active
BAT04037,DC004,MED021,0.0,2026-06-07,2027-10-27,2026-06-07,507,active
BAT04038,DC004,MED022,0.0,2026-06-07,2027-09-01,2026-06-07,451,active
BAT04039,DC007,MED022,0.0,2026-06-06,2027-08-31,2026-06-06,451,active
BAT04040,DC004,MED024,0.0,2026-06-07,2027-08-09,2026-06-07,428,active
BAT04041,DC003,MED025,0.0,2026-06-05,2027-09-09,2026-06-05,461,active
BAT04042,DC003,MED026,0.0,2026-06-05,2027-09-04,2026-06-05,456,active
BAT04043,DC005,MED026,0.0,2026-06-08,2027-09-07,2026-06-08,456,active
BAT04044,DC007,MED026,0.0,2026-06-06,2027-09-05,2026-06-06,456,active
BAT04045,DC008,MED026,0.0,2026-06-07,2027-09-06,2026-06-07,456,active
BAT04046,DC003,MED027,0.0,2026-06-05,2027-08-23,2026-06-05,444,active
BAT04047,DC007,MED027,0.0,2026-06-06,2027-08-24,2026-06-06,444,active
BAT04048,DC008,MED027,0.0,2026-06-07,2027-08-25,2026-06-07,444,active
BAT04049,DC007,MED030,0.0,2026-06-06,2027-03-22,2026-06-06,289,active
BAT04050,DC005,MED031,0.0,2026-06-08,2027-01-22,2026-06-08,228,active
BAT04051,DC006,MED033,0.0,2026-06-09,2027-04-12,2026-06-09,307,active
BAT04052,DC005,MED036,0.0,2026-06-08,2027-08-10,2026-06-08,428,active
BAT04053,DC004,MED037,0.0,2026-06-07,2026-12-05,2026-06-07,181,active
BAT04054,DC005,MED002,0.0,2026-06-09,2027-10-10,2026-06-09,488,active
BAT04055,DC004,MED003,0.0,2026-06-08,2027-03-27,2026-06-08,292,active
BAT04056,DC005,MED003,0.0,2026-06-09,2027-03-28,2026-06-09,292,active
BAT04057,DC003,MED004,0.0,2026-06-06,2027-11-25,2026-06-06,537,active
BAT04058,DC004,MED004,0.0,2026-06-08,2027-11-27,2026-06-08,537,active
BAT04059,DC007,MED005,0.0,2026-06-07,2027-01-25,2026-06-07,232,active
BAT04060,DC005,MED006,0.0,2026-06-09,2026-12-28,2026-06-09,202,active
BAT04061,DC001,MED011,0.0,2026-06-07,2027-04-21,2026-06-07,318,active
BAT04062,DC004,MED012,0.0,2026-06-08,2026-12-21,2026-06-08,196,active
BAT04063,DC001,MED013,0.0,2026-06-07,2027-05-14,2026-06-07,341,active
BAT04064,DC007,MED013,0.0,2026-06-07,2027-05-14,2026-06-07,341,active
BAT04065,DC008,MED013,0.0,2026-06-08,2027-05-15,2026-06-08,341,active
BAT04066,DC001,MED014,0.0,2026-06-07,2027-04-18,2026-06-07,315,active
BAT04067,DC008,MED014,0.0,2026-06-08,2027-04-19,2026-06-08,315,active
BAT04068,DC007,MED015,0.0,2026-06-07,2027-07-11,2026-06-07,399,active
BAT04069,DC005,MED016,0.0,2026-06-09,2027-01-21,2026-06-09,226,active
BAT04070,DC001,MED021,0.0,2026-06-07,2027-10-27,2026-06-07,507,active
BAT04071,DC005,MED023,0.0,2026-06-09,2027-05-12,2026-06-09,337,active
BAT04072,DC008,MED023,0.0,2026-06-08,2027-05-11,2026-06-08,337,active
BAT04073,DC003,MED024,0.0,2026-06-06,2027-08-08,2026-06-06,428,active
BAT04074,DC002,MED025,0.0,2026-06-06,2027-09-10,2026-06-06,461,active
BAT04075,DC006,MED027,0.0,2026-06-10,2027-08-28,2026-06-10,444,active
BAT04076,DC006,MED031,0.0,2026-06-10,2027-01-24,2026-06-10,228,active
BAT04077,DC007,MED031,0.0,2026-06-07,2027-01-21,2026-06-07,228,active
BAT04078,DC003,MED032,0.0,2026-06-06,2026-12-30,2026-06-06,207,active
BAT04079,DC001,MED033,0.0,2026-06-07,2027-04-10,2026-06-07,307,active
BAT04080,DC003,MED034,0.0,2026-06-06,2027-07-27,2026-06-06,416,active
BAT04081,DC002,MED035,0.0,2026-06-06,2026-12-28,2026-06-06,205,active
BAT04082,DC004,MED036,0.0,2026-06-08,2027-08-10,2026-06-08,428,active
BAT04083,DC005,MED037,0.0,2026-06-09,2026-12-07,2026-06-09,181,active
BAT04084,DC008,MED038,0.0,2026-06-08,2027-11-26,2026-06-08,536,active
BAT04085,DC001,MED039,0.0,2026-06-07,2027-09-07,2026-06-07,457,active
BAT04086,DC004,MED039,0.0,2026-06-08,2027-09-08,2026-06-08,457,active
BAT04087,DC005,MED039,0.0,2026-06-09,2027-09-09,2026-06-09,457,active
BAT04088,DC006,MED040,0.0,2026-06-10,2027-09-04,2026-06-10,451,active
BAT04089,DC003,MED001,0.0,2026-06-07,2027-01-25,2026-06-07,232,active
BAT04090,DC001,MED002,0.0,2026-06-08,2027-10-09,2026-06-08,488,active
BAT04091,DC002,MED003,0.0,2026-06-07,2027-03-26,2026-06-07,292,active
BAT04092,DC006,MED003,0.0,2026-06-11,2027-03-30,2026-06-11,292,active
BAT04093,DC008,MED003,0.0,2026-06-09,2027-03-28,2026-06-09,292,active
BAT04094,DC008,MED005,0.0,2026-06-09,2027-01-27,2026-06-09,232,active
BAT04095,DC003,MED007,0.0,2026-06-07,2027-05-03,2026-06-07,330,active
BAT04096,DC004,MED007,0.0,2026-06-09,2027-05-05,2026-06-09,330,active
BAT04097,DC002,MED008,0.0,2026-06-07,2027-05-01,2026-06-07,328,active
BAT04098,DC005,MED008,0.0,2026-06-10,2027-05-04,2026-06-10,328,active
BAT04099,DC001,MED009,0.0,2026-06-08,2027-06-09,2026-06-08,366,active
BAT04100,DC002,MED010,0.0,2026-06-07,2027-11-18,2026-06-07,529,active
BAT04101,DC002,MED013,0.0,2026-06-07,2027-05-14,2026-06-07,341,active
BAT04102,DC006,MED016,0.0,2026-06-11,2027-01-23,2026-06-11,226,active
BAT04103,DC004,MED018,0.0,2026-06-09,2027-09-15,2026-06-09,463,active
BAT04104,DC006,MED019,0.0,2026-06-11,2027-11-01,2026-06-11,508,active
BAT04105,DC008,MED019,0.0,2026-06-09,2027-10-30,2026-06-09,508,active
BAT04106,DC008,MED021,0.0,2026-06-09,2027-10-29,2026-06-09,507,active
BAT04107,DC004,MED023,0.0,2026-06-09,2027-05-12,2026-06-09,337,active
BAT04108,DC002,MED024,0.0,2026-06-07,2027-08-09,2026-06-07,428,active
BAT04109,DC005,MED024,0.0,2026-06-10,2027-08-12,2026-06-10,428,active
BAT04110,DC008,MED024,0.0,2026-06-09,2027-08-11,2026-06-09,428,active
BAT04111,DC005,MED025,0.0,2026-06-10,2027-09-14,2026-06-10,461,active
BAT04112,DC007,MED025,0.0,2026-06-08,2027-09-12,2026-06-08,461,active
BAT04113,DC004,MED026,0.0,2026-06-09,2027-09-08,2026-06-09,456,active
BAT04114,DC005,MED027,0.0,2026-06-10,2027-08-28,2026-06-10,444,active
BAT04115,DC001,MED028,0.0,2026-06-08,2027-09-14,2026-06-08,463,active
BAT04116,DC004,MED028,0.0,2026-06-09,2027-09-15,2026-06-09,463,active
BAT04117,DC007,MED028,0.0,2026-06-08,2027-09-14,2026-06-08,463,active
BAT04118,DC006,MED029,0.0,2026-06-11,2027-01-11,2026-06-11,214,active
BAT04119,DC001,MED031,0.0,2026-06-08,2027-01-22,2026-06-08,228,active
BAT04120,DC002,MED032,0.0,2026-06-07,2026-12-31,2026-06-07,207,active
BAT04121,DC008,MED033,0.0,2026-06-09,2027-04-12,2026-06-09,307,active
BAT04122,DC005,MED034,0.0,2026-06-10,2027-07-31,2026-06-10,416,active
BAT04123,DC002,MED036,0.0,2026-06-07,2027-08-09,2026-06-07,428,active
BAT04124,DC006,MED036,0.0,2026-06-11,2027-08-13,2026-06-11,428,active
BAT04125,DC002,MED039,0.0,2026-06-07,2027-09-07,2026-06-07,457,active
BAT04126,DC008,MED001,0.0,2026-06-10,2027-01-28,2026-06-10,232,active
BAT04127,DC006,MED002,0.0,2026-06-12,2027-10-13,2026-06-12,488,active
BAT04128,DC008,MED002,0.0,2026-06-10,2027-10-11,2026-06-10,488,active
BAT04129,DC001,MED004,0.0,2026-06-09,2027-11-28,2026-06-09,537,active
BAT04130,DC008,MED004,0.0,2026-06-10,2027-11-29,2026-06-10,537,active
BAT04131,DC007,MED006,0.0,2026-06-09,2026-12-28,2026-06-09,202,active
BAT04132,DC005,MED007,0.0,2026-06-11,2027-05-07,2026-06-11,330,active
BAT04133,DC003,MED008,0.0,2026-06-08,2027-05-02,2026-06-08,328,active
BAT04134,DC003,MED009,0.0,2026-06-08,2027-06-09,2026-06-08,366,active
BAT04135,DC007,MED009,0.0,2026-06-09,2027-06-10,2026-06-09,366,active
BAT04136,DC004,MED010,0.0,2026-06-10,2027-11-21,2026-06-10,529,active
BAT04137,DC006,MED012,0.0,2026-06-12,2026-12-25,2026-06-12,196,active
BAT04138,DC003,MED013,0.0,2026-06-08,2027-05-15,2026-06-08,341,active
BAT04139,DC004,MED013,0.0,2026-06-10,2027-05-17,2026-06-10,341,active
BAT04140,DC004,MED014,0.0,2026-06-10,2027-04-21,2026-06-10,315,active
BAT04141,DC003,MED015,0.0,2026-06-08,2027-07-12,2026-06-08,399,active
BAT04142,DC008,MED017,0.0,2026-06-10,2027-10-08,2026-06-10,485,active
BAT04143,DC002,MED019,0.0,2026-06-08,2027-10-29,2026-06-08,508,active
BAT04144,DC003,MED019,0.0,2026-06-08,2027-10-29,2026-06-08,508,active
BAT04145,DC001,MED020,0.0,2026-06-09,2027-04-19,2026-06-09,314,active
BAT04146,DC003,MED020,0.0,2026-06-08,2027-04-18,2026-06-08,314,active
BAT04147,DC004,MED020,0.0,2026-06-10,2027-04-20,2026-06-10,314,active
BAT04148,DC002,MED021,0.0,2026-06-08,2027-10-28,2026-06-08,507,active
BAT04149,DC005,MED021,0.0,2026-06-11,2027-10-31,2026-06-11,507,active
BAT04150,DC001,MED022,0.0,2026-06-09,2027-09-03,2026-06-09,451,active
BAT04151,DC002,MED022,0.0,2026-06-08,2027-09-02,2026-06-08,451,active
BAT04152,DC006,MED022,0.0,2026-06-12,2027-09-06,2026-06-12,451,active
BAT04153,DC001,MED024,0.0,2026-06-09,2027-08-11,2026-06-09,428,active
BAT04154,DC002,MED026,0.0,2026-06-08,2027-09-07,2026-06-08,456,active
BAT04155,DC001,MED027,0.0,2026-06-09,2027-08-27,2026-06-09,444,active
BAT04156,DC007,MED029,0.0,2026-06-09,2027-01-09,2026-06-09,214,active
BAT04157,DC008,MED029,0.0,2026-06-10,2027-01-10,2026-06-10,214,active
BAT04158,DC002,MED031,0.0,2026-06-08,2027-01-22,2026-06-08,228,active
BAT04159,DC003,MED031,0.0,2026-06-08,2027-01-22,2026-06-08,228,active
BAT04160,DC008,MED031,0.0,2026-06-10,2027-01-24,2026-06-10,228,active
BAT04161,DC007,MED032,0.0,2026-06-09,2027-01-02,2026-06-09,207,active
BAT04162,DC006,MED034,0.0,2026-06-12,2027-08-02,2026-06-12,416,active
BAT04163,DC008,MED034,0.0,2026-06-10,2027-07-31,2026-06-10,416,active
BAT04164,DC008,MED035,0.0,2026-06-10,2027-01-01,2026-06-10,205,active
BAT04165,DC001,MED036,0.0,2026-06-09,2027-08-11,2026-06-09,428,active
BAT04166,DC008,MED036,0.0,2026-06-10,2027-08-12,2026-06-10,428,active
BAT04167,DC003,MED037,0.0,2026-06-08,2026-12-06,2026-06-08,181,active
BAT04168,DC001,MED040,0.0,2026-06-09,2027-09-03,2026-06-09,451,active
BAT04169,DC004,MED001,0.0,2026-06-11,2027-01-29,2026-06-11,232,active
BAT04170,DC003,MED003,0.0,2026-06-09,2027-03-28,2026-06-09,292,active
BAT04171,DC002,MED006,0.0,2026-06-09,2026-12-28,2026-06-09,202,active
BAT04172,DC004,MED006,0.0,2026-06-11,2026-12-30,2026-06-11,202,active
BAT04173,DC008,MED006,0.0,2026-06-11,2026-12-30,2026-06-11,202,active
BAT04174,DC002,MED007,0.0,2026-06-09,2027-05-05,2026-06-09,330,active
BAT04175,DC004,MED008,0.0,2026-06-11,2027-05-05,2026-06-11,328,active
BAT04176,DC008,MED008,0.0,2026-06-11,2027-05-05,2026-06-11,328,active
BAT04177,DC004,MED009,0.0,2026-06-11,2027-06-12,2026-06-11,366,active
BAT04178,DC002,MED011,0.0,2026-06-09,2027-04-23,2026-06-09,318,active
BAT04179,DC003,MED012,0.0,2026-06-09,2026-12-22,2026-06-09,196,active
BAT04180,DC001,MED015,0.0,2026-06-10,2027-07-14,2026-06-10,399,active
BAT04181,DC001,MED016,0.0,2026-06-10,2027-01-22,2026-06-10,226,active
BAT04182,DC007,MED016,0.0,2026-06-10,2027-01-22,2026-06-10,226,active
BAT04183,DC003,MED017,0.0,2026-06-09,2027-10-07,2026-06-09,485,active
BAT04184,DC001,MED018,0.0,2026-06-10,2027-09-16,2026-06-10,463,active
BAT04185,DC005,MED018,0.0,2026-06-12,2027-09-18,2026-06-12,463,active
BAT04186,DC006,MED018,0.0,2026-06-13,2027-09-19,2026-06-13,463,active
BAT04187,DC004,MED019,0.0,2026-06-11,2027-11-01,2026-06-11,508,active
BAT04188,DC002,MED020,0.0,2026-06-09,2027-04-19,2026-06-09,314,active
BAT04189,DC006,MED020,0.0,2026-06-13,2027-04-23,2026-06-13,314,active
BAT04190,DC007,MED020,0.0,2026-06-10,2027-04-20,2026-06-10,314,active
BAT04191,DC003,MED022,0.0,2026-06-09,2027-09-03,2026-06-09,451,active
BAT04192,DC005,MED022,0.0,2026-06-12,2027-09-06,2026-06-12,451,active
BAT04193,DC008,MED022,0.0,2026-06-11,2027-09-05,2026-06-11,451,active
BAT04194,DC004,MED025,0.0,2026-06-11,2027-09-15,2026-06-11,461,active
BAT04195,DC008,MED025,0.0,2026-06-11,2027-09-15,2026-06-11,461,active
BAT04196,DC006,MED026,0.0,2026-06-13,2027-09-12,2026-06-13,456,active
BAT04197,DC002,MED028,0.0,2026-06-09,2027-09-15,2026-06-09,463,active
BAT04198,DC005,MED028,0.0,2026-06-12,2027-09-18,2026-06-12,463,active
BAT04199,DC008,MED032,0.0,2026-06-11,2027-01-04,2026-06-11,207,active
BAT04200,DC004,MED033,0.0,2026-06-11,2027-04-14,2026-06-11,307,active
BAT04201,DC004,MED034,0.0,2026-06-11,2027-08-01,2026-06-11,416,active
BAT04202,DC007,MED034,0.0,2026-06-10,2027-07-31,2026-06-10,416,active
BAT04203,DC007,MED036,0.0,2026-06-10,2027-08-12,2026-06-10,428,active
BAT04204,DC007,MED037,0.0,2026-06-10,2026-12-08,2026-06-10,181,active
BAT04205,DC005,MED038,0.0,2026-06-12,2027-11-30,2026-06-12,536,active
BAT04206,DC006,MED039,0.0,2026-06-13,2027-09-13,2026-06-13,457,active
BAT04207,DC002,MED040,0.0,2026-06-09,2027-09-03,2026-06-09,451,active
BAT04208,DC004,MED040,0.0,2026-06-11,2027-09-05,2026-06-11,451,active
BAT04209,DC003,MED002,0.0,2026-06-10,2027-10-11,2026-06-10,488,active
BAT04210,DC005,MED004,0.0,2026-06-13,2027-12-02,2026-06-13,537,active
BAT04211,DC001,MED007,0.0,2026-06-11,2027-05-07,2026-06-11,330,active
BAT04212,DC008,MED007,0.0,2026-06-12,2027-05-08,2026-06-12,330,active
BAT04213,DC008,MED009,0.0,2026-06-12,2027-06-13,2026-06-12,366,active
BAT04214,DC003,MED010,0.0,2026-06-10,2027-11-21,2026-06-10,529,active
BAT04215,DC004,MED015,0.0,2026-06-12,2027-07-16,2026-06-12,399,active
BAT04216,DC008,MED015,0.0,2026-06-12,2027-07-16,2026-06-12,399,active
BAT04217,DC004,MED017,0.0,2026-06-12,2027-10-10,2026-06-12,485,active
BAT04218,DC003,MED023,0.0,2026-06-10,2027-05-13,2026-06-10,337,active
BAT04219,DC006,MED024,0.0,2026-06-14,2027-08-16,2026-06-14,428,active
BAT04220,DC007,MED024,0.0,2026-06-11,2027-08-13,2026-06-11,428,active
BAT04221,DC001,MED025,0.0,2026-06-11,2027-09-15,2026-06-11,461,active
BAT04222,DC008,MED028,0.0,2026-06-12,2027-09-18,2026-06-12,463,active
BAT04223,DC003,MED029,0.0,2026-06-10,2027-01-10,2026-06-10,214,active
BAT04224,DC005,MED030,0.0,2026-06-13,2027-03-29,2026-06-13,289,active
BAT04225,DC006,MED035,0.0,2026-06-14,2027-01-05,2026-06-14,205,active
BAT04226,DC007,MED035,0.0,2026-06-11,2027-01-02,2026-06-11,205,active
BAT04227,DC007,MED039,0.0,2026-06-11,2027-09-11,2026-06-11,457,active
BAT04228,DC003,MED040,0.0,2026-06-10,2027-09-04,2026-06-10,451,active
BAT04229,DC002,MED001,0.0,2026-06-11,2027-01-29,2026-06-11,232,active
BAT04230,DC005,MED001,0.0,2026-06-14,2027-02-01,2026-06-14,232,active
BAT04231,DC007,MED001,0.0,2026-06-12,2027-01-30,2026-06-12,232,active
BAT04232,DC001,MED006,0.0,2026-06-12,2026-12-31,2026-06-12,202,active
BAT04233,DC001,MED008,0.0,2026-06-12,2027-05-06,2026-06-12,328,active
BAT04234,DC006,MED009,0.0,2026-06-15,2027-06-16,2026-06-15,366,active
BAT04235,DC004,MED011,0.0,2026-06-13,2027-04-27,2026-06-13,318,active
BAT04236,DC006,MED011,0.0,2026-06-15,2027-04-29,2026-06-15,318,active
BAT04237,DC006,MED014,0.0,2026-06-15,2027-04-26,2026-06-15,315,active
BAT04238,DC001,MED017,0.0,2026-06-12,2027-10-10,2026-06-12,485,active
BAT04239,DC002,MED017,0.0,2026-06-11,2027-10-09,2026-06-11,485,active
BAT04240,DC005,MED017,0.0,2026-06-14,2027-10-12,2026-06-14,485,active
BAT04241,DC006,MED017,0.0,2026-06-15,2027-10-13,2026-06-15,485,active
BAT04242,DC007,MED019,0.0,2026-06-12,2027-11-02,2026-06-12,508,active
BAT04243,DC008,MED020,0.0,2026-06-13,2027-04-23,2026-06-13,314,active
BAT04244,DC006,MED021,0.0,2026-06-15,2027-11-04,2026-06-15,507,active
BAT04245,DC004,MED027,0.0,2026-06-13,2027-08-31,2026-06-13,444,active
BAT04246,DC003,MED028,0.0,2026-06-11,2027-09-17,2026-06-11,463,active
BAT04247,DC001,MED029,0.0,2026-06-12,2027-01-12,2026-06-12,214,active
BAT04248,DC004,MED029,0.0,2026-06-13,2027-01-13,2026-06-13,214,active
BAT04249,DC003,MED030,0.0,2026-06-11,2027-03-27,2026-06-11,289,active
BAT04250,DC001,MED032,0.0,2026-06-12,2027-01-05,2026-06-12,207,active
BAT04251,DC004,MED032,0.0,2026-06-13,2027-01-06,2026-06-13,207,active
BAT04252,DC006,MED032,0.0,2026-06-15,2027-01-08,2026-06-15,207,active
BAT04253,DC002,MED033,0.0,2026-06-11,2027-04-14,2026-06-11,307,active
BAT04254,DC003,MED033,0.0,2026-06-11,2027-04-14,2026-06-11,307,active
BAT04255,DC005,MED033,0.0,2026-06-14,2027-04-17,2026-06-14,307,active
BAT04256,DC007,MED033,0.0,2026-06-12,2027-04-15,2026-06-12,307,active
BAT04257,DC002,MED034,0.0,2026-06-11,2027-08-01,2026-06-11,416,active
BAT04258,DC001,MED035,0.0,2026-06-12,2027-01-03,2026-06-12,205,active
BAT04259,DC003,MED035,0.0,2026-06-11,2027-01-02,2026-06-11,205,active
BAT04260,DC004,MED035,0.0,2026-06-13,2027-01-04,2026-06-13,205,active
BAT04261,DC005,MED035,0.0,2026-06-14,2027-01-05,2026-06-14,205,active
BAT04262,DC002,MED037,0.0,2026-06-11,2026-12-09,2026-06-11,181,active
BAT04263,DC006,MED037,0.0,2026-06-15,2026-12-13,2026-06-15,181,active
BAT04264,DC003,MED039,0.0,2026-06-11,2027-09-11,2026-06-11,457,active
BAT04265,DC008,MED039,0.0,2026-06-13,2027-09-13,2026-06-13,457,active
BAT04266,DC007,MED040,0.0,2026-06-12,2027-09-06,2026-06-12,451,active
BAT04267,DC008,MED040,0.0,2026-06-13,2027-09-07,2026-06-13,451,active
BAT04268,DC002,MED002,0.0,2026-06-12,2027-10-13,2026-06-12,488,active
BAT04269,DC004,MED002,0.0,2026-06-14,2027-10-15,2026-06-14,488,active
BAT04270,DC003,MED005,0.0,2026-06-12,2027-01-30,2026-06-12,232,active
BAT04271,DC006,MED005,0.0,2026-06-16,2027-02-03,2026-06-16,232,active
BAT04272,DC006,MED008,0.0,2026-06-16,2027-05-10,2026-06-16,328,active
BAT04273,DC002,MED009,0.0,2026-06-12,2027-06-13,2026-06-12,366,active
BAT04274,DC005,MED011,0.0,2026-06-15,2027-04-29,2026-06-15,318,active
BAT04275,DC007,MED011,0.0,2026-06-13,2027-04-27,2026-06-13,318,active
BAT04276,DC008,MED011,0.0,2026-06-14,2027-04-28,2026-06-14,318,active
BAT04277,DC005,MED012,0.0,2026-06-15,2026-12-28,2026-06-15,196,active
BAT04278,DC005,MED013,0.0,2026-06-15,2027-05-22,2026-06-15,341,active
BAT04279,DC003,MED014,0.0,2026-06-12,2027-04-23,2026-06-12,315,active
BAT04280,DC005,MED014,0.0,2026-06-15,2027-04-26,2026-06-15,315,active
BAT04281,DC002,MED015,0.0,2026-06-12,2027-07-16,2026-06-12,399,active
BAT04282,DC002,MED016,0.0,2026-06-12,2027-01-24,2026-06-12,226,active
BAT04283,DC007,MED017,0.0,2026-06-13,2027-10-11,2026-06-13,485,active
BAT04284,DC003,MED018,0.0,2026-06-12,2027-09-18,2026-06-12,463,active
BAT04285,DC008,MED018,0.0,2026-06-14,2027-09-20,2026-06-14,463,active
BAT04286,DC001,MED019,0.0,2026-06-13,2027-11-03,2026-06-13,508,active
BAT04287,DC005,MED019,0.0,2026-06-15,2027-11-05,2026-06-15,508,active
BAT04288,DC005,MED020,0.0,2026-06-15,2027-04-25,2026-06-15,314,active
BAT04289,DC007,MED021,0.0,2026-06-13,2027-11-02,2026-06-13,507,active
BAT04290,DC004,MED022,0.0,2026-06-14,2027-09-08,2026-06-14,451,active
BAT04291,DC006,MED025,0.0,2026-06-16,2027-09-20,2026-06-16,461,active
BAT04292,DC006,MED028,0.0,2026-06-16,2027-09-22,2026-06-16,463,active
BAT04293,DC002,MED029,0.0,2026-06-12,2027-01-12,2026-06-12,214,active
BAT04294,DC005,MED032,0.0,2026-06-15,2027-01-08,2026-06-15,207,active
BAT04295,DC001,MED034,0.0,2026-06-13,2027-08-03,2026-06-13,416,active
BAT04296,DC003,MED036,0.0,2026-06-12,2027-08-14,2026-06-12,428,active
BAT04297,DC001,MED037,0.0,2026-06-13,2026-12-11,2026-06-13,181,active
BAT04298,DC003,MED038,0.0,2026-06-12,2027-11-30,2026-06-12,536,active
BAT04299,DC006,MED038,0.0,2026-06-16,2027-12-04,2026-06-16,536,active
BAT04300,DC001,MED001,0.0,2026-06-14,2027-02-01,2026-06-14,232,active
BAT04301,DC006,MED001,0.0,2026-06-17,2027-02-04,2026-06-17,232,active
BAT04302,DC007,MED002,0.0,2026-06-14,2027-10-15,2026-06-14,488,active
BAT04303,DC007,MED003,0.0,2026-06-14,2027-04-02,2026-06-14,292,active
BAT04304,DC006,MED004,0.0,2026-06-17,2027-12-06,2026-06-17,537,active
BAT04305,DC003,MED006,0.0,2026-06-13,2027-01-01,2026-06-13,202,active
BAT04306,DC006,MED006,0.0,2026-06-17,2027-01-05,2026-06-17,202,active
BAT04307,DC006,MED007,0.0,2026-06-17,2027-05-13,2026-06-17,330,active
BAT04308,DC005,MED009,0.0,2026-06-16,2027-06-17,2026-06-16,366,active
BAT04309,DC003,MED011,0.0,2026-06-13,2027-04-27,2026-06-13,318,active
BAT04310,DC006,MED013,0.0,2026-06-17,2027-05-24,2026-06-17,341,active
BAT04311,DC002,MED018,0.0,2026-06-13,2027-09-19,2026-06-13,463,active
BAT04312,DC008,MED019,0.0,2026-06-15,2027-11-05,2026-06-15,508,active
BAT04313,DC003,MED021,0.0,2026-06-13,2027-11-02,2026-06-13,507,active
BAT04314,DC007,MED022,0.0,2026-06-14,2027-09-08,2026-06-14,451,active
BAT04315,DC006,MED023,0.0,2026-06-17,2027-05-20,2026-06-17,337,active
BAT04316,DC004,MED024,0.0,2026-06-15,2027-08-17,2026-06-15,428,active
BAT04317,DC003,MED025,0.0,2026-06-13,2027-09-17,2026-06-13,461,active
BAT04318,DC008,MED026,0.0,2026-06-15,2027-09-14,2026-06-15,456,active
BAT04319,DC007,MED027,0.0,2026-06-14,2027-09-01,2026-06-14,444,active
BAT04320,DC005,MED029,0.0,2026-06-16,2027-01-16,2026-06-16,214,active
BAT04321,DC001,MED030,0.0,2026-06-14,2027-03-30,2026-06-14,289,active
BAT04322,DC002,MED035,0.0,2026-06-13,2027-01-04,2026-06-13,205,active
BAT04323,DC005,MED036,0.0,2026-06-16,2027-08-18,2026-06-16,428,active
BAT04324,DC008,MED037,0.0,2026-06-15,2026-12-13,2026-06-15,181,active
BAT04325,DC001,MED038,0.0,2026-06-14,2027-12-02,2026-06-14,536,active
BAT04326,DC002,MED038,0.0,2026-06-13,2027-12-01,2026-06-13,536,active
BAT04327,DC004,MED038,0.0,2026-06-15,2027-12-03,2026-06-15,536,active
BAT04328,DC007,MED038,0.0,2026-06-14,2027-12-02,2026-06-14,536,active
BAT04329,DC001,MED039,0.0,2026-06-14,2027-09-14,2026-06-14,457,active
BAT04330,DC005,MED040,0.0,2026-06-16,2027-09-10,2026-06-16,451,active
BAT04331,DC003,MED001,0.0,2026-06-14,2027-02-01,2026-06-14,232,active
BAT04332,DC008,MED001,0.0,2026-06-16,2027-02-03,2026-06-16,232,active
BAT04333,DC005,MED002,0.0,2026-06-17,2027-10-18,2026-06-17,488,active
BAT04334,DC001,MED003,0.0,2026-06-15,2027-04-03,2026-06-15,292,active
BAT04335,DC005,MED003,0.0,2026-06-17,2027-04-05,2026-06-17,292,active
BAT04336,DC002,MED004,0.0,2026-06-14,2027-12-03,2026-06-14,537,active
BAT04337,DC007,MED004,0.0,2026-06-15,2027-12-04,2026-06-15,537,active
BAT04338,DC005,MED006,0.0,2026-06-17,2027-01-05,2026-06-17,202,active
BAT04339,DC007,MED007,0.0,2026-06-15,2027-05-11,2026-06-15,330,active
BAT04340,DC007,MED008,0.0,2026-06-15,2027-05-09,2026-06-15,328,active
BAT04341,DC001,MED011,0.0,2026-06-15,2027-04-29,2026-06-15,318,active
BAT04342,DC008,MED013,0.0,2026-06-16,2027-05-23,2026-06-16,341,active
BAT04343,DC005,MED015,0.0,2026-06-17,2027-07-21,2026-06-17,399,active
BAT04344,DC006,MED015,0.0,2026-06-18,2027-07-22,2026-06-18,399,active
BAT04345,DC004,MED016,0.0,2026-06-16,2027-01-28,2026-06-16,226,active
BAT04346,DC001,MED026,0.0,2026-06-15,2027-09-14,2026-06-15,456,active
BAT04347,DC003,MED026,0.0,2026-06-14,2027-09-13,2026-06-14,456,active
BAT04348,DC005,MED026,0.0,2026-06-17,2027-09-16,2026-06-17,456,active
BAT04349,DC007,MED026,0.0,2026-06-15,2027-09-14,2026-06-15,456,active
BAT04350,DC002,MED027,0.0,2026-06-14,2027-09-01,2026-06-14,444,active
BAT04351,DC003,MED027,0.0,2026-06-14,2027-09-01,2026-06-14,444,active
BAT04352,DC004,MED030,0.0,2026-06-16,2027-04-01,2026-06-16,289,active
BAT04353,DC004,MED031,0.0,2026-06-16,2027-01-30,2026-06-16,228,active
BAT04354,DC005,MED031,0.0,2026-06-17,2027-01-31,2026-06-17,228,active
BAT04355,DC003,MED032,0.0,2026-06-14,2027-01-07,2026-06-14,207,active
BAT04356,DC006,MED033,0.0,2026-06-18,2027-04-21,2026-06-18,307,active
BAT04357,DC002,MED036,0.0,2026-06-14,2027-08-16,2026-06-14,428,active
BAT04358,DC004,MED036,0.0,2026-06-16,2027-08-18,2026-06-16,428,active
BAT04359,DC004,MED039,0.0,2026-06-16,2027-09-16,2026-06-16,457,active
BAT04360,DC005,MED039,0.0,2026-06-17,2027-09-17,2026-06-17,457,active
BAT04361,DC004,MED003,0.0,2026-06-17,2027-04-05,2026-06-17,292,active
BAT04362,DC003,MED004,0.0,2026-06-15,2027-12-04,2026-06-15,537,active
BAT04363,DC004,MED004,0.0,2026-06-17,2027-12-06,2026-06-17,537,active
BAT04364,DC002,MED005,0.0,2026-06-15,2027-02-02,2026-06-15,232,active
BAT04365,DC004,MED005,0.0,2026-06-17,2027-02-04,2026-06-17,232,active
BAT04366,DC002,MED008,0.0,2026-06-15,2027-05-09,2026-06-15,328,active
BAT04367,DC001,MED010,0.0,2026-06-16,2027-11-27,2026-06-16,529,active
BAT04368,DC005,MED010,0.0,2026-06-18,2027-11-29,2026-06-18,529,active
BAT04369,DC008,MED010,0.0,2026-06-17,2027-11-28,2026-06-17,529,active
BAT04370,DC001,MED012,0.0,2026-06-16,2026-12-29,2026-06-16,196,active
BAT04371,DC001,MED013,0.0,2026-06-16,2027-05-23,2026-06-16,341,active
BAT04372,DC007,MED013,0.0,2026-06-16,2027-05-23,2026-06-16,341,active
BAT04373,DC002,MED014,0.0,2026-06-15,2027-04-26,2026-06-15,315,active
BAT04374,DC007,MED014,0.0,2026-06-16,2027-04-27,2026-06-16,315,active
BAT04375,DC008,MED014,0.0,2026-06-17,2027-04-28,2026-06-17,315,active
BAT04376,DC007,MED015,0.0,2026-06-16,2027-07-20,2026-06-16,399,active
BAT04377,DC007,MED018,0.0,2026-06-16,2027-09-22,2026-06-16,463,active
BAT04378,DC006,MED019,0.0,2026-06-19,2027-11-09,2026-06-19,508,active
BAT04379,DC004,MED020,0.0,2026-06-17,2027-04-27,2026-06-17,314,active
BAT04380,DC001,MED021,0.0,2026-06-16,2027-11-05,2026-06-16,507,active
BAT04381,DC004,MED021,0.0,2026-06-17,2027-11-06,2026-06-17,507,active
BAT04382,DC001,MED022,0.0,2026-06-16,2027-09-10,2026-06-16,451,active
BAT04383,DC002,MED022,0.0,2026-06-15,2027-09-09,2026-06-15,451,active
BAT04384,DC005,MED023,0.0,2026-06-18,2027-05-21,2026-06-18,337,active
BAT04385,DC003,MED024,0.0,2026-06-15,2027-08-17,2026-06-15,428,active
BAT04386,DC002,MED025,0.0,2026-06-15,2027-09-19,2026-06-15,461,active
BAT04387,DC006,MED027,0.0,2026-06-19,2027-09-06,2026-06-19,444,active
BAT04388,DC008,MED027,0.0,2026-06-17,2027-09-04,2026-06-17,444,active
BAT04389,DC001,MED028,0.0,2026-06-16,2027-09-22,2026-06-16,463,active
BAT04390,DC004,MED028,0.0,2026-06-17,2027-09-23,2026-06-17,463,active
BAT04391,DC007,MED028,0.0,2026-06-16,2027-09-22,2026-06-16,463,active
BAT04392,DC002,MED030,0.0,2026-06-15,2027-03-31,2026-06-15,289,active
BAT04393,DC006,MED030,0.0,2026-06-19,2027-04-04,2026-06-19,289,active
BAT04394,DC008,MED030,0.0,2026-06-17,2027-04-02,2026-06-17,289,active
BAT04395,DC006,MED031,0.0,2026-06-19,2027-02-02,2026-06-19,228,active
BAT04396,DC001,MED033,0.0,2026-06-16,2027-04-19,2026-06-16,307,active
BAT04397,DC008,MED033,0.0,2026-06-17,2027-04-20,2026-06-17,307,active
BAT04398,DC003,MED034,0.0,2026-06-15,2027-08-05,2026-06-15,416,active
BAT04399,DC008,MED035,0.0,2026-06-17,2027-01-08,2026-06-17,205,active
BAT04400,DC001,MED036,0.0,2026-06-16,2027-08-18,2026-06-16,428,active
BAT04401,DC006,MED036,0.0,2026-06-19,2027-08-21,2026-06-19,428,active
BAT04402,DC004,MED037,0.0,2026-06-17,2026-12-15,2026-06-17,181,active
BAT04403,DC008,MED038,0.0,2026-06-17,2027-12-05,2026-06-17,536,active
BAT04404,DC002,MED039,0.0,2026-06-15,2027-09-15,2026-06-15,457,active
BAT04405,DC004,MED001,0.0,2026-06-18,2027-02-05,2026-06-18,232,active
BAT04406,DC001,MED002,0.0,2026-06-17,2027-10-18,2026-06-17,488,active
BAT04407,DC006,MED002,0.0,2026-06-20,2027-10-21,2026-06-20,488,active
BAT04408,DC002,MED003,0.0,2026-06-16,2027-04-04,2026-06-16,292,active
BAT04409,DC006,MED003,0.0,2026-06-20,2027-04-08,2026-06-20,292,active
BAT04410,DC008,MED003,0.0,2026-06-18,2027-04-06,2026-06-18,292,active
BAT04411,DC003,MED008,0.0,2026-06-16,2027-05-10,2026-06-16,328,active
BAT04412,DC005,MED008,0.0,2026-06-19,2027-05-13,2026-06-19,328,active
BAT04413,DC001,MED009,0.0,2026-06-17,2027-06-18,2026-06-17,366,active
BAT04414,DC003,MED009,0.0,2026-06-16,2027-06-17,2026-06-16,366,active
BAT04415,DC007,MED010,0.0,2026-06-17,2027-11-28,2026-06-17,529,active
BAT04416,DC002,MED011,0.0,2026-06-16,2027-04-30,2026-06-16,318,active
BAT04417,DC002,MED013,0.0,2026-06-16,2027-05-23,2026-06-16,341,active
BAT04418,DC003,MED013,0.0,2026-06-16,2027-05-23,2026-06-16,341,active
BAT04419,DC001,MED014,0.0,2026-06-17,2027-04-28,2026-06-17,315,active
BAT04420,DC003,MED015,0.0,2026-06-16,2027-07-20,2026-06-16,399,active
BAT04421,DC003,MED017,0.0,2026-06-16,2027-10-14,2026-06-16,485,active
BAT04422,DC008,MED017,0.0,2026-06-18,2027-10-16,2026-06-18,485,active
BAT04423,DC002,MED019,0.0,2026-06-16,2027-11-06,2026-06-16,508,active
BAT04424,DC003,MED019,0.0,2026-06-16,2027-11-06,2026-06-16,508,active
BAT04425,DC001,MED020,0.0,2026-06-17,2027-04-27,2026-06-17,314,active
BAT04426,DC008,MED021,0.0,2026-06-18,2027-11-07,2026-06-18,507,active
BAT04427,DC003,MED022,0.0,2026-06-16,2027-09-10,2026-06-16,451,active
BAT04428,DC005,MED022,0.0,2026-06-19,2027-09-13,2026-06-19,451,active
BAT04429,DC006,MED022,0.0,2026-06-20,2027-09-14,2026-06-20,451,active
BAT04430,DC008,MED022,0.0,2026-06-18,2027-09-12,2026-06-18,451,active
BAT04431,DC001,MED023,0.0,2026-06-17,2027-05-20,2026-06-17,337,active
BAT04432,DC002,MED023,0.0,2026-06-16,2027-05-19,2026-06-16,337,active
BAT04433,DC002,MED024,0.0,2026-06-16,2027-08-18,2026-06-16,428,active
BAT04434,DC005,MED024,0.0,2026-06-19,2027-08-21,2026-06-19,428,active
BAT04435,DC008,MED024,0.0,2026-06-18,2027-08-20,2026-06-18,428,active
BAT04436,DC005,MED025,0.0,2026-06-19,2027-09-23,2026-06-19,461,active
BAT04437,DC007,MED025,0.0,2026-06-17,2027-09-21,2026-06-17,461,active
BAT04438,DC004,MED026,0.0,2026-06-18,2027-09-17,2026-06-18,456,active
BAT04439,DC005,MED027,0.0,2026-06-19,2027-09-06,2026-06-19,444,active
BAT04440,DC002,MED028,0.0,2026-06-16,2027-09-22,2026-06-16,463,active
BAT04441,DC006,MED029,0.0,2026-06-20,2027-01-20,2026-06-20,214,active
BAT04442,DC001,MED031,0.0,2026-06-17,2027-01-31,2026-06-17,228,active
BAT04443,DC007,MED031,0.0,2026-06-17,2027-01-31,2026-06-17,228,active
BAT04444,DC005,MED034,0.0,2026-06-19,2027-08-09,2026-06-19,416,active
BAT04445,DC007,MED036,0.0,2026-06-17,2027-08-19,2026-06-17,428,active
BAT04446,DC008,MED036,0.0,2026-06-18,2027-08-20,2026-06-18,428,active
BAT04447,DC005,MED037,0.0,2026-06-19,2026-12-17,2026-06-19,181,active
BAT04448,DC002,MED001,0.0,2026-06-17,2027-02-04,2026-06-17,232,active
BAT04449,DC001,MED004,0.0,2026-06-18,2027-12-07,2026-06-18,537,active
BAT04450,DC002,MED006,0.0,2026-06-17,2027-01-05,2026-06-17,202,active
BAT04451,DC007,MED006,0.0,2026-06-18,2027-01-06,2026-06-18,202,active
BAT04452,DC003,MED007,0.0,2026-06-17,2027-05-13,2026-06-17,330,active
BAT04453,DC004,MED007,0.0,2026-06-19,2027-05-15,2026-06-19,330,active
BAT04454,DC005,MED007,0.0,2026-06-20,2027-05-16,2026-06-20,330,active
BAT04455,DC007,MED009,0.0,2026-06-18,2027-06-19,2026-06-18,366,active
BAT04456,DC004,MED012,0.0,2026-06-19,2027-01-01,2026-06-19,196,active
BAT04457,DC004,MED014,0.0,2026-06-19,2027-04-30,2026-06-19,315,active
BAT04458,DC006,MED016,0.0,2026-06-21,2027-02-02,2026-06-21,226,active
BAT04459,DC008,MED016,0.0,2026-06-19,2027-01-31,2026-06-19,226,active
BAT04460,DC004,MED018,0.0,2026-06-19,2027-09-25,2026-06-19,463,active
BAT04461,DC004,MED019,0.0,2026-06-19,2027-11-09,2026-06-19,508,active
BAT04462,DC003,MED020,0.0,2026-06-17,2027-04-27,2026-06-17,314,active
BAT04463,DC006,MED020,0.0,2026-06-21,2027-05-01,2026-06-21,314,active
BAT04464,DC007,MED020,0.0,2026-06-18,2027-04-28,2026-06-18,314,active
BAT04465,DC001,MED024,0.0,2026-06-18,2027-08-20,2026-06-18,428,active
BAT04466,DC005,MED028,0.0,2026-06-20,2027-09-26,2026-06-20,463,active
BAT04467,DC007,MED029,0.0,2026-06-18,2027-01-18,2026-06-18,214,active
BAT04468,DC002,MED031,0.0,2026-06-17,2027-01-31,2026-06-17,228,active
BAT04469,DC003,MED031,0.0,2026-06-17,2027-01-31,2026-06-17,228,active
BAT04470,DC002,MED032,0.0,2026-06-17,2027-01-10,2026-06-17,207,active
BAT04471,DC007,MED032,0.0,2026-06-18,2027-01-11,2026-06-18,207,active
BAT04472,DC008,MED032,0.0,2026-06-19,2027-01-12,2026-06-19,207,active
BAT04473,DC004,MED033,0.0,2026-06-19,2027-04-22,2026-06-19,307,active
BAT04474,DC008,MED034,0.0,2026-06-19,2027-08-09,2026-06-19,416,active
BAT04475,DC001,MED035,0.0,2026-06-18,2027-01-09,2026-06-18,205,active
BAT04476,DC007,MED035,0.0,2026-06-18,2027-01-09,2026-06-18,205,active
BAT04477,DC003,MED037,0.0,2026-06-17,2026-12-15,2026-06-17,181,active
BAT04478,DC006,MED039,0.0,2026-06-21,2027-09-21,2026-06-21,457,active
BAT04479,DC005,MED001,0.0,2026-06-21,2027-02-08,2026-06-21,232,active
BAT04480,DC007,MED001,0.0,2026-06-19,2027-02-06,2026-06-19,232,active
BAT04481,DC008,MED002,0.0,2026-06-20,2027-10-21,2026-06-20,488,active
BAT04482,DC003,MED003,0.0,2026-06-18,2027-04-06,2026-06-18,292,active
BAT04483,DC008,MED004,0.0,2026-06-20,2027-12-09,2026-06-20,537,active
BAT04484,DC005,MED005,0.0,2026-06-21,2027-02-08,2026-06-21,232,active
BAT04485,DC008,MED006,0.0,2026-06-20,2027-01-08,2026-06-20,202,active
BAT04486,DC006,MED010,0.0,2026-06-22,2027-12-03,2026-06-22,529,active
BAT04487,DC004,MED011,0.0,2026-06-20,2027-05-04,2026-06-20,318,active
BAT04488,DC008,MED012,0.0,2026-06-20,2027-01-02,2026-06-20,196,active
BAT04489,DC004,MED013,0.0,2026-06-20,2027-05-27,2026-06-20,341,active
BAT04490,DC001,MED015,0.0,2026-06-19,2027-07-23,2026-06-19,399,active
BAT04491,DC005,MED016,0.0,2026-06-21,2027-02-02,2026-06-21,226,active
BAT04492,DC002,MED017,0.0,2026-06-18,2027-10-16,2026-06-18,485,active
BAT04493,DC004,MED017,0.0,2026-06-20,2027-10-18,2026-06-20,485,active
BAT04494,DC002,MED020,0.0,2026-06-18,2027-04-28,2026-06-18,314,active
BAT04495,DC007,MED023,0.0,2026-06-19,2027-05-22,2026-06-19,337,active
BAT04496,DC006,MED026,0.0,2026-06-22,2027-09-21,2026-06-22,456,active
BAT04497,DC001,MED027,0.0,2026-06-19,2027-09-06,2026-06-19,444,active
BAT04498,DC003,MED028,0.0,2026-06-18,2027-09-24,2026-06-18,463,active
BAT04499,DC006,MED034,0.0,2026-06-22,2027-08-12,2026-06-22,416,active
BAT04500,DC003,MED035,0.0,2026-06-18,2027-01-09,2026-06-18,205,active
BAT04501,DC005,MED035,0.0,2026-06-21,2027-01-12,2026-06-21,205,active
BAT04502,DC006,MED035,0.0,2026-06-22,2027-01-13,2026-06-22,205,active
BAT04503,DC007,MED039,0.0,2026-06-19,2027-09-19,2026-06-19,457,active
BAT04504,DC003,MED002,0.0,2026-06-19,2027-10-20,2026-06-19,488,active
BAT04505,DC004,MED006,0.0,2026-06-21,2027-01-09,2026-06-21,202,active
BAT04506,DC001,MED007,0.0,2026-06-20,2027-05-16,2026-06-20,330,active
BAT04507,DC002,MED007,0.0,2026-06-19,2027-05-15,2026-06-19,330,active
BAT04508,DC008,MED007,0.0,2026-06-21,2027-05-17,2026-06-21,330,active
BAT04509,DC001,MED008,0.0,2026-06-20,2027-05-14,2026-06-20,328,active
BAT04510,DC004,MED008,0.0,2026-06-21,2027-05-15,2026-06-21,328,active
BAT04511,DC008,MED008,0.0,2026-06-21,2027-05-15,2026-06-21,328,active
BAT04512,DC002,MED009,0.0,2026-06-19,2027-06-20,2026-06-19,366,active
BAT04513,DC004,MED009,0.0,2026-06-21,2027-06-22,2026-06-21,366,active
BAT04514,DC008,MED009,0.0,2026-06-21,2027-06-22,2026-06-21,366,active
BAT04515,DC006,MED011,0.0,2026-06-23,2027-05-07,2026-06-23,318,active
BAT04516,DC002,MED012,0.0,2026-06-19,2027-01-01,2026-06-19,196,active
BAT04517,DC007,MED012,0.0,2026-06-20,2027-01-02,2026-06-20,196,active
BAT04518,DC003,MED014,0.0,2026-06-19,2027-04-30,2026-06-19,315,active
BAT04519,DC002,MED015,0.0,2026-06-19,2027-07-23,2026-06-19,399,active
BAT04520,DC001,MED017,0.0,2026-06-20,2027-10-18,2026-06-20,485,active
BAT04521,DC005,MED017,0.0,2026-06-22,2027-10-20,2026-06-22,485,active
BAT04522,DC006,MED017,0.0,2026-06-23,2027-10-21,2026-06-23,485,active
BAT04523,DC005,MED018,0.0,2026-06-22,2027-09-28,2026-06-22,463,active
BAT04524,DC006,MED018,0.0,2026-06-23,2027-09-29,2026-06-23,463,active
BAT04525,DC001,MED019,0.0,2026-06-20,2027-11-10,2026-06-20,508,active
BAT04526,DC005,MED019,0.0,2026-06-22,2027-11-12,2026-06-22,508,active
BAT04527,DC007,MED019,0.0,2026-06-20,2027-11-10,2026-06-20,508,active
BAT04528,DC005,MED020,0.0,2026-06-22,2027-05-02,2026-06-22,314,active
BAT04529,DC008,MED020,0.0,2026-06-21,2027-05-01,2026-06-21,314,active
BAT04530,DC005,MED021,0.0,2026-06-22,2027-11-11,2026-06-22,507,active
BAT04531,DC004,MED022,0.0,2026-06-21,2027-09-15,2026-06-21,451,active
BAT04532,DC006,MED024,0.0,2026-06-23,2027-08-25,2026-06-23,428,active
BAT04533,DC004,MED025,0.0,2026-06-21,2027-09-25,2026-06-21,461,active
BAT04534,DC008,MED025,0.0,2026-06-21,2027-09-25,2026-06-21,461,active
BAT04535,DC002,MED026,0.0,2026-06-19,2027-09-18,2026-06-19,456,active
BAT04536,DC008,MED028,0.0,2026-06-21,2027-09-27,2026-06-21,463,active
BAT04537,DC001,MED029,0.0,2026-06-20,2027-01-20,2026-06-20,214,active
BAT04538,DC002,MED029,0.0,2026-06-19,2027-01-19,2026-06-19,214,active
BAT04539,DC003,MED029,0.0,2026-06-19,2027-01-19,2026-06-19,214,active
BAT04540,DC008,MED029,0.0,2026-06-21,2027-01-21,2026-06-21,214,active
BAT04541,DC005,MED030,0.0,2026-06-22,2027-04-07,2026-06-22,289,active
BAT04542,DC008,MED031,0.0,2026-06-21,2027-02-04,2026-06-21,228,active
BAT04543,DC002,MED033,0.0,2026-06-19,2027-04-22,2026-06-19,307,active
BAT04544,DC007,MED033,0.0,2026-06-20,2027-04-23,2026-06-20,307,active
BAT04545,DC004,MED034,0.0,2026-06-21,2027-08-11,2026-06-21,416,active
BAT04546,DC007,MED034,0.0,2026-06-20,2027-08-10,2026-06-20,416,active
BAT04547,DC003,MED036,0.0,2026-06-19,2027-08-21,2026-06-19,428,active
BAT04548,DC002,MED037,0.0,2026-06-19,2026-12-17,2026-06-19,181,active
BAT04549,DC006,MED037,0.0,2026-06-23,2026-12-21,2026-06-23,181,active
BAT04550,DC007,MED037,0.0,2026-06-20,2026-12-18,2026-06-20,181,active
BAT04551,DC005,MED038,0.0,2026-06-22,2027-12-10,2026-06-22,536,active
BAT04552,DC003,MED039,0.0,2026-06-19,2027-09-19,2026-06-19,457,active
BAT04553,DC008,MED039,0.0,2026-06-21,2027-09-21,2026-06-21,457,active
BAT04554,DC001,MED001,0.0,2026-06-21,2027-02-08,2026-06-21,232,active
BAT04555,DC003,MED001,0.0,2026-06-20,2027-02-07,2026-06-20,232,active
BAT04556,DC002,MED002,0.0,2026-06-20,2027-10-21,2026-06-20,488,active
BAT04557,DC004,MED002,0.0,2026-06-22,2027-10-23,2026-06-22,488,active
BAT04558,DC005,MED004,0.0,2026-06-23,2027-12-12,2026-06-23,537,active
BAT04559,DC007,MED005,0.0,2026-06-21,2027-02-08,2026-06-21,232,active
BAT04560,DC001,MED006,0.0,2026-06-21,2027-01-09,2026-06-21,202,active
BAT04561,DC006,MED009,0.0,2026-06-24,2027-06-25,2026-06-24,366,active
BAT04562,DC005,MED011,0.0,2026-06-23,2027-05-07,2026-06-23,318,active
BAT04563,DC007,MED011,0.0,2026-06-21,2027-05-05,2026-06-21,318,active
BAT04564,DC008,MED011,0.0,2026-06-22,2027-05-06,2026-06-22,318,active
BAT04565,DC004,MED015,0.0,2026-06-22,2027-07-26,2026-06-22,399,active
BAT04566,DC008,MED015,0.0,2026-06-22,2027-07-26,2026-06-22,399,active
BAT04567,DC007,MED016,0.0,2026-06-21,2027-02-02,2026-06-21,226,active
BAT04568,DC007,MED017,0.0,2026-06-21,2027-10-19,2026-06-21,485,active
BAT04569,DC001,MED018,0.0,2026-06-21,2027-09-27,2026-06-21,463,active
BAT04570,DC002,MED021,0.0,2026-06-20,2027-11-09,2026-06-20,507,active
BAT04571,DC006,MED021,0.0,2026-06-24,2027-11-13,2026-06-24,507,active
BAT04572,DC007,MED021,0.0,2026-06-21,2027-11-10,2026-06-21,507,active
BAT04573,DC007,MED022,0.0,2026-06-21,2027-09-15,2026-06-21,451,active
BAT04574,DC007,MED024,0.0,2026-06-21,2027-08-23,2026-06-21,428,active
BAT04575,DC001,MED025,0.0,2026-06-21,2027-09-25,2026-06-21,461,active
BAT04576,DC006,MED028,0.0,2026-06-24,2027-09-30,2026-06-24,463,active
BAT04577,DC004,MED029,0.0,2026-06-22,2027-01-22,2026-06-22,214,active
BAT04578,DC004,MED032,0.0,2026-06-22,2027-01-15,2026-06-22,207,active
BAT04579,DC006,MED032,0.0,2026-06-24,2027-01-17,2026-06-24,207,active
BAT04580,DC003,MED033,0.0,2026-06-20,2027-04-23,2026-06-20,307,active
BAT04581,DC005,MED033,0.0,2026-06-23,2027-04-26,2026-06-23,307,active
BAT04582,DC001,MED034,0.0,2026-06-21,2027-08-11,2026-06-21,416,active
BAT04583,DC002,MED034,0.0,2026-06-20,2027-08-10,2026-06-20,416,active
BAT04584,DC002,MED035,0.0,2026-06-20,2027-01-11,2026-06-20,205,active
BAT04585,DC004,MED035,0.0,2026-06-22,2027-01-13,2026-06-22,205,active
BAT04586,DC005,MED036,0.0,2026-06-23,2027-08-25,2026-06-23,428,active
BAT04587,DC001,MED039,0.0,2026-06-21,2027-09-21,2026-06-21,457,active
BAT04588,DC006,MED001,0.0,2026-06-25,2027-02-12,2026-06-25,232,active
BAT04589,DC008,MED001,0.0,2026-06-23,2027-02-10,2026-06-23,232,active
BAT04590,DC008,MED005,0.0,2026-06-23,2027-02-10,2026-06-23,232,active
BAT04591,DC006,MED008,0.0,2026-06-25,2027-05-19,2026-06-25,328,active
BAT04592,DC002,MED010,0.0,2026-06-21,2027-12-02,2026-06-21,529,active
BAT04593,DC004,MED010,0.0,2026-06-23,2027-12-04,2026-06-23,529,active
BAT04594,DC003,MED011,0.0,2026-06-21,2027-05-05,2026-06-21,318,active
BAT04595,DC005,MED013,0.0,2026-06-24,2027-05-31,2026-06-24,341,active
BAT04596,DC005,MED014,0.0,2026-06-24,2027-05-05,2026-06-24,315,active
BAT04597,DC006,MED014,0.0,2026-06-25,2027-05-06,2026-06-25,315,active
BAT04598,DC008,MED018,0.0,2026-06-23,2027-09-29,2026-06-23,463,active
BAT04599,DC006,MED025,0.0,2026-06-25,2027-09-29,2026-06-25,461,active
BAT04600,DC004,MED027,0.0,2026-06-23,2027-09-10,2026-06-23,444,active
BAT04601,DC005,MED029,0.0,2026-06-24,2027-01-24,2026-06-24,214,active
BAT04602,DC005,MED032,0.0,2026-06-24,2027-01-17,2026-06-24,207,active
BAT04603,DC002,MED036,0.0,2026-06-21,2027-08-23,2026-06-21,428,active
BAT04604,DC001,MED037,0.0,2026-06-22,2026-12-20,2026-06-22,181,active
BAT04605,DC003,MED038,0.0,2026-06-21,2027-12-09,2026-06-21,536,active
BAT04606,DC006,MED038,0.0,2026-06-25,2027-12-13,2026-06-25,536,active
BAT04607,DC005,MED039,0.0,2026-06-24,2027-09-24,2026-06-24,457,active
BAT04608,DC006,MED040,0.0,2026-06-25,2027-09-19,2026-06-25,451,active
BAT04609,DC004,MED001,0.0,2026-06-24,2027-02-11,2026-06-24,232,active
BAT04610,DC007,MED002,0.0,2026-06-23,2027-10-24,2026-06-23,488,active
BAT04611,DC005,MED003,0.0,2026-06-25,2027-04-13,2026-06-25,292,active
BAT04612,DC007,MED003,0.0,2026-06-23,2027-04-11,2026-06-23,292,active
BAT04613,DC006,MED004,0.0,2026-06-26,2027-12-15,2026-06-26,537,active
BAT04614,DC005,MED006,0.0,2026-06-25,2027-01-13,2026-06-25,202,active
BAT04615,DC006,MED006,0.0,2026-06-26,2027-01-14,2026-06-26,202,active
BAT04616,DC006,MED007,0.0,2026-06-26,2027-05-22,2026-06-26,330,active
BAT04617,DC005,MED009,0.0,2026-06-25,2027-06-26,2026-06-25,366,active
BAT04618,DC001,MED011,0.0,2026-06-23,2027-05-07,2026-06-23,318,active
BAT04619,DC006,MED013,0.0,2026-06-26,2027-06-02,2026-06-26,341,active
BAT04620,DC008,MED013,0.0,2026-06-24,2027-05-31,2026-06-24,341,active
BAT04621,DC001,MED016,0.0,2026-06-23,2027-02-04,2026-06-23,226,active
BAT04622,DC002,MED018,0.0,2026-06-22,2027-09-28,2026-06-22,463,active
BAT04623,DC008,MED019,0.0,2026-06-24,2027-11-14,2026-06-24,508,active
BAT04624,DC004,MED020,0.0,2026-06-24,2027-05-04,2026-06-24,314,active
BAT04625,DC001,MED022,0.0,2026-06-23,2027-09-17,2026-06-23,451,active
BAT04626,DC004,MED024,0.0,2026-06-24,2027-08-26,2026-06-24,428,active
BAT04627,DC001,MED028,0.0,2026-06-23,2027-09-29,2026-06-23,463,active
BAT04628,DC007,MED028,0.0,2026-06-23,2027-09-29,2026-06-23,463,active
BAT04629,DC004,MED031,0.0,2026-06-24,2027-02-07,2026-06-24,228,active
BAT04630,DC001,MED032,0.0,2026-06-23,2027-01-16,2026-06-23,207,active
BAT04631,DC001,MED036,0.0,2026-06-23,2027-08-25,2026-06-23,428,active
BAT04632,DC004,MED037,0.0,2026-06-24,2026-12-22,2026-06-24,181,active
BAT04633,DC008,MED037,0.0,2026-06-24,2026-12-22,2026-06-24,181,active
BAT04634,DC004,MED038,0.0,2026-06-24,2027-12-12,2026-06-24,536,active
BAT04635,DC002,MED039,0.0,2026-06-22,2027-09-22,2026-06-22,457,active
BAT04636,DC004,MED039,0.0,2026-06-24,2027-09-24,2026-06-24,457,active
BAT04637,DC005,MED002,0.0,2026-06-26,2027-10-27,2026-06-26,488,active
BAT04638,DC001,MED003,0.0,2026-06-24,2027-04-12,2026-06-24,292,active
BAT04639,DC007,MED004,0.0,2026-06-24,2027-12-13,2026-06-24,537,active
BAT04640,DC001,MED005,0.0,2026-06-24,2027-02-11,2026-06-24,232,active
BAT04641,DC003,MED006,0.0,2026-06-23,2027-01-11,2026-06-23,202,active
BAT04642,DC007,MED007,0.0,2026-06-24,2027-05-20,2026-06-24,330,active
BAT04643,DC002,MED011,0.0,2026-06-23,2027-05-07,2026-06-23,318,active
BAT04644,DC003,MED012,0.0,2026-06-23,2027-01-05,2026-06-23,196,active
BAT04645,DC002,MED014,0.0,2026-06-23,2027-05-04,2026-06-23,315,active
BAT04646,DC007,MED014,0.0,2026-06-24,2027-05-05,2026-06-24,315,active
BAT04647,DC006,MED015,0.0,2026-06-27,2027-07-31,2026-06-27,399,active
BAT04648,DC002,MED016,0.0,2026-06-23,2027-02-04,2026-06-23,226,active
BAT04649,DC003,MED016,0.0,2026-06-23,2027-02-04,2026-06-23,226,active
BAT04650,DC003,MED017,0.0,2026-06-23,2027-10-21,2026-06-23,485,active
BAT04651,DC008,MED017,0.0,2026-06-25,2027-10-23,2026-06-25,485,active
BAT04652,DC003,MED018,0.0,2026-06-23,2027-09-29,2026-06-23,463,active
BAT04653,DC002,MED019,0.0,2026-06-23,2027-11-13,2026-06-23,508,active
BAT04654,DC003,MED019,0.0,2026-06-23,2027-11-13,2026-06-23,508,active
BAT04655,DC006,MED019,0.0,2026-06-27,2027-11-17,2026-06-27,508,active
BAT04656,DC001,MED020,0.0,2026-06-24,2027-05-04,2026-06-24,314,active
BAT04657,DC003,MED021,0.0,2026-06-23,2027-11-12,2026-06-23,507,active
BAT04658,DC002,MED022,0.0,2026-06-23,2027-09-17,2026-06-23,451,active
BAT04659,DC003,MED022,0.0,2026-06-23,2027-09-17,2026-06-23,451,active
BAT04660,DC005,MED022,0.0,2026-06-26,2027-09-20,2026-06-26,451,active
BAT04661,DC008,MED022,0.0,2026-06-25,2027-09-19,2026-06-25,451,active
BAT04662,DC004,MED023,0.0,2026-06-25,2027-05-28,2026-06-25,337,active
BAT04663,DC003,MED025,0.0,2026-06-23,2027-09-27,2026-06-23,461,active
BAT04664,DC001,MED026,0.0,2026-06-24,2027-09-23,2026-06-24,456,active
BAT04665,DC003,MED026,0.0,2026-06-23,2027-09-22,2026-06-23,456,active
BAT04666,DC007,MED026,0.0,2026-06-24,2027-09-23,2026-06-24,456,active
BAT04667,DC008,MED026,0.0,2026-06-25,2027-09-24,2026-06-25,456,active
BAT04668,DC003,MED027,0.0,2026-06-23,2027-09-10,2026-06-23,444,active
BAT04669,DC004,MED028,0.0,2026-06-25,2027-10-01,2026-06-25,463,active
BAT04670,DC006,MED031,0.0,2026-06-27,2027-02-10,2026-06-27,228,active
BAT04671,DC003,MED034,0.0,2026-06-23,2027-08-13,2026-06-23,416,active
BAT04672,DC007,MED035,0.0,2026-06-24,2027-01-15,2026-06-24,205,active
BAT04673,DC004,MED036,0.0,2026-06-25,2027-08-27,2026-06-25,428,active
BAT04674,DC006,MED036,0.0,2026-06-27,2027-08-29,2026-06-27,428,active
BAT04675,DC007,MED036,0.0,2026-06-24,2027-08-26,2026-06-24,428,active
BAT04676,DC001,MED038,0.0,2026-06-24,2027-12-12,2026-06-24,536,active
BAT04677,DC002,MED038,0.0,2026-06-23,2027-12-11,2026-06-23,536,active
BAT04678,DC007,MED038,0.0,2026-06-24,2027-12-12,2026-06-24,536,active
BAT04679,DC006,MED002,0.0,2026-06-28,2027-10-29,2026-06-28,488,active
BAT04680,DC002,MED004,0.0,2026-06-24,2027-12-13,2026-06-24,537,active
BAT04681,DC003,MED004,0.0,2026-06-24,2027-12-13,2026-06-24,537,active
BAT04682,DC002,MED008,0.0,2026-06-24,2027-05-18,2026-06-24,328,active
BAT04683,DC003,MED008,0.0,2026-06-24,2027-05-18,2026-06-24,328,active
BAT04684,DC007,MED008,0.0,2026-06-25,2027-05-19,2026-06-25,328,active
BAT04685,DC001,MED009,0.0,2026-06-25,2027-06-26,2026-06-25,366,active
BAT04686,DC003,MED009,0.0,2026-06-24,2027-06-25,2026-06-24,366,active
BAT04687,DC001,MED013,0.0,2026-06-25,2027-06-01,2026-06-25,341,active
BAT04688,DC007,MED013,0.0,2026-06-25,2027-06-01,2026-06-25,341,active
BAT04689,DC003,MED015,0.0,2026-06-24,2027-07-28,2026-06-24,399,active
BAT04690,DC005,MED015,0.0,2026-06-27,2027-07-31,2026-06-27,399,active
BAT04691,DC007,MED015,0.0,2026-06-25,2027-07-29,2026-06-25,399,active
BAT04692,DC002,MED017,0.0,2026-06-24,2027-10-22,2026-06-24,485,active
BAT04693,DC007,MED018,0.0,2026-06-25,2027-10-01,2026-06-25,463,active
BAT04694,DC004,MED019,0.0,2026-06-26,2027-11-16,2026-06-26,508,active
BAT04695,DC003,MED020,0.0,2026-06-24,2027-05-04,2026-06-24,314,active
BAT04696,DC007,MED020,0.0,2026-06-25,2027-05-05,2026-06-25,314,active
BAT04697,DC004,MED021,0.0,2026-06-26,2027-11-15,2026-06-26,507,active
BAT04698,DC006,MED022,0.0,2026-06-28,2027-09-22,2026-06-28,451,active
BAT04699,DC003,MED024,0.0,2026-06-24,2027-08-26,2026-06-24,428,active
BAT04700,DC002,MED025,0.0,2026-06-24,2027-09-28,2026-06-24,461,active
BAT04701,DC005,MED026,0.0,2026-06-27,2027-09-26,2026-06-27,456,active
BAT04702,DC002,MED027,0.0,2026-06-24,2027-09-11,2026-06-24,444,active
BAT04703,DC007,MED027,0.0,2026-06-25,2027-09-12,2026-06-25,444,active
BAT04704,DC002,MED028,0.0,2026-06-24,2027-09-30,2026-06-24,463,active
BAT04705,DC007,MED030,0.0,2026-06-25,2027-04-10,2026-06-25,289,active
BAT04706,DC007,MED031,0.0,2026-06-25,2027-02-08,2026-06-25,228,active
BAT04707,DC006,MED033,0.0,2026-06-28,2027-05-01,2026-06-28,307,active
BAT04708,DC008,MED035,0.0,2026-06-26,2027-01-17,2026-06-26,205,active
BAT04709,DC002,MED040,0.0,2026-06-24,2027-09-18,2026-06-24,451,active
BAT04710,DC002,MED001,0.0,2026-06-25,2027-02-12,2026-06-25,232,active
BAT04711,DC005,MED001,0.0,2026-06-28,2027-02-15,2026-06-28,232,active
BAT04712,DC007,MED001,0.0,2026-06-26,2027-02-13,2026-06-26,232,active
BAT04713,DC001,MED002,0.0,2026-06-26,2027-10-27,2026-06-26,488,active
BAT04714,DC004,MED003,0.0,2026-06-27,2027-04-15,2026-06-27,292,active
BAT04715,DC004,MED004,0.0,2026-06-27,2027-12-16,2026-06-27,537,active
BAT04716,DC002,MED013,0.0,2026-06-25,2027-06-01,2026-06-25,341,active
BAT04717,DC008,MED014,0.0,2026-06-27,2027-05-08,2026-06-27,315,active
BAT04718,DC004,MED017,0.0,2026-06-27,2027-10-25,2026-06-27,485,active
BAT04719,DC002,MED020,0.0,2026-06-25,2027-05-05,2026-06-25,314,active
BAT04720,DC006,MED020,0.0,2026-06-29,2027-05-09,2026-06-29,314,active
BAT04721,DC001,MED021,0.0,2026-06-26,2027-11-15,2026-06-26,507,active
BAT04722,DC007,MED025,0.0,2026-06-26,2027-09-30,2026-06-26,461,active
BAT04723,DC005,MED027,0.0,2026-06-28,2027-09-15,2026-06-28,444,active
BAT04724,DC005,MED028,0.0,2026-06-28,2027-10-04,2026-06-28,463,active
BAT04725,DC003,MED030,0.0,2026-06-25,2027-04-10,2026-06-25,289,active
BAT04726,DC001,MED031,0.0,2026-06-26,2027-02-09,2026-06-26,228,active
BAT04727,DC005,MED031,0.0,2026-06-28,2027-02-11,2026-06-28,228,active
BAT04728,DC001,MED033,0.0,2026-06-26,2027-04-29,2026-06-26,307,active
BAT04729,DC001,MED035,0.0,2026-06-26,2027-01-17,2026-06-26,205,active
BAT04730,DC005,MED035,0.0,2026-06-28,2027-01-19,2026-06-28,205,active
BAT04731,DC008,MED036,0.0,2026-06-27,2027-08-29,2026-06-27,428,active
BAT04732,DC006,MED039,0.0,2026-06-29,2027-09-29,2026-06-29,457,active
BAT04733,DC007,MED039,0.0,2026-06-26,2027-09-26,2026-06-26,457,active
BAT04734,DC004,MED040,0.0,2026-06-27,2027-09-21,2026-06-27,451,active
BAT04735,DC002,MED003,0.0,2026-06-26,2027-04-14,2026-06-26,292,active
BAT04736,DC006,MED003,0.0,2026-06-30,2027-04-18,2026-06-30,292,active
BAT04737,DC008,MED003,0.0,2026-06-28,2027-04-16,2026-06-28,292,active
BAT04738,DC002,MED006,0.0,2026-06-26,2027-01-14,2026-06-26,202,active
BAT04739,DC007,MED006,0.0,2026-06-27,2027-01-15,2026-06-27,202,active
BAT04740,DC003,MED007,0.0,2026-06-26,2027-05-22,2026-06-26,330,active
BAT04741,DC005,MED008,0.0,2026-06-29,2027-05-23,2026-06-29,328,active
BAT04742,DC006,MED010,0.0,2026-06-30,2027-12-11,2026-06-30,529,active
BAT04743,DC007,MED010,0.0,2026-06-27,2027-12-08,2026-06-27,529,active
BAT04744,DC004,MED011,0.0,2026-06-28,2027-05-12,2026-06-28,318,active
BAT04745,DC001,MED014,0.0,2026-06-27,2027-05-08,2026-06-27,315,active
BAT04746,DC001,MED015,0.0,2026-06-27,2027-07-31,2026-06-27,399,active
BAT04747,DC004,MED016,0.0,2026-06-28,2027-02-09,2026-06-28,226,active
BAT04748,DC001,MED017,0.0,2026-06-27,2027-10-25,2026-06-27,485,active
BAT04749,DC005,MED017,0.0,2026-06-29,2027-10-27,2026-06-29,485,active
BAT04750,DC005,MED018,0.0,2026-06-29,2027-10-05,2026-06-29,463,active
BAT04751,DC001,MED019,0.0,2026-06-27,2027-11-17,2026-06-27,508,active
BAT04752,DC005,MED019,0.0,2026-06-29,2027-11-19,2026-06-29,508,active
BAT04753,DC008,MED020,0.0,2026-06-28,2027-05-08,2026-06-28,314,active
BAT04754,DC008,MED021,0.0,2026-06-28,2027-11-17,2026-06-28,507,active
BAT04755,DC003,MED023,0.0,2026-06-26,2027-05-29,2026-06-26,337,active
BAT04756,DC008,MED023,0.0,2026-06-28,2027-05-31,2026-06-28,337,active
BAT04757,DC001,MED024,0.0,2026-06-27,2027-08-29,2026-06-27,428,active
BAT04758,DC005,MED024,0.0,2026-06-29,2027-08-31,2026-06-29,428,active
BAT04759,DC005,MED025,0.0,2026-06-29,2027-10-03,2026-06-29,461,active
BAT04760,DC004,MED026,0.0,2026-06-28,2027-09-27,2026-06-28,456,active
BAT04761,DC006,MED027,0.0,2026-06-30,2027-09-17,2026-06-30,444,active
BAT04762,DC008,MED027,0.0,2026-06-28,2027-09-15,2026-06-28,444,active
BAT04763,DC003,MED028,0.0,2026-06-26,2027-10-02,2026-06-26,463,active
BAT04764,DC006,MED029,0.0,2026-06-30,2027-01-30,2026-06-30,214,active
BAT04765,DC001,MED030,0.0,2026-06-27,2027-04-12,2026-06-27,289,active
BAT04766,DC006,MED030,0.0,2026-06-30,2027-04-15,2026-06-30,289,active
BAT04767,DC002,MED031,0.0,2026-06-26,2027-02-09,2026-06-26,228,active
BAT04768,DC002,MED032,0.0,2026-06-26,2027-01-19,2026-06-26,207,active
BAT04769,DC007,MED032,0.0,2026-06-27,2027-01-20,2026-06-27,207,active
BAT04770,DC004,MED033,0.0,2026-06-28,2027-05-01,2026-06-28,307,active
BAT04771,DC008,MED033,0.0,2026-06-28,2027-05-01,2026-06-28,307,active
BAT04772,DC005,MED034,0.0,2026-06-29,2027-08-19,2026-06-29,416,active
BAT04773,DC004,MED035,0.0,2026-06-28,2027-01-19,2026-06-28,205,active
BAT04774,DC006,MED035,0.0,2026-06-30,2027-01-21,2026-06-30,205,active
BAT04775,DC003,MED036,0.0,2026-06-26,2027-08-28,2026-06-26,428,active
BAT04776,DC003,MED037,0.0,2026-06-26,2026-12-24,2026-06-26,181,active
BAT04777,DC008,MED038,0.0,2026-06-28,2027-12-16,2026-06-28,536,active
BAT04778,DC003,MED039,0.0,2026-06-26,2027-09-26,2026-06-26,457,active
BAT04779,DC007,MED040,0.0,2026-06-27,2027-09-21,2026-06-27,451,active
BAT04780,DC001,MED001,0.0,2026-06-28,2027-02-15,2026-06-28,232,active
BAT04781,DC003,MED001,0.0,2026-06-27,2027-02-14,2026-06-27,232,active
BAT04782,DC008,MED002,0.0,2026-06-29,2027-10-30,2026-06-29,488,active
BAT04783,DC003,MED003,0.0,2026-06-27,2027-04-15,2026-06-27,292,active
BAT04784,DC001,MED004,0.0,2026-06-28,2027-12-17,2026-06-28,537,active
BAT04785,DC008,MED006,0.0,2026-06-29,2027-01-17,2026-06-29,202,active
BAT04786,DC004,MED007,0.0,2026-06-29,2027-05-25,2026-06-29,330,active
BAT04787,DC005,MED007,0.0,2026-06-30,2027-05-26,2026-06-30,330,active
BAT04788,DC001,MED008,0.0,2026-06-28,2027-05-22,2026-06-28,328,active
BAT04789,DC007,MED009,0.0,2026-06-28,2027-06-29,2026-06-28,366,active
BAT04790,DC005,MED010,0.0,2026-06-30,2027-12-11,2026-06-30,529,active
BAT04791,DC005,MED011,0.0,2026-06-30,2027-05-14,2026-06-30,318,active
BAT04792,DC006,MED011,0.0,2026-07-01,2027-05-15,2026-07-01,318,active
BAT04793,DC008,MED011,0.0,2026-06-29,2027-05-13,2026-06-29,318,active
BAT04794,DC001,MED012,0.0,2026-06-28,2027-01-10,2026-06-28,196,active
BAT04795,DC005,MED012,0.0,2026-06-30,2027-01-12,2026-06-30,196,active
BAT04796,DC003,MED013,0.0,2026-06-27,2027-06-03,2026-06-27,341,active
BAT04797,DC004,MED014,0.0,2026-06-29,2027-05-10,2026-06-29,315,active
BAT04798,DC002,MED015,0.0,2026-06-27,2027-07-31,2026-06-27,399,active
BAT04799,DC006,MED017,0.0,2026-07-01,2027-10-29,2026-07-01,485,active
BAT04800,DC007,MED017,0.0,2026-06-28,2027-10-26,2026-06-28,485,active
BAT04801,DC004,MED018,0.0,2026-06-29,2027-10-05,2026-06-29,463,active
BAT04802,DC007,MED019,0.0,2026-06-28,2027-11-18,2026-06-28,508,active
BAT04803,DC005,MED020,0.0,2026-06-30,2027-05-10,2026-06-30,314,active
BAT04804,DC004,MED022,0.0,2026-06-29,2027-09-23,2026-06-29,451,active
BAT04805,DC007,MED022,0.0,2026-06-28,2027-09-22,2026-06-28,451,active
BAT04806,DC005,MED023,0.0,2026-06-30,2027-06-02,2026-06-30,337,active
BAT04807,DC006,MED023,0.0,2026-07-01,2027-06-03,2026-07-01,337,active
BAT04808,DC002,MED024,0.0,2026-06-27,2027-08-29,2026-06-27,428,active
BAT04809,DC006,MED024,0.0,2026-07-01,2027-09-02,2026-07-01,428,active
BAT04810,DC008,MED024,0.0,2026-06-29,2027-08-31,2026-06-29,428,active
BAT04811,DC006,MED026,0.0,2026-07-01,2027-09-30,2026-07-01,456,active
BAT04812,DC001,MED027,0.0,2026-06-28,2027-09-15,2026-06-28,444,active
BAT04813,DC008,MED028,0.0,2026-06-29,2027-10-05,2026-06-29,463,active
BAT04814,DC002,MED029,0.0,2026-06-27,2027-01-27,2026-06-27,214,active
BAT04815,DC003,MED029,0.0,2026-06-27,2027-01-27,2026-06-27,214,active
BAT04816,DC007,MED029,0.0,2026-06-28,2027-01-28,2026-06-28,214,active
BAT04817,DC003,MED031,0.0,2026-06-27,2027-02-10,2026-06-27,228,active
BAT04818,DC003,MED032,0.0,2026-06-27,2027-01-20,2026-06-27,207,active
BAT04819,DC008,MED032,0.0,2026-06-29,2027-01-22,2026-06-29,207,active
BAT04820,DC006,MED034,0.0,2026-07-01,2027-08-21,2026-07-01,416,active
BAT04821,DC008,MED034,0.0,2026-06-29,2027-08-19,2026-06-29,416,active
BAT04822,DC002,MED035,0.0,2026-06-27,2027-01-18,2026-06-27,205,active
BAT04823,DC003,MED035,0.0,2026-06-27,2027-01-18,2026-06-27,205,active
BAT04824,DC002,MED037,0.0,2026-06-27,2026-12-25,2026-06-27,181,active
BAT04825,DC005,MED037,0.0,2026-06-30,2026-12-28,2026-06-30,181,active
BAT04826,DC005,MED038,0.0,2026-06-30,2027-12-18,2026-06-30,536,active
BAT04827,DC001,MED039,0.0,2026-06-28,2027-09-28,2026-06-28,457,active
BAT04828,DC008,MED039,0.0,2026-06-29,2027-09-29,2026-06-29,457,active
BAT04829,DC005,MED040,0.0,2026-06-30,2027-09-24,2026-06-30,451,active
BAT04830,DC008,MED001,0.0,2026-06-30,2027-02-17,2026-06-30,232,active
BAT04831,DC003,MED002,0.0,2026-06-28,2027-10-29,2026-06-28,488,active
BAT04832,DC008,MED004,0.0,2026-06-30,2027-12-19,2026-06-30,537,active
BAT04833,DC004,MED006,0.0,2026-06-30,2027-01-18,2026-06-30,202,active
BAT04834,DC001,MED007,0.0,2026-06-29,2027-05-25,2026-06-29,330,active
BAT04835,DC008,MED007,0.0,2026-06-30,2027-05-26,2026-06-30,330,active
BAT04836,DC008,MED008,0.0,2026-06-30,2027-05-24,2026-06-30,328,active
BAT04837,DC002,MED009,0.0,2026-06-28,2027-06-29,2026-06-28,366,active
BAT04838,DC004,MED009,0.0,2026-06-30,2027-07-01,2026-06-30,366,active
BAT04839,DC001,MED010,0.0,2026-06-29,2027-12-10,2026-06-29,529,active
BAT04840,DC003,MED010,0.0,2026-06-28,2027-12-09,2026-06-28,529,active
BAT04841,DC007,MED011,0.0,2026-06-29,2027-05-13,2026-06-29,318,active
BAT04842,DC006,MED016,0.0,2026-07-02,2027-02-13,2026-07-02,226,active
BAT04843,DC008,MED019,0.0,2026-06-30,2027-11-20,2026-06-30,508,active
BAT04844,DC001,MED023,0.0,2026-06-29,2027-06-01,2026-06-29,337,active
BAT04845,DC007,MED024,0.0,2026-06-29,2027-08-31,2026-06-29,428,active
BAT04846,DC004,MED025,0.0,2026-06-30,2027-10-04,2026-06-30,461,active
BAT04847,DC006,MED028,0.0,2026-07-02,2027-10-08,2026-07-02,463,active
BAT04848,DC001,MED029,0.0,2026-06-29,2027-01-29,2026-06-29,214,active
BAT04849,DC004,MED029,0.0,2026-06-30,2027-01-30,2026-06-30,214,active
BAT04850,DC008,MED030,0.0,2026-06-30,2027-04-15,2026-06-30,289,active
BAT04851,DC008,MED031,0.0,2026-06-30,2027-02-13,2026-06-30,228,active
BAT04852,DC005,MED033,0.0,2026-07-01,2027-05-04,2026-07-01,307,active
BAT04853,DC007,MED033,0.0,2026-06-29,2027-05-02,2026-06-29,307,active
BAT04854,DC001,MED034,0.0,2026-06-29,2027-08-19,2026-06-29,416,active
BAT04855,DC004,MED034,0.0,2026-06-30,2027-08-20,2026-06-30,416,active
BAT04856,DC007,MED034,0.0,2026-06-29,2027-08-19,2026-06-29,416,active
BAT04857,DC001,MED036,0.0,2026-06-29,2027-08-31,2026-06-29,428,active
BAT04858,DC005,MED036,0.0,2026-07-01,2027-09-02,2026-07-01,428,active
BAT04859,DC006,MED037,0.0,2026-07-02,2026-12-30,2026-07-02,181,active
BAT04860,DC005,MED039,0.0,2026-07-01,2027-10-01,2026-07-01,457,active
BAT04861,DC008,MED040,0.0,2026-06-30,2027-09-24,2026-06-30,451,active
BAT04862,DC006,MED001,0.0,2026-07-03,2027-02-20,2026-07-03,232,active
BAT04863,DC002,MED002,0.0,2026-06-29,2027-10-30,2026-06-29,488,active
BAT04864,DC004,MED002,0.0,2026-07-01,2027-11-01,2026-07-01,488,active
BAT04865,DC005,MED004,0.0,2026-07-02,2027-12-21,2026-07-02,537,active
BAT04866,DC003,MED005,0.0,2026-06-29,2027-02-16,2026-06-29,232,active
BAT04867,DC002,MED007,0.0,2026-06-29,2027-05-25,2026-06-29,330,active
BAT04868,DC004,MED008,0.0,2026-07-01,2027-05-25,2026-07-01,328,active
BAT04869,DC006,MED009,0.0,2026-07-03,2027-07-04,2026-07-03,366,active
BAT04870,DC008,MED009,0.0,2026-07-01,2027-07-02,2026-07-01,366,active
BAT04871,DC003,MED011,0.0,2026-06-29,2027-05-13,2026-06-29,318,active
BAT04872,DC004,MED013,0.0,2026-07-01,2027-06-07,2026-07-01,341,active
BAT04873,DC005,MED013,0.0,2026-07-02,2027-06-08,2026-07-02,341,active
BAT04874,DC005,MED014,0.0,2026-07-02,2027-05-13,2026-07-02,315,active
BAT04875,DC004,MED015,0.0,2026-07-01,2027-08-04,2026-07-01,399,active
BAT04876,DC008,MED016,0.0,2026-07-01,2027-02-12,2026-07-01,226,active
BAT04877,DC006,MED018,0.0,2026-07-03,2027-10-09,2026-07-03,463,active
BAT04878,DC002,MED021,0.0,2026-06-29,2027-11-18,2026-06-29,507,active
BAT04879,DC005,MED021,0.0,2026-07-02,2027-11-21,2026-07-02,507,active
BAT04880,DC006,MED021,0.0,2026-07-03,2027-11-22,2026-07-03,507,active
BAT04881,DC007,MED021,0.0,2026-06-30,2027-11-19,2026-06-30,507,active
BAT04882,DC001,MED022,0.0,2026-06-30,2027-09-24,2026-06-30,451,active
BAT04883,DC001,MED025,0.0,2026-06-30,2027-10-04,2026-06-30,461,active
BAT04884,DC008,MED025,0.0,2026-07-01,2027-10-05,2026-07-01,461,active
BAT04885,DC001,MED028,0.0,2026-06-30,2027-10-06,2026-06-30,463,active
BAT04886,DC008,MED029,0.0,2026-07-01,2027-01-31,2026-07-01,214,active
BAT04887,DC002,MED030,0.0,2026-06-29,2027-04-14,2026-06-29,289,active
BAT04888,DC006,MED032,0.0,2026-07-03,2027-01-26,2026-07-03,207,active
BAT04889,DC002,MED033,0.0,2026-06-29,2027-05-02,2026-06-29,307,active
BAT04890,DC003,MED033,0.0,2026-06-29,2027-05-02,2026-06-29,307,active
BAT04891,DC002,MED034,0.0,2026-06-29,2027-08-19,2026-06-29,416,active
BAT04892,DC002,MED036,0.0,2026-06-29,2027-08-31,2026-06-29,428,active
BAT04893,DC001,MED037,0.0,2026-06-30,2026-12-28,2026-06-30,181,active
BAT04894,DC007,MED037,0.0,2026-06-30,2026-12-28,2026-06-30,181,active
BAT04895,DC004,MED039,0.0,2026-07-01,2027-10-01,2026-07-01,457,active
BAT04896,DC004,MED001,0.0,2026-07-02,2027-02-19,2026-07-02,232,active
BAT04897,DC006,MED005,0.0,2026-07-04,2027-02-21,2026-07-04,232,active
BAT04898,DC001,MED006,0.0,2026-07-01,2027-01-19,2026-07-01,202,active
BAT04899,DC005,MED006,0.0,2026-07-03,2027-01-21,2026-07-03,202,active
BAT04900,DC006,MED008,0.0,2026-07-04,2027-05-28,2026-07-04,328,active
BAT04901,DC001,MED011,0.0,2026-07-01,2027-05-15,2026-07-01,318,active
BAT04902,DC002,MED011,0.0,2026-06-30,2027-05-14,2026-06-30,318,active
BAT04903,DC002,MED012,0.0,2026-06-30,2027-01-12,2026-06-30,196,active
BAT04904,DC006,MED013,0.0,2026-07-04,2027-06-10,2026-07-04,341,active
BAT04905,DC003,MED014,0.0,2026-06-30,2027-05-11,2026-06-30,315,active
BAT04906,DC008,MED015,0.0,2026-07-02,2027-08-05,2026-07-02,399,active
BAT04907,DC003,MED017,0.0,2026-06-30,2027-10-28,2026-06-30,485,active
BAT04908,DC008,MED017,0.0,2026-07-02,2027-10-30,2026-07-02,485,active
BAT04909,DC001,MED018,0.0,2026-07-01,2027-10-07,2026-07-01,463,active
BAT04910,DC002,MED018,0.0,2026-06-30,2027-10-06,2026-06-30,463,active
BAT04911,DC008,MED018,0.0,2026-07-02,2027-10-08,2026-07-02,463,active
BAT04912,DC002,MED019,0.0,2026-06-30,2027-11-20,2026-06-30,508,active
BAT04913,DC001,MED020,0.0,2026-07-01,2027-05-11,2026-07-01,314,active
BAT04914,DC004,MED020,0.0,2026-07-02,2027-05-12,2026-07-02,314,active
BAT04915,DC002,MED022,0.0,2026-06-30,2027-09-24,2026-06-30,451,active
BAT04916,DC003,MED022,0.0,2026-06-30,2027-09-24,2026-06-30,451,active
BAT04917,DC005,MED022,0.0,2026-07-03,2027-09-27,2026-07-03,451,active
BAT04918,DC006,MED025,0.0,2026-07-04,2027-10-08,2026-07-04,461,active
BAT04919,DC002,MED026,0.0,2026-06-30,2027-09-29,2026-06-30,456,active
BAT04920,DC004,MED027,0.0,2026-07-02,2027-09-19,2026-07-02,444,active
BAT04921,DC004,MED028,0.0,2026-07-02,2027-10-08,2026-07-02,463,active
BAT04922,DC007,MED028,0.0,2026-07-01,2027-10-07,2026-07-01,463,active
BAT04923,DC001,MED032,0.0,2026-07-01,2027-01-24,2026-07-01,207,active
BAT04924,DC004,MED032,0.0,2026-07-02,2027-01-25,2026-07-02,207,active
BAT04925,DC005,MED032,0.0,2026-07-03,2027-01-26,2026-07-03,207,active
BAT04926,DC004,MED036,0.0,2026-07-02,2027-09-03,2026-07-02,428,active
BAT04927,DC007,MED036,0.0,2026-07-01,2027-09-02,2026-07-01,428,active
BAT04928,DC003,MED038,0.0,2026-06-30,2027-12-18,2026-06-30,536,active
BAT04929,DC002,MED039,0.0,2026-06-30,2027-09-30,2026-06-30,457,active
BAT04930,DC003,MED040,0.0,2026-06-30,2027-09-24,2026-06-30,451,active
BAT04931,DC007,MED001,0.0,2026-07-02,2027-02-19,2026-07-02,232,active
BAT04932,DC007,MED002,0.0,2026-07-02,2027-11-02,2026-07-02,488,active
BAT04933,DC005,MED005,0.0,2026-07-04,2027-02-21,2026-07-04,232,active
BAT04934,DC006,MED006,0.0,2026-07-05,2027-01-23,2026-07-05,202,active
BAT04935,DC005,MED009,0.0,2026-07-04,2027-07-05,2026-07-04,366,active
BAT04936,DC006,MED012,0.0,2026-07-05,2027-01-17,2026-07-05,196,active
BAT04937,DC007,MED012,0.0,2026-07-02,2027-01-14,2026-07-02,196,active
BAT04938,DC008,MED012,0.0,2026-07-03,2027-01-15,2026-07-03,196,active
BAT04939,DC007,MED016,0.0,2026-07-02,2027-02-13,2026-07-02,226,active
BAT04940,DC003,MED019,0.0,2026-07-01,2027-11-21,2026-07-01,508,active
BAT04941,DC006,MED019,0.0,2026-07-05,2027-11-25,2026-07-05,508,active
BAT04942,DC007,MED020,0.0,2026-07-02,2027-05-12,2026-07-02,314,active
BAT04943,DC008,MED022,0.0,2026-07-03,2027-09-27,2026-07-03,451,active
BAT04944,DC004,MED024,0.0,2026-07-03,2027-09-04,2026-07-03,428,active
BAT04945,DC005,MED029,0.0,2026-07-04,2027-02-03,2026-07-04,214,active
BAT04946,DC005,MED030,0.0,2026-07-04,2027-04-19,2026-07-04,289,active
BAT04947,DC003,MED034,0.0,2026-07-01,2027-08-21,2026-07-01,416,active
BAT04948,DC007,MED035,0.0,2026-07-02,2027-01-23,2026-07-02,205,active
BAT04949,DC008,MED035,0.0,2026-07-03,2027-01-24,2026-07-03,205,active
BAT04950,DC006,MED036,0.0,2026-07-05,2027-09-06,2026-07-05,428,active
BAT04951,DC008,MED037,0.0,2026-07-03,2026-12-31,2026-07-03,181,active
BAT04952,DC004,MED038,0.0,2026-07-03,2027-12-21,2026-07-03,536,active
BAT04953,DC006,MED038,0.0,2026-07-05,2027-12-23,2026-07-05,536,active
BAT04954,DC001,MED040,0.0,2026-07-02,2027-09-26,2026-07-02,451,active
BAT04955,DC002,MED001,0.0,2026-07-02,2027-02-19,2026-07-02,232,active
BAT04956,DC005,MED001,0.0,2026-07-05,2027-02-22,2026-07-05,232,active
BAT04957,DC005,MED003,0.0,2026-07-05,2027-04-23,2026-07-05,292,active
BAT04958,DC006,MED007,0.0,2026-07-06,2027-06-01,2026-07-06,330,active
BAT04959,DC007,MED014,0.0,2026-07-03,2027-05-14,2026-07-03,315,active
BAT04960,DC003,MED015,0.0,2026-07-02,2027-08-05,2026-07-02,399,active
BAT04961,DC005,MED016,0.0,2026-07-05,2027-02-16,2026-07-05,226,active
BAT04962,DC002,MED017,0.0,2026-07-02,2027-10-30,2026-07-02,485,active
BAT04963,DC003,MED021,0.0,2026-07-02,2027-11-21,2026-07-02,507,active
BAT04964,DC006,MED022,0.0,2026-07-06,2027-09-30,2026-07-06,451,active
BAT04965,DC007,MED023,0.0,2026-07-03,2027-06-05,2026-07-03,337,active
BAT04966,DC007,MED026,0.0,2026-07-03,2027-10-02,2026-07-03,456,active
BAT04967,DC008,MED026,0.0,2026-07-04,2027-10-03,2026-07-04,456,active
BAT04968,DC002,MED028,0.0,2026-07-02,2027-10-08,2026-07-02,463,active
BAT04969,DC004,MED031,0.0,2026-07-04,2027-02-17,2026-07-04,228,active
BAT04970,DC006,MED031,0.0,2026-07-06,2027-02-19,2026-07-06,228,active
BAT04971,DC001,MED035,0.0,2026-07-03,2027-01-24,2026-07-03,205,active
BAT04972,DC005,MED035,0.0,2026-07-05,2027-01-26,2026-07-05,205,active
BAT04973,DC004,MED037,0.0,2026-07-04,2027-01-01,2026-07-04,181,active
BAT04974,DC001,MED038,0.0,2026-07-03,2027-12-21,2026-07-03,536,active
BAT04975,DC007,MED039,0.0,2026-07-03,2027-10-03,2026-07-03,457,active
BAT04976,DC003,MED001,0.0,2026-07-03,2027-02-20,2026-07-03,232,active
BAT04977,DC005,MED002,0.0,2026-07-06,2027-11-06,2026-07-06,488,active
BAT04978,DC006,MED002,0.0,2026-07-07,2027-11-07,2026-07-07,488,active
BAT04979,DC007,MED003,0.0,2026-07-04,2027-04-22,2026-07-04,292,active
BAT04980,DC006,MED004,0.0,2026-07-07,2027-12-26,2026-07-07,537,active
BAT04981,DC007,MED004,0.0,2026-07-04,2027-12-23,2026-07-04,537,active
BAT04982,DC002,MED005,0.0,2026-07-03,2027-02-20,2026-07-03,232,active
BAT04983,DC003,MED006,0.0,2026-07-03,2027-01-21,2026-07-03,202,active
BAT04984,DC007,MED007,0.0,2026-07-04,2027-05-30,2026-07-04,330,active
BAT04985,DC002,MED008,0.0,2026-07-03,2027-05-27,2026-07-03,328,active
BAT04986,DC003,MED008,0.0,2026-07-03,2027-05-27,2026-07-03,328,active
BAT04987,DC001,MED009,0.0,2026-07-04,2027-07-05,2026-07-04,366,active
BAT04988,DC003,MED009,0.0,2026-07-03,2027-07-04,2026-07-03,366,active
BAT04989,DC002,MED010,0.0,2026-07-03,2027-12-14,2026-07-03,529,active
BAT04990,DC008,MED010,0.0,2026-07-05,2027-12-16,2026-07-05,529,active
BAT04991,DC004,MED011,0.0,2026-07-05,2027-05-19,2026-07-05,318,active
BAT04992,DC007,MED013,0.0,2026-07-04,2027-06-10,2026-07-04,341,active
BAT04993,DC008,MED013,0.0,2026-07-05,2027-06-11,2026-07-05,341,active
BAT04994,DC006,MED014,0.0,2026-07-07,2027-05-18,2026-07-07,315,active
BAT04995,DC006,MED015,0.0,2026-07-07,2027-08-10,2026-07-07,399,active
BAT04996,DC001,MED016,0.0,2026-07-04,2027-02-15,2026-07-04,226,active
BAT04997,DC004,MED017,0.0,2026-07-05,2027-11-02,2026-07-05,485,active
BAT04998,DC005,MED017,0.0,2026-07-06,2027-11-03,2026-07-06,485,active
BAT04999,DC004,MED019,0.0,2026-07-05,2027-11-25,2026-07-05,508,active
BAT05000,DC005,MED019,0.0,2026-07-06,2027-11-26,2026-07-06,508,active
BAT05001,DC007,MED019,0.0,2026-07-04,2027-11-24,2026-07-04,508,active
BAT05002,DC002,MED020,0.0,2026-07-03,2027-05-13,2026-07-03,314,active
BAT05003,DC003,MED020,0.0,2026-07-03,2027-05-13,2026-07-03,314,active
BAT05004,DC006,MED020,0.0,2026-07-07,2027-05-17,2026-07-07,314,active
BAT05005,DC003,MED025,0.0,2026-07-03,2027-10-07,2026-07-03,461,active
BAT05006,DC001,MED026,0.0,2026-07-04,2027-10-03,2026-07-04,456,active
BAT05007,DC005,MED026,0.0,2026-07-06,2027-10-05,2026-07-06,456,active
BAT05008,DC003,MED027,0.0,2026-07-03,2027-09-20,2026-07-03,444,active
BAT05009,DC007,MED027,0.0,2026-07-04,2027-09-21,2026-07-04,444,active
BAT05010,DC003,MED028,0.0,2026-07-03,2027-10-09,2026-07-03,463,active
BAT05011,DC005,MED028,0.0,2026-07-06,2027-10-12,2026-07-06,463,active
BAT05012,DC004,MED030,0.0,2026-07-05,2027-04-20,2026-07-05,289,active
BAT05013,DC003,MED036,0.0,2026-07-03,2027-09-04,2026-07-03,428,active
BAT05014,DC008,MED036,0.0,2026-07-05,2027-09-06,2026-07-05,428,active
BAT05015,DC003,MED037,0.0,2026-07-03,2026-12-31,2026-07-03,181,active
BAT05016,DC002,MED038,0.0,2026-07-03,2027-12-21,2026-07-03,536,active
BAT05017,DC003,MED039,0.0,2026-07-03,2027-10-03,2026-07-03,457,active
BAT05018,DC006,MED039,0.0,2026-07-07,2027-10-07,2026-07-07,457,active
BAT05019,DC008,MED039,0.0,2026-07-05,2027-10-05,2026-07-05,457,active
BAT05020,DC001,MED001,0.0,2026-07-05,2027-02-22,2026-07-05,232,active
BAT05021,DC008,MED001,0.0,2026-07-06,2027-02-23,2026-07-06,232,active
BAT05022,DC001,MED002,0.0,2026-07-05,2027-11-05,2026-07-05,488,active
BAT05023,DC001,MED003,0.0,2026-07-05,2027-04-23,2026-07-05,292,active
BAT05024,DC002,MED003,0.0,2026-07-04,2027-04-22,2026-07-04,292,active
BAT05025,DC002,MED004,0.0,2026-07-04,2027-12-23,2026-07-04,537,active
BAT05026,DC003,MED004,0.0,2026-07-04,2027-12-23,2026-07-04,537,active
BAT05027,DC004,MED004,0.0,2026-07-06,2027-12-25,2026-07-06,537,active
BAT05028,DC001,MED005,0.0,2026-07-05,2027-02-22,2026-07-05,232,active
BAT05029,DC004,MED005,0.0,2026-07-06,2027-02-23,2026-07-06,232,active
BAT05030,DC007,MED005,0.0,2026-07-05,2027-02-22,2026-07-05,232,active
BAT05031,DC002,MED006,0.0,2026-07-04,2027-01-22,2026-07-04,202,active
BAT05032,DC007,MED006,0.0,2026-07-05,2027-01-23,2026-07-05,202,active
BAT05033,DC007,MED008,0.0,2026-07-05,2027-05-29,2026-07-05,328,active
BAT05034,DC001,MED013,0.0,2026-07-05,2027-06-11,2026-07-05,341,active
BAT05035,DC002,MED014,0.0,2026-07-04,2027-05-15,2026-07-04,315,active
BAT05036,DC005,MED015,0.0,2026-07-07,2027-08-10,2026-07-07,399,active
BAT05037,DC007,MED015,0.0,2026-07-05,2027-08-08,2026-07-05,399,active
BAT05038,DC001,MED017,0.0,2026-07-05,2027-11-02,2026-07-05,485,active
BAT05039,DC007,MED017,0.0,2026-07-05,2027-11-02,2026-07-05,485,active
BAT05040,DC007,MED018,0.0,2026-07-05,2027-10-11,2026-07-05,463,active
BAT05041,DC008,MED020,0.0,2026-07-06,2027-05-16,2026-07-06,314,active
BAT05042,DC001,MED021,0.0,2026-07-05,2027-11-24,2026-07-05,507,active
BAT05043,DC004,MED021,0.0,2026-07-06,2027-11-25,2026-07-06,507,active
BAT05044,DC004,MED022,0.0,2026-07-06,2027-09-30,2026-07-06,451,active
BAT05045,DC007,MED022,0.0,2026-07-05,2027-09-29,2026-07-05,451,active
BAT05046,DC002,MED023,0.0,2026-07-04,2027-06-06,2026-07-04,337,active
BAT05047,DC002,MED025,0.0,2026-07-04,2027-10-08,2026-07-04,461,active
BAT05048,DC007,MED025,0.0,2026-07-05,2027-10-09,2026-07-05,461,active
BAT05049,DC003,MED026,0.0,2026-07-04,2027-10-03,2026-07-04,456,active
BAT05050,DC002,MED027,0.0,2026-07-04,2027-09-21,2026-07-04,444,active
BAT05051,DC008,MED028,0.0,2026-07-06,2027-10-12,2026-07-06,463,active
BAT05052,DC006,MED029,0.0,2026-07-08,2027-02-07,2026-07-08,214,active
BAT05053,DC005,MED031,0.0,2026-07-07,2027-02-20,2026-07-07,228,active
BAT05054,DC007,MED031,0.0,2026-07-05,2027-02-18,2026-07-05,228,active
BAT05055,DC001,MED033,0.0,2026-07-05,2027-05-08,2026-07-05,307,active
BAT05056,DC004,MED035,0.0,2026-07-06,2027-01-27,2026-07-06,205,active
BAT05057,DC006,MED035,0.0,2026-07-08,2027-01-29,2026-07-08,205,active
BAT05058,DC007,MED038,0.0,2026-07-05,2027-12-23,2026-07-05,536,active
BAT05059,DC001,MED039,0.0,2026-07-05,2027-10-05,2026-07-05,457,active
BAT05060,DC004,MED003,0.0,2026-07-07,2027-04-25,2026-07-07,292,active
BAT05061,DC006,MED003,0.0,2026-07-09,2027-04-27,2026-07-09,292,active
BAT05062,DC008,MED005,0.0,2026-07-07,2027-02-24,2026-07-07,232,active
BAT05063,DC003,MED007,0.0,2026-07-05,2027-05-31,2026-07-05,330,active
BAT05064,DC001,MED008,0.0,2026-07-06,2027-05-30,2026-07-06,328,active
BAT05065,DC005,MED011,0.0,2026-07-08,2027-05-22,2026-07-08,318,active
BAT05066,DC006,MED011,0.0,2026-07-09,2027-05-23,2026-07-09,318,active
BAT05067,DC008,MED011,0.0,2026-07-07,2027-05-21,2026-07-07,318,active
BAT05068,DC002,MED013,0.0,2026-07-05,2027-06-11,2026-07-05,341,active
BAT05069,DC008,MED014,0.0,2026-07-07,2027-05-18,2026-07-07,315,active
BAT05070,DC001,MED015,0.0,2026-07-06,2027-08-09,2026-07-06,399,active
BAT05071,DC002,MED015,0.0,2026-07-05,2027-08-08,2026-07-05,399,active
BAT05072,DC006,MED017,0.0,2026-07-09,2027-11-06,2026-07-09,485,active
BAT05073,DC003,MED018,0.0,2026-07-05,2027-10-11,2026-07-05,463,active
BAT05074,DC001,MED019,0.0,2026-07-06,2027-11-26,2026-07-06,508,active
BAT05075,DC008,MED019,0.0,2026-07-07,2027-11-27,2026-07-07,508,active
BAT05076,DC005,MED020,0.0,2026-07-08,2027-05-18,2026-07-08,314,active
BAT05077,DC001,MED024,0.0,2026-07-06,2027-09-07,2026-07-06,428,active
BAT05078,DC003,MED024,0.0,2026-07-05,2027-09-06,2026-07-05,428,active
BAT05079,DC005,MED024,0.0,2026-07-08,2027-09-09,2026-07-08,428,active
BAT05080,DC008,MED024,0.0,2026-07-07,2027-09-08,2026-07-07,428,active
BAT05081,DC005,MED025,0.0,2026-07-08,2027-10-12,2026-07-08,461,active
BAT05082,DC004,MED026,0.0,2026-07-07,2027-10-06,2026-07-07,456,active
BAT05083,DC006,MED027,0.0,2026-07-09,2027-09-26,2026-07-09,444,active
BAT05084,DC008,MED027,0.0,2026-07-07,2027-09-24,2026-07-07,444,active
BAT05085,DC003,MED029,0.0,2026-07-05,2027-02-04,2026-07-05,214,active
BAT05086,DC001,MED031,0.0,2026-07-06,2027-02-19,2026-07-06,228,active
BAT05087,DC002,MED031,0.0,2026-07-05,2027-02-18,2026-07-05,228,active
BAT05088,DC007,MED032,0.0,2026-07-06,2027-01-29,2026-07-06,207,active
BAT05089,DC004,MED033,0.0,2026-07-07,2027-05-10,2026-07-07,307,active
BAT05090,DC006,MED033,0.0,2026-07-09,2027-05-12,2026-07-09,307,active
BAT05091,DC008,MED033,0.0,2026-07-07,2027-05-10,2026-07-07,307,active
BAT05092,DC002,MED035,0.0,2026-07-05,2027-01-26,2026-07-05,205,active
BAT05093,DC003,MED035,0.0,2026-07-05,2027-01-26,2026-07-05,205,active
BAT05094,DC001,MED036,0.0,2026-07-06,2027-09-07,2026-07-06,428,active
BAT05095,DC005,MED036,0.0,2026-07-08,2027-09-09,2026-07-08,428,active
BAT05096,DC008,MED038,0.0,2026-07-07,2027-12-25,2026-07-07,536,active
BAT05097,DC005,MED039,0.0,2026-07-08,2027-10-08,2026-07-08,457,active
BAT05098,DC006,MED040,0.0,2026-07-09,2027-10-03,2026-07-09,451,active
BAT05099,DC008,MED002,0.0,2026-07-08,2027-11-08,2026-07-08,488,active
BAT05100,DC003,MED003,0.0,2026-07-06,2027-04-24,2026-07-06,292,active
BAT05101,DC008,MED003,0.0,2026-07-08,2027-04-26,2026-07-08,292,active
BAT05102,DC005,MED007,0.0,2026-07-09,2027-06-04,2026-07-09,330,active
BAT05103,DC005,MED008,0.0,2026-07-09,2027-06-02,2026-07-09,328,active
BAT05104,DC002,MED009,0.0,2026-07-06,2027-07-07,2026-07-06,366,active
BAT05105,DC007,MED009,0.0,2026-07-07,2027-07-08,2026-07-07,366,active
BAT05106,DC004,MED010,0.0,2026-07-08,2027-12-19,2026-07-08,529,active
BAT05107,DC006,MED010,0.0,2026-07-10,2027-12-21,2026-07-10,529,active
BAT05108,DC003,MED011,0.0,2026-07-06,2027-05-20,2026-07-06,318,active
BAT05109,DC007,MED011,0.0,2026-07-07,2027-05-21,2026-07-07,318,active
BAT05110,DC004,MED012,0.0,2026-07-08,2027-01-20,2026-07-08,196,active
BAT05111,DC003,MED013,0.0,2026-07-06,2027-06-12,2026-07-06,341,active
BAT05112,DC004,MED018,0.0,2026-07-08,2027-10-14,2026-07-08,463,active
BAT05113,DC005,MED018,0.0,2026-07-09,2027-10-15,2026-07-09,463,active
BAT05114,DC004,MED020,0.0,2026-07-08,2027-05-18,2026-07-08,314,active
BAT05115,DC002,MED022,0.0,2026-07-06,2027-09-30,2026-07-06,451,active
BAT05116,DC002,MED024,0.0,2026-07-06,2027-09-07,2026-07-06,428,active
BAT05117,DC007,MED024,0.0,2026-07-07,2027-09-08,2026-07-07,428,active
BAT05118,DC001,MED027,0.0,2026-07-07,2027-09-24,2026-07-07,444,active
BAT05119,DC005,MED027,0.0,2026-07-09,2027-09-26,2026-07-09,444,active
BAT05120,DC001,MED028,0.0,2026-07-07,2027-10-13,2026-07-07,463,active
BAT05121,DC006,MED028,0.0,2026-07-10,2027-10-16,2026-07-10,463,active
BAT05122,DC001,MED029,0.0,2026-07-07,2027-02-06,2026-07-07,214,active
BAT05123,DC002,MED029,0.0,2026-07-06,2027-02-05,2026-07-06,214,active
BAT05124,DC007,MED029,0.0,2026-07-07,2027-02-06,2026-07-07,214,active
BAT05125,DC003,MED030,0.0,2026-07-06,2027-04-21,2026-07-06,289,active
BAT05126,DC002,MED032,0.0,2026-07-06,2027-01-29,2026-07-06,207,active
BAT05127,DC003,MED032,0.0,2026-07-06,2027-01-29,2026-07-06,207,active
BAT05128,DC008,MED032,0.0,2026-07-08,2027-01-31,2026-07-08,207,active
BAT05129,DC005,MED034,0.0,2026-07-09,2027-08-29,2026-07-09,416,active
BAT05130,DC006,MED034,0.0,2026-07-10,2027-08-30,2026-07-10,416,active
BAT05131,DC008,MED034,0.0,2026-07-08,2027-08-28,2026-07-08,416,active
BAT05132,DC002,MED036,0.0,2026-07-06,2027-09-07,2026-07-06,428,active
BAT05133,DC002,MED037,0.0,2026-07-06,2027-01-03,2026-07-06,181,active
BAT05134,DC005,MED038,0.0,2026-07-09,2027-12-27,2026-07-09,536,active
BAT05135,DC004,MED039,0.0,2026-07-08,2027-10-08,2026-07-08,457,active
BAT05136,DC004,MED001,0.0,2026-07-09,2027-02-26,2026-07-09,232,active
BAT05137,DC006,MED001,0.0,2026-07-11,2027-02-28,2026-07-11,232,active
BAT05138,DC003,MED002,0.0,2026-07-07,2027-11-07,2026-07-07,488,active
BAT05139,DC004,MED002,0.0,2026-07-09,2027-11-09,2026-07-09,488,active
BAT05140,DC001,MED004,0.0,2026-07-08,2027-12-27,2026-07-08,537,active
BAT05141,DC008,MED004,0.0,2026-07-09,2027-12-28,2026-07-09,537,active
BAT05142,DC004,MED006,0.0,2026-07-09,2027-01-27,2026-07-09,202,active
BAT05143,DC008,MED006,0.0,2026-07-09,2027-01-27,2026-07-09,202,active
BAT05144,DC008,MED007,0.0,2026-07-09,2027-06-04,2026-07-09,330,active
BAT05145,DC004,MED009,0.0,2026-07-09,2027-07-10,2026-07-09,366,active
BAT05146,DC001,MED011,0.0,2026-07-08,2027-05-22,2026-07-08,318,active
BAT05147,DC002,MED011,0.0,2026-07-07,2027-05-21,2026-07-07,318,active
BAT05148,DC001,MED014,0.0,2026-07-08,2027-05-19,2026-07-08,315,active
BAT05149,DC008,MED017,0.0,2026-07-09,2027-11-06,2026-07-09,485,active
BAT05150,DC001,MED018,0.0,2026-07-08,2027-10-14,2026-07-08,463,active
BAT05151,DC002,MED019,0.0,2026-07-07,2027-11-27,2026-07-07,508,active
BAT05152,DC001,MED020,0.0,2026-07-08,2027-05-18,2026-07-08,314,active
BAT05153,DC008,MED021,0.0,2026-07-09,2027-11-28,2026-07-09,507,active
BAT05154,DC001,MED022,0.0,2026-07-08,2027-10-02,2026-07-08,451,active
BAT05155,DC003,MED022,0.0,2026-07-07,2027-10-01,2026-07-07,451,active
BAT05156,DC005,MED022,0.0,2026-07-10,2027-10-04,2026-07-10,451,active
BAT05157,DC006,MED024,0.0,2026-07-11,2027-09-12,2026-07-11,428,active
BAT05158,DC004,MED028,0.0,2026-07-09,2027-10-15,2026-07-09,463,active
BAT05159,DC007,MED028,0.0,2026-07-08,2027-10-14,2026-07-08,463,active
BAT05160,DC005,MED033,0.0,2026-07-10,2027-05-13,2026-07-10,307,active
BAT05161,DC007,MED033,0.0,2026-07-08,2027-05-11,2026-07-08,307,active
BAT05162,DC001,MED034,0.0,2026-07-08,2027-08-28,2026-07-08,416,active
BAT05163,DC002,MED034,0.0,2026-07-07,2027-08-27,2026-07-07,416,active
BAT05164,DC007,MED034,0.0,2026-07-08,2027-08-28,2026-07-08,416,active
BAT05165,DC004,MED036,0.0,2026-07-09,2027-09-10,2026-07-09,428,active
BAT05166,DC001,MED037,0.0,2026-07-08,2027-01-05,2026-07-08,181,active
BAT05167,DC004,MED040,0.0,2026-07-09,2027-10-03,2026-07-09,451,active
BAT05168,DC002,MED001,0.0,2026-07-08,2027-02-25,2026-07-08,232,active
BAT05169,DC007,MED001,0.0,2026-07-09,2027-02-26,2026-07-09,232,active
BAT05170,DC002,MED002,0.0,2026-07-08,2027-11-08,2026-07-08,488,active
BAT05171,DC001,MED007,0.0,2026-07-09,2027-06-04,2026-07-09,330,active
BAT05172,DC002,MED007,0.0,2026-07-08,2027-06-03,2026-07-08,330,active
BAT05173,DC004,MED008,0.0,2026-07-10,2027-06-03,2026-07-10,328,active
BAT05174,DC008,MED008,0.0,2026-07-10,2027-06-03,2026-07-10,328,active
BAT05175,DC007,MED010,0.0,2026-07-09,2027-12-20,2026-07-09,529,active
BAT05176,DC004,MED013,0.0,2026-07-10,2027-06-16,2026-07-10,341,active
BAT05177,DC005,MED013,0.0,2026-07-11,2027-06-17,2026-07-11,341,active
BAT05178,DC004,MED014,0.0,2026-07-10,2027-05-21,2026-07-10,315,active
BAT05179,DC003,MED017,0.0,2026-07-08,2027-11-05,2026-07-08,485,active
BAT05180,DC006,MED018,0.0,2026-07-12,2027-10-18,2026-07-12,463,active
BAT05181,DC007,MED020,0.0,2026-07-09,2027-05-19,2026-07-09,314,active
BAT05182,DC002,MED021,0.0,2026-07-08,2027-11-27,2026-07-08,507,active
BAT05183,DC004,MED025,0.0,2026-07-10,2027-10-14,2026-07-10,461,active
BAT05184,DC006,MED026,0.0,2026-07-12,2027-10-11,2026-07-12,456,active
BAT05185,DC004,MED029,0.0,2026-07-10,2027-02-09,2026-07-10,214,active
BAT05186,DC001,MED030,0.0,2026-07-09,2027-04-24,2026-07-09,289,active
BAT05187,DC008,MED030,0.0,2026-07-10,2027-04-25,2026-07-10,289,active
BAT05188,DC008,MED031,0.0,2026-07-10,2027-02-23,2026-07-10,228,active
BAT05189,DC004,MED032,0.0,2026-07-10,2027-02-02,2026-07-10,207,active
BAT05190,DC006,MED032,0.0,2026-07-12,2027-02-04,2026-07-12,207,active
BAT05191,DC004,MED034,0.0,2026-07-10,2027-08-30,2026-07-10,416,active
BAT05192,DC007,MED036,0.0,2026-07-09,2027-09-10,2026-07-09,428,active
BAT05193,DC005,MED037,0.0,2026-07-11,2027-01-08,2026-07-11,181,active
BAT05194,DC002,MED039,0.0,2026-07-08,2027-10-08,2026-07-08,457,active
BAT05195,DC005,MED040,0.0,2026-07-11,2027-10-05,2026-07-11,451,active
BAT05196,DC005,MED001,0.0,2026-07-12,2027-03-01,2026-07-12,232,active
BAT05197,DC005,MED004,0.0,2026-07-12,2027-12-31,2026-07-12,537,active
BAT05198,DC001,MED006,0.0,2026-07-10,2027-01-28,2026-07-10,202,active
BAT05199,DC005,MED006,0.0,2026-07-12,2027-01-30,2026-07-12,202,active
BAT05200,DC006,MED006,0.0,2026-07-13,2027-01-31,2026-07-13,202,active
BAT05201,DC004,MED007,0.0,2026-07-11,2027-06-06,2026-07-11,330,active
BAT05202,DC008,MED009,0.0,2026-07-11,2027-07-12,2026-07-11,366,active
BAT05203,DC003,MED016,0.0,2026-07-09,2027-02-20,2026-07-09,226,active
BAT05204,DC006,MED019,0.0,2026-07-13,2027-12-03,2026-07-13,508,active
BAT05205,DC005,MED021,0.0,2026-07-12,2027-12-01,2026-07-12,507,active
BAT05206,DC006,MED021,0.0,2026-07-13,2027-12-02,2026-07-13,507,active
BAT05207,DC007,MED021,0.0,2026-07-10,2027-11-29,2026-07-10,507,active
BAT05208,DC008,MED022,0.0,2026-07-11,2027-10-05,2026-07-11,451,active
BAT05209,DC005,MED023,0.0,2026-07-12,2027-06-14,2026-07-12,337,active
BAT05210,DC008,MED025,0.0,2026-07-11,2027-10-15,2026-07-11,461,active
BAT05211,DC008,MED029,0.0,2026-07-11,2027-02-10,2026-07-11,214,active
BAT05212,DC007,MED030,0.0,2026-07-10,2027-04-25,2026-07-10,289,active
BAT05213,DC003,MED031,0.0,2026-07-09,2027-02-22,2026-07-09,228,active
BAT05214,DC007,MED035,0.0,2026-07-10,2027-01-31,2026-07-10,205,active
BAT05215,DC008,MED035,0.0,2026-07-11,2027-02-01,2026-07-11,205,active
BAT05216,DC008,MED036,0.0,2026-07-11,2027-09-12,2026-07-11,428,active
BAT05217,DC006,MED037,0.0,2026-07-13,2027-01-10,2026-07-13,181,active
BAT05218,DC007,MED037,0.0,2026-07-10,2027-01-07,2026-07-10,181,active
BAT05219,DC007,MED039,0.0,2026-07-10,2027-10-10,2026-07-10,457,active
BAT05220,DC002,MED040,0.0,2026-07-09,2027-10-03,2026-07-09,451,active
BAT05221,DC001,MED001,0.0,2026-07-11,2027-02-28,2026-07-11,232,active
BAT05222,DC007,MED002,0.0,2026-07-11,2027-11-11,2026-07-11,488,active
BAT05223,DC006,MED009,0.0,2026-07-14,2027-07-15,2026-07-14,366,active
BAT05224,DC005,MED010,0.0,2026-07-13,2027-12-24,2026-07-13,529,active
BAT05225,DC004,MED011,0.0,2026-07-12,2027-05-26,2026-07-12,318,active
BAT05226,DC007,MED012,0.0,2026-07-11,2027-01-23,2026-07-11,196,active
BAT05227,DC005,MED014,0.0,2026-07-13,2027-05-24,2026-07-13,315,active
BAT05228,DC008,MED015,0.0,2026-07-12,2027-08-15,2026-07-12,399,active
BAT05229,DC002,MED016,0.0,2026-07-10,2027-02-21,2026-07-10,226,active
BAT05230,DC004,MED016,0.0,2026-07-12,2027-02-23,2026-07-12,226,active
BAT05231,DC002,MED017,0.0,2026-07-10,2027-11-07,2026-07-10,485,active
BAT05232,DC004,MED017,0.0,2026-07-12,2027-11-09,2026-07-12,485,active
BAT05233,DC003,MED019,0.0,2026-07-10,2027-11-30,2026-07-10,508,active
BAT05234,DC004,MED019,0.0,2026-07-12,2027-12-02,2026-07-12,508,active
BAT05235,DC005,MED019,0.0,2026-07-13,2027-12-03,2026-07-13,508,active
BAT05236,DC002,MED020,0.0,2026-07-10,2027-05-20,2026-07-10,314,active
BAT05237,DC003,MED020,0.0,2026-07-10,2027-05-20,2026-07-10,314,active
BAT05238,DC006,MED022,0.0,2026-07-14,2027-10-08,2026-07-14,451,active
BAT05239,DC007,MED022,0.0,2026-07-11,2027-10-05,2026-07-11,451,active
BAT05240,DC006,MED023,0.0,2026-07-14,2027-06-16,2026-07-14,337,active
BAT05241,DC004,MED024,0.0,2026-07-12,2027-09-13,2026-07-12,428,active
BAT05242,DC001,MED025,0.0,2026-07-11,2027-10-15,2026-07-11,461,active
BAT05243,DC006,MED025,0.0,2026-07-14,2027-10-18,2026-07-14,461,active
BAT05244,DC002,MED026,0.0,2026-07-10,2027-10-09,2026-07-10,456,active
BAT05245,DC002,MED028,0.0,2026-07-10,2027-10-16,2026-07-10,463,active
BAT05246,DC003,MED028,0.0,2026-07-10,2027-10-16,2026-07-10,463,active
BAT05247,DC005,MED028,0.0,2026-07-13,2027-10-19,2026-07-13,463,active
BAT05248,DC005,MED030,0.0,2026-07-13,2027-04-28,2026-07-13,289,active
BAT05249,DC005,MED032,0.0,2026-07-13,2027-02-05,2026-07-13,207,active
BAT05250,DC002,MED033,0.0,2026-07-10,2027-05-13,2026-07-10,307,active
BAT05251,DC003,MED033,0.0,2026-07-10,2027-05-13,2026-07-10,307,active
BAT05252,DC003,MED034,0.0,2026-07-10,2027-08-30,2026-07-10,416,active
BAT05253,DC001,MED035,0.0,2026-07-11,2027-02-01,2026-07-11,205,active
BAT05254,DC003,MED036,0.0,2026-07-10,2027-09-11,2026-07-10,428,active
BAT05255,DC006,MED036,0.0,2026-07-14,2027-09-15,2026-07-14,428,active
BAT05256,DC003,MED038,0.0,2026-07-10,2027-12-28,2026-07-10,536,active
BAT05257,DC003,MED039,0.0,2026-07-10,2027-10-10,2026-07-10,457,active
BAT05258,DC008,MED039,0.0,2026-07-12,2027-10-12,2026-07-12,457,active
BAT05259,DC003,MED001,0.0,2026-07-11,2027-02-28,2026-07-11,232,active
BAT05260,DC006,MED007,0.0,2026-07-15,2027-06-10,2026-07-15,330,active
BAT05261,DC003,MED008,0.0,2026-07-11,2027-06-04,2026-07-11,328,active
BAT05262,DC006,MED008,0.0,2026-07-15,2027-06-08,2026-07-15,328,active
BAT05263,DC001,MED010,0.0,2026-07-12,2027-12-23,2026-07-12,529,active
BAT05264,DC006,MED013,0.0,2026-07-15,2027-06-21,2026-07-15,341,active
BAT05265,DC008,MED013,0.0,2026-07-13,2027-06-19,2026-07-13,341,active
BAT05266,DC003,MED014,0.0,2026-07-11,2027-05-22,2026-07-11,315,active
BAT05267,DC006,MED014,0.0,2026-07-15,2027-05-26,2026-07-15,315,active
BAT05268,DC007,MED014,0.0,2026-07-12,2027-05-23,2026-07-12,315,active
BAT05269,DC003,MED015,0.0,2026-07-11,2027-08-14,2026-07-11,399,active
BAT05270,DC004,MED015,0.0,2026-07-13,2027-08-16,2026-07-13,399,active
BAT05271,DC001,MED017,0.0,2026-07-12,2027-11-09,2026-07-12,485,active
BAT05272,DC005,MED017,0.0,2026-07-14,2027-11-11,2026-07-14,485,active
BAT05273,DC008,MED018,0.0,2026-07-13,2027-10-19,2026-07-13,463,active
BAT05274,DC007,MED019,0.0,2026-07-12,2027-12-02,2026-07-12,508,active
BAT05275,DC006,MED020,0.0,2026-07-15,2027-05-25,2026-07-15,314,active
BAT05276,DC008,MED020,0.0,2026-07-13,2027-05-23,2026-07-13,314,active
BAT05277,DC003,MED021,0.0,2026-07-11,2027-11-30,2026-07-11,507,active
BAT05278,DC003,MED023,0.0,2026-07-11,2027-06-13,2026-07-11,337,active
BAT05279,DC004,MED023,0.0,2026-07-13,2027-06-15,2026-07-13,337,active
BAT05280,DC007,MED026,0.0,2026-07-12,2027-10-11,2026-07-12,456,active
BAT05281,DC008,MED026,0.0,2026-07-13,2027-10-12,2026-07-13,456,active
BAT05282,DC004,MED027,0.0,2026-07-13,2027-09-30,2026-07-13,444,active
BAT05283,DC005,MED029,0.0,2026-07-14,2027-02-13,2026-07-14,214,active
BAT05284,DC004,MED031,0.0,2026-07-13,2027-02-26,2026-07-13,228,active
BAT05285,DC001,MED032,0.0,2026-07-12,2027-02-04,2026-07-12,207,active
BAT05286,DC004,MED035,0.0,2026-07-13,2027-02-03,2026-07-13,205,active
BAT05287,DC005,MED035,0.0,2026-07-14,2027-02-04,2026-07-14,205,active
BAT05288,DC003,MED037,0.0,2026-07-11,2027-01-08,2026-07-11,181,active
BAT05289,DC008,MED037,0.0,2026-07-13,2027-01-10,2026-07-13,181,active
BAT05290,DC001,MED038,0.0,2026-07-12,2027-12-30,2026-07-12,536,active
BAT05291,DC006,MED038,0.0,2026-07-15,2028-01-02,2026-07-15,536,active
BAT05292,DC006,MED039,0.0,2026-07-15,2027-10-15,2026-07-15,457,active
BAT05293,DC008,MED001,0.0,2026-07-14,2027-03-03,2026-07-14,232,active
BAT05294,DC001,MED002,0.0,2026-07-13,2027-11-13,2026-07-13,488,active
BAT05295,DC005,MED002,0.0,2026-07-15,2027-11-15,2026-07-15,488,active
BAT05296,DC006,MED002,0.0,2026-07-16,2027-11-16,2026-07-16,488,active
BAT05297,DC005,MED003,0.0,2026-07-15,2027-05-03,2026-07-15,292,active
BAT05298,DC007,MED003,0.0,2026-07-13,2027-05-01,2026-07-13,292,active
BAT05299,DC006,MED004,0.0,2026-07-16,2028-01-04,2026-07-16,537,active
BAT05300,DC003,MED005,0.0,2026-07-12,2027-03-01,2026-07-12,232,active
BAT05301,DC007,MED007,0.0,2026-07-13,2027-06-08,2026-07-13,330,active
BAT05302,DC002,MED008,0.0,2026-07-12,2027-06-05,2026-07-12,328,active
BAT05303,DC007,MED008,0.0,2026-07-13,2027-06-06,2026-07-13,328,active
BAT05304,DC001,MED009,0.0,2026-07-13,2027-07-14,2026-07-13,366,active
BAT05305,DC003,MED009,0.0,2026-07-12,2027-07-13,2026-07-12,366,active
BAT05306,DC005,MED009,0.0,2026-07-15,2027-07-16,2026-07-15,366,active
BAT05307,DC005,MED011,0.0,2026-07-15,2027-05-29,2026-07-15,318,active
BAT05308,DC005,MED012,0.0,2026-07-15,2027-01-27,2026-07-15,196,active
BAT05309,DC008,MED012,158.56999999999985,2026-07-14,2027-01-26,2026-07-14,196,active
BAT05310,DC007,MED013,0.0,2026-07-13,2027-06-19,2026-07-13,341,active
BAT05311,DC008,MED016,0.0,2026-07-14,2027-02-25,2026-07-14,226,active
BAT05312,DC007,MED017,0.0,2026-07-13,2027-11-10,2026-07-13,485,active
BAT05313,DC001,MED019,0.0,2026-07-13,2027-12-03,2026-07-13,508,active
BAT05314,DC008,MED019,0.0,2026-07-14,2027-12-04,2026-07-14,508,active
BAT05315,DC004,MED022,0.0,2026-07-14,2027-10-08,2026-07-14,451,active
BAT05316,DC003,MED025,0.0,2026-07-12,2027-10-16,2026-07-12,461,active
BAT05317,DC003,MED026,0.0,2026-07-12,2027-10-11,2026-07-12,456,active
BAT05318,DC005,MED026,0.0,2026-07-15,2027-10-14,2026-07-15,456,active
BAT05319,DC003,MED027,0.0,2026-07-12,2027-09-29,2026-07-12,444,active
BAT05320,DC007,MED027,0.0,2026-07-13,2027-09-30,2026-07-13,444,active
BAT05321,DC008,MED028,0.0,2026-07-14,2027-10-20,2026-07-14,463,active
BAT05322,DC002,MED030,0.0,2026-07-12,2027-04-27,2026-07-12,289,active
BAT05323,DC006,MED030,0.0,2026-07-16,2027-05-01,2026-07-16,289,active
BAT05324,DC006,MED031,0.0,2026-07-16,2027-03-01,2026-07-16,228,active
BAT05325,DC002,MED035,0.0,2026-07-12,2027-02-02,2026-07-12,205,active
BAT05326,DC006,MED035,0.0,2026-07-16,2027-02-06,2026-07-16,205,active
BAT05327,DC005,MED036,0.0,2026-07-15,2027-09-16,2026-07-15,428,active
BAT05328,DC002,MED038,0.0,2026-07-12,2027-12-30,2026-07-12,536,active
BAT05329,DC004,MED038,0.0,2026-07-14,2028-01-01,2026-07-14,536,active
BAT05330,DC001,MED039,0.0,2026-07-13,2027-10-13,2026-07-13,457,active
BAT05331,DC005,MED039,0.0,2026-07-15,2027-10-15,2026-07-15,457,active
BAT05332,DC003,MED040,0.0,2026-07-12,2027-10-06,2026-07-12,451,active
BAT05333,DC001,MED003,0.0,2026-07-14,2027-05-02,2026-07-14,292,active
BAT05334,DC004,MED004,0.0,2026-07-15,2028-01-03,2026-07-15,537,active
BAT05335,DC007,MED004,0.0,2026-07-14,2028-01-02,2026-07-14,537,active
BAT05336,DC002,MED006,0.0,2026-07-13,2027-01-31,2026-07-13,202,active
BAT05337,DC007,MED006,0.0,2026-07-14,2027-02-01,2026-07-14,202,active
BAT05338,DC001,MED008,0.0,2026-07-14,2027-06-07,2026-07-14,328,active
BAT05339,DC003,MED011,0.0,2026-07-13,2027-05-27,2026-07-13,318,active
BAT05340,DC006,MED011,0.0,2026-07-17,2027-05-31,2026-07-17,318,active
BAT05341,DC007,MED011,0.0,2026-07-14,2027-05-28,2026-07-14,318,active
BAT05342,DC001,MED012,0.0,2026-07-14,2027-01-26,2026-07-14,196,active
BAT05343,DC001,MED013,0.0,2026-07-14,2027-06-20,2026-07-14,341,active
BAT05344,DC002,MED014,0.0,2026-07-13,2027-05-24,2026-07-13,315,active
BAT05345,DC001,MED015,0.0,2026-07-14,2027-08-17,2026-07-14,399,active
BAT05346,DC006,MED015,0.0,2026-07-17,2027-08-20,2026-07-17,399,active
BAT05347,DC006,MED017,0.0,2026-07-17,2027-11-14,2026-07-17,485,active
BAT05348,DC002,MED018,0.0,2026-07-13,2027-10-19,2026-07-13,463,active
BAT05349,DC005,MED020,0.0,2026-07-16,2027-05-26,2026-07-16,314,active
BAT05350,DC002,MED022,0.0,2026-07-13,2027-10-07,2026-07-13,451,active
BAT05351,DC001,MED026,0.0,2026-07-14,2027-10-13,2026-07-14,456,active
BAT05352,DC002,MED027,0.0,2026-07-13,2027-09-30,2026-07-13,444,active
BAT05353,DC001,MED028,0.0,2026-07-14,2027-10-20,2026-07-14,463,active
BAT05354,DC007,MED031,0.0,2026-07-14,2027-02-27,2026-07-14,228,active
BAT05355,DC001,MED033,0.0,2026-07-14,2027-05-17,2026-07-14,307,active
BAT05356,DC006,MED033,0.0,2026-07-17,2027-05-20,2026-07-17,307,active
BAT05357,DC008,MED033,0.0,2026-07-15,2027-05-18,2026-07-15,307,active
BAT05358,DC003,MED035,0.0,2026-07-13,2027-02-03,2026-07-13,205,active
BAT05359,DC001,MED036,0.0,2026-07-14,2027-09-15,2026-07-14,428,active
BAT05360,DC002,MED036,0.0,2026-07-13,2027-09-14,2026-07-13,428,active
BAT05361,DC004,MED037,0.0,2026-07-15,2027-01-12,2026-07-15,181,active
BAT05362,DC007,MED038,0.0,2026-07-14,2028-01-01,2026-07-14,536,active
BAT05363,DC001,MED040,0.0,2026-07-14,2027-10-08,2026-07-14,451,active
BAT05364,DC007,MED040,0.0,2026-07-14,2027-10-08,2026-07-14,451,active
BAT05365,DC004,MED001,0.0,2026-07-16,2027-03-05,2026-07-16,232,active
BAT05366,DC002,MED003,0.0,2026-07-14,2027-05-02,2026-07-14,292,active
BAT05367,DC004,MED003,0.0,2026-07-16,2027-05-04,2026-07-16,292,active
BAT05368,DC002,MED004,0.0,2026-07-14,2028-01-02,2026-07-14,537,active
BAT05369,DC003,MED004,0.0,2026-07-14,2028-01-02,2026-07-14,537,active
BAT05370,DC003,MED006,0.0,2026-07-14,2027-02-01,2026-07-14,202,active
BAT05371,DC008,MED006,0.0,2026-07-16,2027-02-03,2026-07-16,202,active
BAT05372,DC001,MED011,0.0,2026-07-15,2027-05-29,2026-07-15,318,active
BAT05373,DC002,MED011,0.0,2026-07-14,2027-05-28,2026-07-14,318,active
BAT05374,DC008,MED011,0.0,2026-07-16,2027-05-30,2026-07-16,318,active
BAT05375,DC002,MED015,0.0,2026-07-14,2027-08-17,2026-07-14,399,active
BAT05376,DC005,MED015,0.0,2026-07-17,2027-08-20,2026-07-17,399,active
BAT05377,DC007,MED015,0.0,2026-07-15,2027-08-18,2026-07-15,399,active
BAT05378,DC006,MED016,0.0,2026-07-18,2027-03-01,2026-07-18,226,active
BAT05379,DC008,MED017,0.0,2026-07-16,2027-11-13,2026-07-16,485,active
BAT05380,DC003,MED018,0.0,2026-07-14,2027-10-20,2026-07-14,463,active
BAT05381,DC005,MED018,0.0,2026-07-17,2027-10-23,2026-07-17,463,active
BAT05382,DC007,MED018,0.0,2026-07-15,2027-10-21,2026-07-15,463,active
BAT05383,DC004,MED020,0.0,2026-07-16,2027-05-26,2026-07-16,314,active
BAT05384,DC003,MED022,0.0,2026-07-14,2027-10-08,2026-07-14,451,active
BAT05385,DC005,MED022,0.0,2026-07-17,2027-10-11,2026-07-17,451,active
BAT05386,DC001,MED024,0.0,2026-07-15,2027-09-16,2026-07-15,428,active
BAT05387,DC003,MED024,0.0,2026-07-14,2027-09-15,2026-07-14,428,active
BAT05388,DC002,MED025,0.0,2026-07-14,2027-10-18,2026-07-14,461,active
BAT05389,DC007,MED025,0.0,2026-07-15,2027-10-19,2026-07-15,461,active
BAT05390,DC004,MED026,0.0,2026-07-16,2027-10-15,2026-07-16,456,active
BAT05391,DC006,MED027,0.0,2026-07-18,2027-10-05,2026-07-18,444,active
BAT05392,DC004,MED028,0.0,2026-07-16,2027-10-22,2026-07-16,463,active
BAT05393,DC006,MED028,0.0,2026-07-18,2027-10-24,2026-07-18,463,active
BAT05394,DC007,MED028,0.0,2026-07-15,2027-10-21,2026-07-15,463,active
BAT05395,DC002,MED029,0.0,2026-07-14,2027-02-13,2026-07-14,214,active
BAT05396,DC003,MED029,0.0,2026-07-14,2027-02-13,2026-07-14,214,active
BAT05397,DC006,MED029,0.0,2026-07-18,2027-02-17,2026-07-18,214,active
BAT05398,DC005,MED031,0.0,2026-07-17,2027-03-02,2026-07-17,228,active
BAT05399,DC002,MED032,0.0,2026-07-14,2027-02-06,2026-07-14,207,active
BAT05400,DC004,MED036,0.0,2026-07-16,2027-09-17,2026-07-16,428,active
BAT05401,DC002,MED037,0.0,2026-07-14,2027-01-11,2026-07-14,181,active
BAT05402,DC004,MED039,0.0,2026-07-16,2027-10-16,2026-07-16,457,active
BAT05403,DC006,MED001,0.0,2026-07-19,2027-03-08,2026-07-19,232,active
BAT05404,DC007,MED001,0.0,2026-07-16,2027-03-05,2026-07-16,232,active
BAT05405,DC008,MED002,0.0,2026-07-17,2027-11-17,2026-07-17,488,active
BAT05406,DC005,MED005,0.0,2026-07-18,2027-03-07,2026-07-18,232,active
BAT05407,DC003,MED012,0.0,2026-07-15,2027-01-27,2026-07-15,196,active
BAT05408,DC006,MED012,0.0,2026-07-19,2027-01-31,2026-07-19,196,active
BAT05409,DC002,MED013,0.0,2026-07-15,2027-06-21,2026-07-15,341,active
BAT05410,DC003,MED017,0.0,2026-07-15,2027-11-12,2026-07-15,485,active
BAT05411,DC002,MED019,0.0,2026-07-15,2027-12-05,2026-07-15,508,active
BAT05412,DC001,MED020,0.0,2026-07-16,2027-05-26,2026-07-16,314,active
BAT05413,DC001,MED021,0.0,2026-07-16,2027-12-05,2026-07-16,507,active
BAT05414,DC004,MED021,0.0,2026-07-17,2027-12-06,2026-07-17,507,active
BAT05415,DC008,MED023,0.0,2026-07-17,2027-06-19,2026-07-17,337,active
BAT05416,DC008,MED024,0.0,2026-07-17,2027-09-18,2026-07-17,428,active
BAT05417,DC005,MED025,0.0,2026-07-18,2027-10-22,2026-07-18,461,active
BAT05418,DC008,MED027,0.0,2026-07-17,2027-10-04,2026-07-17,444,active
BAT05419,DC001,MED029,0.0,2026-07-16,2027-02-15,2026-07-16,214,active
BAT05420,DC001,MED031,0.0,2026-07-16,2027-03-01,2026-07-16,228,active
BAT05421,DC002,MED031,0.0,2026-07-15,2027-02-28,2026-07-15,228,active
BAT05422,DC007,MED032,0.0,2026-07-16,2027-02-08,2026-07-16,207,active
BAT05423,DC007,MED036,0.0,2026-07-16,2027-09-17,2026-07-16,428,active
BAT05424,DC002,MED039,0.0,2026-07-15,2027-10-15,2026-07-15,457,active
BAT05425,DC002,MED001,0.0,2026-07-16,2027-03-05,2026-07-16,232,active
BAT05426,DC006,MED003,0.0,2026-07-20,2027-05-08,2026-07-20,292,active
BAT05427,DC004,MED005,0.0,2026-07-18,2027-03-07,2026-07-18,232,active
BAT05428,DC004,MED006,0.0,2026-07-18,2027-02-05,2026-07-18,202,active
BAT05429,DC003,MED007,0.0,2026-07-16,2027-06-11,2026-07-16,330,active
BAT05430,DC008,MED007,0.0,2026-07-18,2027-06-13,2026-07-18,330,active
BAT05431,DC002,MED009,0.0,2026-07-16,2027-07-17,2026-07-16,366,active
BAT05432,DC003,MED010,0.0,2026-07-16,2027-12-27,2026-07-16,529,active
BAT05433,DC003,MED013,0.0,2026-07-16,2027-06-22,2026-07-16,341,active
BAT05434,DC001,MED014,0.0,2026-07-17,2027-05-28,2026-07-17,315,active
BAT05435,DC008,MED014,0.0,2026-07-18,2027-05-29,2026-07-18,315,active
BAT05436,DC004,MED018,0.0,2026-07-18,2027-10-24,2026-07-18,463,active
BAT05437,DC007,MED020,0.0,2026-07-17,2027-05-27,2026-07-17,314,active
BAT05438,DC001,MED022,0.0,2026-07-17,2027-10-11,2026-07-17,451,active
BAT05439,DC002,MED024,0.0,2026-07-16,2027-09-17,2026-07-16,428,active
BAT05440,DC005,MED024,0.0,2026-07-19,2027-09-20,2026-07-19,428,active
BAT05441,DC006,MED024,0.0,2026-07-20,2027-09-21,2026-07-20,428,active
BAT05442,DC007,MED024,0.0,2026-07-17,2027-09-18,2026-07-17,428,active
BAT05443,DC008,MED032,0.0,2026-07-18,2027-02-10,2026-07-18,207,active
BAT05444,DC004,MED033,0.0,2026-07-18,2027-05-21,2026-07-18,307,active
BAT05445,DC001,MED034,0.0,2026-07-17,2027-09-06,2026-07-17,416,active
BAT05446,DC005,MED034,0.0,2026-07-19,2027-09-08,2026-07-19,416,active
BAT05447,DC007,MED035,0.0,2026-07-17,2027-02-07,2026-07-17,205,active
BAT05448,DC001,MED037,0.0,2026-07-17,2027-01-14,2026-07-17,181,active
BAT05449,DC005,MED038,0.0,2026-07-19,2028-01-06,2026-07-19,536,active
BAT05450,DC008,MED038,0.0,2026-07-18,2028-01-05,2026-07-18,536,active
BAT05451,DC001,MED001,0.0,2026-07-18,2027-03-07,2026-07-18,232,active
BAT05452,DC005,MED001,0.0,2026-07-20,2027-03-09,2026-07-20,232,active
BAT05453,DC003,MED002,0.0,2026-07-17,2027-11-17,2026-07-17,488,active
BAT05454,DC004,MED002,0.0,2026-07-19,2027-11-19,2026-07-19,488,active
BAT05455,DC003,MED003,0.0,2026-07-17,2027-05-05,2026-07-17,292,active
BAT05456,DC008,MED003,0.0,2026-07-19,2027-05-07,2026-07-19,292,active
BAT05457,DC008,MED004,0.0,2026-07-19,2028-01-07,2026-07-19,537,active
BAT05458,DC005,MED006,0.0,2026-07-20,2027-02-07,2026-07-20,202,active
BAT05459,DC005,MED008,0.0,2026-07-20,2027-06-13,2026-07-20,328,active
BAT05460,DC007,MED009,0.0,2026-07-18,2027-07-19,2026-07-18,366,active
BAT05461,DC002,MED010,0.0,2026-07-17,2027-12-28,2026-07-17,529,active
BAT05462,DC008,MED010,0.0,2026-07-19,2027-12-30,2026-07-19,529,active
BAT05463,DC004,MED011,0.0,2026-07-19,2027-06-02,2026-07-19,318,active
BAT05464,DC005,MED013,0.0,2026-07-20,2027-06-26,2026-07-20,341,active
BAT05465,DC001,MED016,0.0,2026-07-18,2027-03-01,2026-07-18,226,active
BAT05466,DC002,MED017,0.0,2026-07-17,2027-11-14,2026-07-17,485,active
BAT05467,DC004,MED017,0.0,2026-07-19,2027-11-16,2026-07-19,485,active
BAT05468,DC001,MED018,0.0,2026-07-18,2027-10-24,2026-07-18,463,active
BAT05469,DC006,MED018,0.0,2026-07-21,2027-10-27,2026-07-21,463,active
BAT05470,DC003,MED019,0.0,2026-07-17,2027-12-07,2026-07-17,508,active
BAT05471,DC004,MED019,0.0,2026-07-19,2027-12-09,2026-07-19,508,active
BAT05472,DC005,MED019,0.0,2026-07-20,2027-12-10,2026-07-20,508,active
BAT05473,DC006,MED019,0.0,2026-07-21,2027-12-11,2026-07-21,508,active
BAT05474,DC002,MED020,0.0,2026-07-17,2027-05-27,2026-07-17,314,active
BAT05475,DC003,MED020,0.0,2026-07-17,2027-05-27,2026-07-17,314,active
BAT05476,DC007,MED022,0.0,2026-07-18,2027-10-12,2026-07-18,451,active
BAT05477,DC008,MED022,0.0,2026-07-19,2027-10-13,2026-07-19,451,active
BAT05478,DC001,MED023,0.0,2026-07-18,2027-06-20,2026-07-18,337,active
BAT05479,DC001,MED027,0.0,2026-07-18,2027-10-05,2026-07-18,444,active
BAT05480,DC005,MED027,0.0,2026-07-20,2027-10-07,2026-07-20,444,active
BAT05481,DC003,MED028,0.0,2026-07-17,2027-10-23,2026-07-17,463,active
BAT05482,DC005,MED028,0.0,2026-07-20,2027-10-26,2026-07-20,463,active
BAT05483,DC007,MED029,0.0,2026-07-18,2027-02-17,2026-07-18,214,active
BAT05484,DC004,MED032,0.0,2026-07-19,2027-02-11,2026-07-19,207,active
BAT05485,DC007,MED033,0.0,2026-07-18,2027-05-21,2026-07-18,307,active
BAT05486,DC002,MED034,0.0,2026-07-17,2027-09-06,2026-07-17,416,active
BAT05487,DC006,MED034,0.0,2026-07-21,2027-09-10,2026-07-21,416,active
BAT05488,DC007,MED034,0.0,2026-07-18,2027-09-07,2026-07-18,416,active
BAT05489,DC008,MED034,0.0,2026-07-19,2027-09-08,2026-07-19,416,active
BAT05490,DC008,MED035,0.0,2026-07-19,2027-02-09,2026-07-19,205,active
BAT05491,DC008,MED036,0.0,2026-07-19,2027-09-20,2026-07-19,428,active
BAT05492,DC003,MED039,0.0,2026-07-17,2027-10-17,2026-07-17,457,active
BAT05493,DC007,MED039,0.0,2026-07-18,2027-10-18,2026-07-18,457,active
BAT05494,DC003,MED001,0.0,2026-07-18,2027-03-07,2026-07-18,232,active
BAT05495,DC008,MED001,0.0,2026-07-20,2027-03-09,2026-07-20,232,active
BAT05496,DC002,MED002,0.0,2026-07-18,2027-11-18,2026-07-18,488,active
BAT05497,DC001,MED004,0.0,2026-07-19,2028-01-07,2026-07-19,537,active
BAT05498,DC001,MED005,0.0,2026-07-19,2027-03-08,2026-07-19,232,active
BAT05499,DC007,MED005,0.0,2026-07-19,2027-03-08,2026-07-19,232,active
BAT05500,DC001,MED006,0.0,2026-07-19,2027-02-06,2026-07-19,202,active
BAT05501,DC001,MED007,0.0,2026-07-19,2027-06-14,2026-07-19,330,active
BAT05502,DC002,MED007,0.0,2026-07-18,2027-06-13,2026-07-18,330,active
BAT05503,DC004,MED007,0.0,2026-07-20,2027-06-15,2026-07-20,330,active
BAT05504,DC005,MED007,0.0,2026-07-21,2027-06-16,2026-07-21,330,active
BAT05505,DC008,MED008,0.0,2026-07-20,2027-06-13,2026-07-20,328,active
BAT05506,DC004,MED009,0.0,2026-07-20,2027-07-21,2026-07-20,366,active
BAT05507,DC002,MED012,0.0,2026-07-18,2027-01-30,2026-07-18,196,active
BAT05508,DC004,MED013,0.0,2026-07-20,2027-06-26,2026-07-20,341,active
BAT05509,DC004,MED014,0.0,2026-07-20,2027-05-31,2026-07-20,315,active
BAT05510,DC007,MED016,0.0,2026-07-19,2027-03-02,2026-07-19,226,active
BAT05511,DC001,MED017,0.0,2026-07-19,2027-11-16,2026-07-19,485,active
BAT05512,DC005,MED017,0.0,2026-07-21,2027-11-18,2026-07-21,485,active
BAT05513,DC007,MED017,0.0,2026-07-19,2027-11-16,2026-07-19,485,active
BAT05514,DC008,MED020,0.0,2026-07-20,2027-05-30,2026-07-20,314,active
BAT05515,DC007,MED021,0.0,2026-07-19,2027-12-08,2026-07-19,507,active
BAT05516,DC008,MED021,0.0,2026-07-20,2027-12-09,2026-07-20,507,active
BAT05517,DC006,MED022,0.0,2026-07-22,2027-10-16,2026-07-22,451,active
BAT05518,DC002,MED023,0.0,2026-07-18,2027-06-20,2026-07-18,337,active
BAT05519,DC007,MED023,0.0,2026-07-19,2027-06-21,2026-07-19,337,active
BAT05520,DC004,MED025,0.0,2026-07-20,2027-10-24,2026-07-20,461,active
BAT05521,DC006,MED026,0.0,2026-07-22,2027-10-21,2026-07-22,456,active
BAT05522,DC002,MED028,0.0,2026-07-18,2027-10-24,2026-07-18,463,active
BAT05523,DC008,MED028,0.0,2026-07-20,2027-10-26,2026-07-20,463,active
BAT05524,DC004,MED029,0.0,2026-07-20,2027-02-19,2026-07-20,214,active
BAT05525,DC008,MED029,0.0,2026-07-20,2027-02-19,2026-07-20,214,active
BAT05526,DC003,MED031,0.0,2026-07-18,2027-03-03,2026-07-18,228,active
BAT05527,DC003,MED032,0.0,2026-07-18,2027-02-10,2026-07-18,207,active
BAT05528,DC006,MED032,0.0,2026-07-22,2027-02-14,2026-07-22,207,active
BAT05529,DC005,MED033,0.0,2026-07-21,2027-05-24,2026-07-21,307,active
BAT05530,DC004,MED034,0.0,2026-07-20,2027-09-09,2026-07-20,416,active
BAT05531,DC001,MED035,0.0,2026-07-19,2027-02-09,2026-07-19,205,active
BAT05532,DC004,MED035,0.0,2026-07-20,2027-02-10,2026-07-20,205,active
BAT05533,DC005,MED035,0.0,2026-07-21,2027-02-11,2026-07-21,205,active
BAT05534,DC003,MED036,0.0,2026-07-18,2027-09-19,2026-07-18,428,active
BAT05535,DC006,MED036,0.0,2026-07-22,2027-09-23,2026-07-22,428,active
BAT05536,DC005,MED037,0.0,2026-07-21,2027-01-18,2026-07-21,181,active
BAT05537,DC008,MED039,0.0,2026-07-20,2027-10-20,2026-07-20,457,active
BAT05538,DC008,MED040,0.0,2026-07-20,2027-10-14,2026-07-20,451,active
BAT05539,DC005,MED004,0.0,2026-07-22,2028-01-10,2026-07-22,537,active
BAT05540,DC006,MED005,127.28000000000026,2026-07-23,2027-03-12,2026-07-23,232,active
BAT05541,DC006,MED006,0.0,2026-07-23,2027-02-10,2026-07-23,202,active
BAT05542,DC004,MED008,0.0,2026-07-21,2027-06-14,2026-07-21,328,active
BAT05543,DC004,MED010,0.0,2026-07-21,2028-01-01,2026-07-21,529,active
BAT05544,DC005,MED011,0.0,2026-07-22,2027-06-05,2026-07-22,318,active
BAT05545,DC004,MED012,0.0,2026-07-21,2027-02-02,2026-07-21,196,active
BAT05546,DC003,MED014,0.0,2026-07-19,2027-05-30,2026-07-19,315,active
BAT05547,DC005,MED014,0.0,2026-07-22,2027-06-02,2026-07-22,315,active
BAT05548,DC003,MED015,0.0,2026-07-19,2027-08-22,2026-07-19,399,active
BAT05549,DC008,MED015,0.0,2026-07-21,2027-08-24,2026-07-21,399,active
BAT05550,DC001,MED019,0.0,2026-07-20,2027-12-10,2026-07-20,508,active
BAT05551,DC007,MED019,0.0,2026-07-20,2027-12-10,2026-07-20,508,active
BAT05552,DC006,MED020,0.0,2026-07-23,2027-06-02,2026-07-23,314,active
BAT05553,DC005,MED021,0.0,2026-07-22,2027-12-11,2026-07-22,507,active
BAT05554,DC006,MED021,0.0,2026-07-23,2027-12-12,2026-07-23,507,active
BAT05555,DC001,MED025,0.0,2026-07-20,2027-10-24,2026-07-20,461,active
BAT05556,DC008,MED025,0.0,2026-07-21,2027-10-25,2026-07-21,461,active
BAT05557,DC002,MED026,0.0,2026-07-19,2027-10-18,2026-07-19,456,active
BAT05558,DC001,MED030,0.0,2026-07-20,2027-05-05,2026-07-20,289,active
BAT05559,DC008,MED031,0.0,2026-07-21,2027-03-06,2026-07-21,228,active
BAT05560,DC005,MED032,0.0,2026-07-22,2027-02-14,2026-07-22,207,active
BAT05561,DC003,MED034,0.0,2026-07-19,2027-09-08,2026-07-19,416,active
BAT05562,DC003,MED037,0.0,2026-07-19,2027-01-16,2026-07-19,181,active
BAT05563,DC006,MED037,0.0,2026-07-23,2027-01-20,2026-07-23,181,active
BAT05564,DC001,MED039,0.0,2026-07-20,2027-10-20,2026-07-20,457,active
BAT05565,DC006,MED039,0.0,2026-07-23,2027-10-23,2026-07-23,457,active
BAT05566,DC005,MED040,0.0,2026-07-22,2027-10-16,2026-07-22,451,active
BAT05567,DC001,MED002,0.0,2026-07-21,2027-11-21,2026-07-21,488,active
BAT05568,DC007,MED002,0.0,2026-07-21,2027-11-21,2026-07-21,488,active
BAT05569,DC004,MED004,0.0,2026-07-22,2028-01-10,2026-07-22,537,active
BAT05570,DC002,MED005,27.94000000000014,2026-07-20,2027-03-09,2026-07-20,232,active
BAT05571,DC002,MED008,0.0,2026-07-20,2027-06-13,2026-07-20,328,active
BAT05572,DC003,MED008,0.0,2026-07-20,2027-06-13,2026-07-20,328,active
BAT05573,DC003,MED009,0.0,2026-07-20,2027-07-21,2026-07-20,366,active
BAT05574,DC006,MED009,0.0,2026-07-24,2027-07-25,2026-07-24,366,active
BAT05575,DC008,MED009,0.0,2026-07-22,2027-07-23,2026-07-22,366,active
BAT05576,DC006,MED010,104.82999999999984,2026-07-24,2028-01-04,2026-07-24,529,active
BAT05577,DC003,MED011,0.0,2026-07-20,2027-06-03,2026-07-20,318,active
BAT05578,DC006,MED013,0.0,2026-07-24,2027-06-30,2026-07-24,341,active
BAT05579,DC007,MED013,0.0,2026-07-21,2027-06-27,2026-07-21,341,active
BAT05580,DC008,MED013,0.0,2026-07-22,2027-06-28,2026-07-22,341,active
BAT05581,DC006,MED014,0.0,2026-07-24,2027-06-04,2026-07-24,315,active
BAT05582,DC007,MED014,0.0,2026-07-21,2027-06-01,2026-07-21,315,active
BAT05583,DC008,MED018,0.0,2026-07-22,2027-10-28,2026-07-22,463,active
BAT05584,DC005,MED020,0.0,2026-07-23,2027-06-02,2026-07-23,314,active
BAT05585,DC002,MED021,0.0,2026-07-20,2027-12-09,2026-07-20,507,active
BAT05586,DC004,MED022,0.0,2026-07-22,2027-10-16,2026-07-22,451,active
BAT05587,DC004,MED024,0.0,2026-07-22,2027-09-23,2026-07-22,428,active
BAT05588,DC006,MED025,0.0,2026-07-24,2027-10-28,2026-07-24,461,active
BAT05589,DC001,MED028,0.0,2026-07-21,2027-10-27,2026-07-21,463,active
BAT05590,DC005,MED029,0.0,2026-07-23,2027-02-22,2026-07-23,214,active
BAT05591,DC003,MED030,0.0,2026-07-20,2027-05-05,2026-07-20,289,active
BAT05592,DC004,MED030,0.0,2026-07-22,2027-05-07,2026-07-22,289,active
BAT05593,DC005,MED030,0.0,2026-07-23,2027-05-08,2026-07-23,289,active
BAT05594,DC001,MED032,0.0,2026-07-21,2027-02-13,2026-07-21,207,active
BAT05595,DC003,MED033,0.0,2026-07-20,2027-05-23,2026-07-20,307,active
BAT05596,DC002,MED035,0.0,2026-07-20,2027-02-10,2026-07-20,205,active
BAT05597,DC006,MED035,0.0,2026-07-24,2027-02-14,2026-07-24,205,active
BAT05598,DC005,MED036,0.0,2026-07-23,2027-09-24,2026-07-23,428,active
BAT05599,DC007,MED037,0.0,2026-07-21,2027-01-18,2026-07-21,181,active
BAT05600,DC005,MED039,0.0,2026-07-23,2027-10-23,2026-07-23,457,active
BAT05601,DC004,MED001,0.0,2026-07-23,2027-03-12,2026-07-23,232,active
BAT05602,DC005,MED002,0.0,2026-07-24,2027-11-24,2026-07-24,488,active
BAT05603,DC006,MED002,0.0,2026-07-25,2027-11-25,2026-07-25,488,active
BAT05604,DC005,MED003,0.0,2026-07-24,2027-05-12,2026-07-24,292,active
BAT05605,DC007,MED007,0.0,2026-07-22,2027-06-17,2026-07-22,330,active
BAT05606,DC006,MED008,0.0,2026-07-25,2027-06-18,2026-07-25,328,active
BAT05607,DC007,MED008,0.0,2026-07-22,2027-06-15,2026-07-22,328,active
BAT05608,DC001,MED009,0.0,2026-07-22,2027-07-23,2026-07-22,366,active
BAT05609,DC005,MED010,115.54,2026-07-24,2028-01-04,2026-07-24,529,active
BAT05610,DC001,MED011,0.0,2026-07-22,2027-06-05,2026-07-22,318,active
BAT05611,DC006,MED011,0.0,2026-07-25,2027-06-08,2026-07-25,318,active
BAT05612,DC007,MED011,0.0,2026-07-22,2027-06-05,2026-07-22,318,active
BAT05613,DC001,MED013,0.0,2026-07-22,2027-06-28,2026-07-22,341,active
BAT05614,DC004,MED015,0.0,2026-07-23,2027-08-26,2026-07-23,399,active
BAT05615,DC003,MED016,0.0,2026-07-21,2027-03-04,2026-07-21,226,active
BAT05616,DC005,MED016,12.729999999999803,2026-07-24,2027-03-07,2026-07-24,226,active
BAT05617,DC006,MED017,0.0,2026-07-25,2027-11-22,2026-07-25,485,active
BAT05618,DC008,MED017,0.0,2026-07-23,2027-11-20,2026-07-23,485,active
BAT05619,DC008,MED019,0.0,2026-07-23,2027-12-13,2026-07-23,508,active
BAT05620,DC004,MED020,0.0,2026-07-23,2027-06-02,2026-07-23,314,active
BAT05621,DC003,MED021,0.0,2026-07-21,2027-12-10,2026-07-21,507,active
BAT05622,DC002,MED022,0.0,2026-07-21,2027-10-15,2026-07-21,451,active
BAT05623,DC007,MED026,0.0,2026-07-22,2027-10-21,2026-07-22,456,active
BAT05624,DC008,MED026,0.0,2026-07-23,2027-10-22,2026-07-23,456,active
BAT05625,DC004,MED027,0.0,2026-07-23,2027-10-10,2026-07-23,444,active
BAT05626,DC004,MED028,0.0,2026-07-23,2027-10-29,2026-07-23,463,active
BAT05627,DC007,MED030,0.0,2026-07-22,2027-05-07,2026-07-22,289,active
BAT05628,DC008,MED030,107.64000000000004,2026-07-23,2027-05-08,2026-07-23,289,active
BAT05629,DC004,MED031,0.0,2026-07-23,2027-03-08,2026-07-23,228,active
BAT05630,DC005,MED031,0.0,2026-07-24,2027-03-09,2026-07-24,228,active
BAT05631,DC002,MED033,0.0,2026-07-21,2027-05-24,2026-07-21,307,active
BAT05632,DC003,MED035,0.0,2026-07-21,2027-02-11,2026-07-21,205,active
BAT05633,DC001,MED036,0.0,2026-07-22,2027-09-23,2026-07-22,428,active
BAT05634,DC007,MED036,0.0,2026-07-22,2027-09-23,2026-07-22,428,active
BAT05635,DC008,MED037,0.0,2026-07-23,2027-01-20,2026-07-23,181,active
BAT05636,DC003,MED038,0.0,2026-07-21,2028-01-08,2026-07-21,536,active
BAT05637,DC006,MED038,0.0,2026-07-25,2028-01-12,2026-07-25,536,active
BAT05638,DC004,MED040,89.26999999999991,2026-07-23,2027-10-17,2026-07-23,451,active
BAT05639,DC002,MED001,0.0,2026-07-22,2027-03-11,2026-07-22,232,active
BAT05640,DC007,MED001,0.0,2026-07-23,2027-03-12,2026-07-23,232,active
BAT05641,DC003,MED006,0.0,2026-07-22,2027-02-09,2026-07-22,202,active
BAT05642,DC006,MED007,0.0,2026-07-26,2027-06-21,2026-07-26,330,active
BAT05643,DC001,MED008,0.0,2026-07-23,2027-06-16,2026-07-23,328,active
BAT05644,DC005,MED009,0.0,2026-07-25,2027-07-26,2026-07-25,366,active
BAT05645,DC008,MED011,0.0,2026-07-24,2027-06-07,2026-07-24,318,active
BAT05646,DC001,MED015,0.0,2026-07-23,2027-08-26,2026-07-23,399,active
BAT05647,DC003,MED018,0.0,2026-07-22,2027-10-28,2026-07-22,463,active
BAT05648,DC001,MED020,0.0,2026-07-23,2027-06-02,2026-07-23,314,active
BAT05649,DC003,MED022,0.0,2026-07-22,2027-10-16,2026-07-22,451,active
BAT05650,DC005,MED022,0.0,2026-07-25,2027-10-19,2026-07-25,451,active
BAT05651,DC003,MED026,0.0,2026-07-22,2027-10-21,2026-07-22,456,active
BAT05652,DC007,MED027,0.0,2026-07-23,2027-10-10,2026-07-23,444,active
BAT05653,DC006,MED028,0.0,2026-07-26,2027-11-01,2026-07-26,463,active
BAT05654,DC006,MED030,160.99000000000015,2026-07-26,2027-05-11,2026-07-26,289,active
BAT05655,DC006,MED031,61.09999999999979,2026-07-26,2027-03-11,2026-07-26,228,active
BAT05656,DC008,MED033,0.0,2026-07-24,2027-05-27,2026-07-24,307,active
BAT05657,DC004,MED036,0.0,2026-07-24,2027-09-25,2026-07-24,428,active
BAT05658,DC001,MED038,0.0,2026-07-23,2028-01-10,2026-07-23,536,active
BAT05659,DC002,MED039,0.0,2026-07-22,2027-10-22,2026-07-22,457,active
BAT05660,DC004,MED039,0.0,2026-07-24,2027-10-24,2026-07-24,457,active
BAT05661,DC006,MED040,96.17000000000004,2026-07-26,2027-10-20,2026-07-26,451,active
BAT05662,DC006,MED001,0.0,2026-07-27,2027-03-16,2026-07-27,232,active
BAT05663,DC001,MED003,0.0,2026-07-24,2027-05-12,2026-07-24,292,active
BAT05664,DC002,MED003,0.0,2026-07-23,2027-05-11,2026-07-23,292,active
BAT05665,DC007,MED003,0.0,2026-07-24,2027-05-12,2026-07-24,292,active
BAT05666,DC006,MED004,68.78000000000048,2026-07-27,2028-01-15,2026-07-27,537,active
BAT05667,DC003,MED005,0.0,2026-07-23,2027-03-12,2026-07-23,232,active
BAT05668,DC008,MED005,43.07999999999986,2026-07-25,2027-03-14,2026-07-25,232,active
BAT05669,DC002,MED011,0.0,2026-07-23,2027-06-06,2026-07-23,318,active
BAT05670,DC005,MED012,380.7599999999994,2026-07-26,2027-02-07,2026-07-26,196,active
BAT05671,DC002,MED014,0.0,2026-07-23,2027-06-03,2026-07-23,315,active
BAT05672,DC002,MED015,0.0,2026-07-23,2027-08-26,2026-07-23,399,active
BAT05673,DC007,MED015,0.0,2026-07-24,2027-08-27,2026-07-24,399,active
BAT05674,DC004,MED016,0.0,2026-07-25,2027-03-08,2026-07-25,226,active
BAT05675,DC003,MED017,0.0,2026-07-23,2027-11-20,2026-07-23,485,active
BAT05676,DC002,MED018,0.0,2026-07-23,2027-10-29,2026-07-23,463,active
BAT05677,DC002,MED019,0.0,2026-07-23,2027-12-13,2026-07-23,508,active
BAT05678,DC001,MED022,0.0,2026-07-24,2027-10-18,2026-07-24,451,active
BAT05679,DC004,MED023,522.3299999999998,2026-07-25,2027-06-27,2026-07-25,337,active
BAT05680,DC003,MED025,0.0,2026-07-23,2027-10-27,2026-07-23,461,active
BAT05681,DC001,MED026,0.0,2026-07-24,2027-10-23,2026-07-24,456,active
BAT05682,DC003,MED027,0.0,2026-07-23,2027-10-10,2026-07-23,444,active
BAT05683,DC007,MED028,0.0,2026-07-24,2027-10-30,2026-07-24,463,active
BAT05684,DC002,MED029,0.0,2026-07-23,2027-02-22,2026-07-23,214,active
BAT05685,DC002,MED032,0.0,2026-07-23,2027-02-15,2026-07-23,207,active
BAT05686,DC001,MED033,0.0,2026-07-24,2027-05-27,2026-07-24,307,active
BAT05687,DC002,MED036,0.0,2026-07-23,2027-09-24,2026-07-23,428,active
BAT05688,DC002,MED038,0.0,2026-07-23,2028-01-10,2026-07-23,536,active
BAT05689,DC004,MED038,0.0,2026-07-25,2028-01-12,2026-07-25,536,active
BAT05690,DC003,MED001,0.0,2026-07-24,2027-03-13,2026-07-24,232,active
BAT05691,DC005,MED001,0.0,2026-07-27,2027-03-16,2026-07-27,232,active
BAT05692,DC008,MED002,0.0,2026-07-26,2027-11-26,2026-07-26,488,active
BAT05693,DC004,MED003,0.0,2026-07-26,2027-05-14,2026-07-26,292,active
BAT05694,DC007,MED004,0.0,2026-07-25,2028-01-13,2026-07-25,537,active
BAT05695,DC002,MED006,0.0,2026-07-24,2027-02-11,2026-07-24,202,active
BAT05696,DC007,MED006,0.0,2026-07-25,2027-02-12,2026-07-25,202,active
BAT05697,DC008,MED006,0.0,2026-07-26,2027-02-13,2026-07-26,202,active
BAT05698,DC002,MED009,0.0,2026-07-24,2027-07-25,2026-07-24,366,active
BAT05699,DC007,MED010,0.0,2026-07-25,2028-01-05,2026-07-25,529,active
BAT05700,DC004,MED011,0.0,2026-07-26,2027-06-09,2026-07-26,318,active
BAT05701,DC006,MED015,297.81999999999937,2026-07-28,2027-08-31,2026-07-28,399,active
BAT05702,DC002,MED017,0.0,2026-07-24,2027-11-21,2026-07-24,485,active
BAT05703,DC005,MED018,0.0,2026-07-27,2027-11-02,2026-07-27,463,active
BAT05704,DC007,MED018,0.0,2026-07-25,2027-10-31,2026-07-25,463,active
BAT05705,DC003,MED019,0.0,2026-07-24,2027-12-14,2026-07-24,508,active
BAT05706,DC004,MED019,0.0,2026-07-26,2027-12-16,2026-07-26,508,active
BAT05707,DC005,MED019,0.0,2026-07-27,2027-12-17,2026-07-27,508,active
BAT05708,DC003,MED020,0.0,2026-07-24,2027-06-03,2026-07-24,314,active
BAT05709,DC007,MED020,0.0,2026-07-25,2027-06-04,2026-07-25,314,active
BAT05710,DC001,MED021,0.0,2026-07-25,2027-12-14,2026-07-25,507,active
BAT05711,DC007,MED022,0.0,2026-07-25,2027-10-19,2026-07-25,451,active
BAT05712,DC006,MED023,492.5499999999999,2026-07-28,2027-06-30,2026-07-28,337,active
BAT05713,DC003,MED024,0.0,2026-07-24,2027-09-25,2026-07-24,428,active
BAT05714,DC002,MED025,0.0,2026-07-24,2027-10-28,2026-07-24,461,active
BAT05715,DC004,MED026,0.0,2026-07-26,2027-10-25,2026-07-26,456,active
BAT05716,DC005,MED026,0.0,2026-07-27,2027-10-26,2026-07-27,456,active
BAT05717,DC002,MED027,0.0,2026-07-24,2027-10-11,2026-07-24,444,active
BAT05718,DC005,MED028,0.0,2026-07-27,2027-11-02,2026-07-27,463,active
BAT05719,DC001,MED029,0.0,2026-07-25,2027-02-24,2026-07-25,214,active
BAT05720,DC003,MED029,0.0,2026-07-24,2027-02-23,2026-07-24,214,active
BAT05721,DC006,MED029,54.43999999999986,2026-07-28,2027-02-27,2026-07-28,214,active
BAT05722,DC007,MED031,0.0,2026-07-25,2027-03-10,2026-07-25,228,active
BAT05723,DC008,MED032,0.0,2026-07-26,2027-02-18,2026-07-26,207,active
BAT05724,DC006,MED033,0.0,2026-07-28,2027-05-31,2026-07-28,307,active
BAT05725,DC007,MED035,0.0,2026-07-25,2027-02-15,2026-07-25,205,active
BAT05726,DC008,MED035,0.0,2026-07-26,2027-02-16,2026-07-26,205,active
BAT05727,DC002,MED037,0.0,2026-07-24,2027-01-21,2026-07-24,181,active
BAT05728,DC004,MED037,0.0,2026-07-26,2027-01-23,2026-07-26,181,active
BAT05729,DC007,MED038,0.0,2026-07-25,2028-01-12,2026-07-25,536,active
BAT05730,DC003,MED039,0.0,2026-07-24,2027-10-24,2026-07-24,457,active
BAT05731,DC007,MED039,0.0,2026-07-25,2027-10-25,2026-07-25,457,active
BAT05732,DC002,MED040,141.18999999999974,2026-07-24,2027-10-18,2026-07-24,451,active
BAT05733,DC001,MED001,0.0,2026-07-26,2027-03-15,2026-07-26,232,active
BAT05734,DC008,MED001,0.0,2026-07-27,2027-03-16,2026-07-27,232,active
BAT05735,DC002,MED004,0.0,2026-07-25,2028-01-13,2026-07-25,537,active
BAT05736,DC003,MED004,0.0,2026-07-25,2028-01-13,2026-07-25,537,active
BAT05737,DC008,MED007,0.0,2026-07-27,2027-06-22,2026-07-27,330,active
BAT05738,DC001,MED010,29.64000000000041,2026-07-26,2028-01-06,2026-07-26,529,active
BAT05739,DC007,MED012,249.36000000000016,2026-07-26,2027-02-07,2026-07-26,196,active
BAT05740,DC002,MED013,0.0,2026-07-25,2027-07-01,2026-07-25,341,active
BAT05741,DC008,MED014,0.0,2026-07-27,2027-06-07,2026-07-27,315,active
BAT05742,DC005,MED015,0.0,2026-07-28,2027-08-31,2026-07-28,399,active
BAT05743,DC001,MED017,0.0,2026-07-26,2027-11-23,2026-07-26,485,active
BAT05744,DC004,MED017,0.0,2026-07-27,2027-11-24,2026-07-27,485,active
BAT05745,DC005,MED017,0.0,2026-07-28,2027-11-25,2026-07-28,485,active
BAT05746,DC006,MED019,0.0,2026-07-29,2027-12-19,2026-07-29,508,active
BAT05747,DC002,MED020,0.0,2026-07-25,2027-06-04,2026-07-25,314,active
BAT05748,DC008,MED020,0.0,2026-07-27,2027-06-06,2026-07-27,314,active
BAT05749,DC008,MED022,0.0,2026-07-27,2027-10-21,2026-07-27,451,active
BAT05750,DC002,MED024,0.0,2026-07-25,2027-09-26,2026-07-25,428,active
BAT05751,DC008,MED024,0.0,2026-07-27,2027-09-28,2026-07-27,428,active
BAT05752,DC005,MED025,22.65000000000032,2026-07-28,2027-11-01,2026-07-28,461,active
BAT05753,DC007,MED025,0.0,2026-07-26,2027-10-30,2026-07-26,461,active
BAT05754,DC006,MED027,51.629999999999995,2026-07-29,2027-10-16,2026-07-29,444,active
BAT05755,DC002,MED028,0.0,2026-07-25,2027-10-31,2026-07-25,463,active
BAT05756,DC003,MED028,0.0,2026-07-25,2027-10-31,2026-07-25,463,active
BAT05757,DC008,MED028,0.0,2026-07-27,2027-11-02,2026-07-27,463,active
BAT05758,DC002,MED031,0.0,2026-07-25,2027-03-10,2026-07-25,228,active
BAT05759,DC007,MED032,0.0,2026-07-26,2027-02-18,2026-07-26,207,active
BAT05760,DC001,MED034,0.0,2026-07-26,2027-09-15,2026-07-26,416,active
BAT05761,DC001,MED035,0.0,2026-07-26,2027-02-16,2026-07-26,205,active
BAT05762,DC005,MED035,0.0,2026-07-28,2027-02-18,2026-07-28,205,active
BAT05763,DC003,MED036,0.0,2026-07-25,2027-09-26,2026-07-25,428,active
BAT05764,DC008,MED036,0.0,2026-07-27,2027-09-28,2026-07-27,428,active
BAT05765,DC008,MED039,0.0,2026-07-27,2027-10-27,2026-07-27,457,active
BAT05766,DC003,MED040,106.40000000000016,2026-07-25,2027-10-19,2026-07-25,451,active
BAT05767,DC002,MED002,0.0,2026-07-26,2027-11-26,2026-07-26,488,active
BAT05768,DC003,MED002,0.0,2026-07-26,2027-11-26,2026-07-26,488,active
BAT05769,DC006,MED003,205.55999999999983,2026-07-30,2027-05-18,2026-07-30,292,active
BAT05770,DC001,MED006,0.0,2026-07-27,2027-02-14,2026-07-27,202,active
BAT05771,DC004,MED006,0.0,2026-07-28,2027-02-15,2026-07-28,202,active
BAT05772,DC005,MED006,9.179999999999964,2026-07-29,2027-02-16,2026-07-29,202,active
BAT05773,DC003,MED007,0.0,2026-07-26,2027-06-21,2026-07-26,330,active
BAT05774,DC005,MED011,0.0,2026-07-29,2027-06-12,2026-07-29,318,active
BAT05775,DC003,MED013,0.0,2026-07-26,2027-07-02,2026-07-26,341,active
BAT05776,DC001,MED014,0.0,2026-07-27,2027-06-07,2026-07-27,315,active
BAT05777,DC004,MED014,89.34999999999998,2026-07-28,2027-06-08,2026-07-28,315,active
BAT05778,DC008,MED016,360.51999999999975,2026-07-28,2027-03-11,2026-07-28,226,active
BAT05779,DC007,MED017,0.0,2026-07-27,2027-11-24,2026-07-27,485,active
BAT05780,DC004,MED018,39.75000000000003,2026-07-28,2027-11-03,2026-07-28,463,active
BAT05781,DC001,MED019,0.0,2026-07-27,2027-12-17,2026-07-27,508,active
BAT05782,DC007,MED019,0.0,2026-07-27,2027-12-17,2026-07-27,508,active
BAT05783,DC004,MED021,0.0,2026-07-28,2027-12-17,2026-07-28,507,active
BAT05784,DC006,MED022,0.0,2026-07-30,2027-10-24,2026-07-30,451,active
BAT05785,DC003,MED023,142.45000000000005,2026-07-26,2027-06-28,2026-07-26,337,active
BAT05786,DC005,MED023,398.1999999999997,2026-07-29,2027-07-01,2026-07-29,337,active
BAT05787,DC001,MED024,0.0,2026-07-27,2027-09-28,2026-07-27,428,active
BAT05788,DC006,MED024,10.680000000000248,2026-07-30,2027-10-01,2026-07-30,428,active
BAT05789,DC008,MED027,0.0,2026-07-28,2027-10-15,2026-07-28,444,active
BAT05790,DC001,MED028,0.0,2026-07-27,2027-11-02,2026-07-27,463,active
BAT05791,DC007,MED029,0.0,2026-07-27,2027-02-26,2026-07-27,214,active
BAT05792,DC001,MED031,0.0,2026-07-27,2027-03-12,2026-07-27,228,active
BAT05793,DC003,MED032,0.0,2026-07-26,2027-02-18,2026-07-26,207,active
BAT05794,DC004,MED033,0.0,2026-07-28,2027-05-31,2026-07-28,307,active
BAT05795,DC007,MED033,0.0,2026-07-27,2027-05-30,2026-07-27,307,active
BAT05796,DC002,MED034,0.0,2026-07-26,2027-09-15,2026-07-26,416,active
BAT05797,DC005,MED034,97.4200000000003,2026-07-29,2027-09-18,2026-07-29,416,active
BAT05798,DC004,MED035,0.0,2026-07-28,2027-02-18,2026-07-28,205,active
BAT05799,DC006,MED036,0.0,2026-07-30,2027-10-01,2026-07-30,428,active
BAT05800,DC001,MED037,0.0,2026-07-27,2027-01-24,2026-07-27,181,active
BAT05801,DC008,MED038,0.0,2026-07-28,2028-01-15,2026-07-28,536,active
BAT05802,DC001,MED039,0.0,2026-07-27,2027-10-27,2026-07-27,457,active
BAT05803,DC001,MED040,129.4599999999997,2026-07-27,2027-10-21,2026-07-27,451,active
BAT05804,DC007,MED040,10.620000000000111,2026-07-27,2027-10-21,2026-07-27,451,active
BAT05805,DC004,MED002,0.0,2026-07-29,2027-11-29,2026-07-29,488,active
BAT05806,DC003,MED003,0.0,2026-07-27,2027-05-15,2026-07-27,292,active
BAT05807,DC008,MED003,17.589999999999733,2026-07-29,2027-05-17,2026-07-29,292,active
BAT05808,DC004,MED005,335.69999999999976,2026-07-29,2027-03-18,2026-07-29,232,active
BAT05809,DC001,MED007,0.0,2026-07-28,2027-06-23,2026-07-28,330,active
BAT05810,DC002,MED007,0.0,2026-07-27,2027-06-22,2026-07-27,330,active
BAT05811,DC004,MED007,59.09000000000061,2026-07-29,2027-06-24,2026-07-29,330,active
BAT05812,DC005,MED008,267.5400000000011,2026-07-30,2027-06-23,2026-07-30,328,active
BAT05813,DC008,MED010,258.3199999999999,2026-07-29,2028-01-09,2026-07-29,529,active
BAT05814,DC005,MED013,89.12999999999995,2026-07-30,2027-07-06,2026-07-30,341,active
BAT05815,DC006,MED020,0.0,2026-07-31,2027-06-10,2026-07-31,314,active
BAT05816,DC008,MED021,0.0,2026-07-29,2027-12-18,2026-07-29,507,active
BAT05817,DC004,MED022,0.0,2026-07-29,2027-10-23,2026-07-29,451,active
BAT05818,DC007,MED024,0.0,2026-07-28,2027-09-29,2026-07-28,428,active
BAT05819,DC004,MED025,165.09999999999937,2026-07-29,2027-11-02,2026-07-29,461,active
BAT05820,DC006,MED026,335.87,2026-07-31,2027-10-30,2026-07-31,456,active
BAT05821,DC001,MED027,0.0,2026-07-28,2027-10-15,2026-07-28,444,active
BAT05822,DC004,MED032,114.84000000000016,2026-07-29,2027-02-21,2026-07-29,207,active
BAT05823,DC006,MED032,89.41999999999999,2026-07-31,2027-02-23,2026-07-31,207,active
BAT05824,DC005,MED033,0.0,2026-07-30,2027-06-02,2026-07-30,307,active
BAT05825,DC003,MED034,0.0,2026-07-27,2027-09-16,2026-07-27,416,active
BAT05826,DC006,MED034,460.2900000000003,2026-07-31,2027-09-20,2026-07-31,416,active
BAT05827,DC007,MED034,28.890000000000313,2026-07-28,2027-09-17,2026-07-28,416,active
BAT05828,DC008,MED034,15.289999999999864,2026-07-29,2027-09-18,2026-07-29,416,active
BAT05829,DC005,MED036,0.0,2026-07-30,2027-10-01,2026-07-30,428,active
BAT05830,DC005,MED038,362.2499999999999,2026-07-30,2028-01-17,2026-07-30,536,active
BAT05831,DC005,MED039,0.0,2026-07-30,2027-10-30,2026-07-30,457,active
BAT05832,DC006,MED039,0.0,2026-07-31,2027-10-31,2026-07-31,457,active
BAT05833,DC008,MED040,193.0300000000001,2026-07-29,2027-10-23,2026-07-29,451,active
BAT05834,DC001,MED004,0.0,2026-07-29,2028-01-17,2026-07-29,537,active
BAT05835,DC008,MED004,219.07999999999973,2026-07-30,2028-01-18,2026-07-30,537,active
BAT05836,DC006,MED006,26.469999999999967,2026-08-01,2027-02-19,2026-08-01,202,active
BAT05837,DC005,MED007,289.8600000000001,2026-07-31,2027-06-26,2026-07-31,330,active
BAT05838,DC003,MED008,0.0,2026-07-28,2027-06-21,2026-07-28,328,active
BAT05839,DC007,MED009,0.0,2026-07-29,2027-07-30,2026-07-29,366,active
BAT05840,DC003,MED011,0.0,2026-07-28,2027-06-11,2026-07-28,318,active
BAT05841,DC007,MED011,0.0,2026-07-29,2027-06-12,2026-07-29,318,active
BAT05842,DC008,MED011,0.0,2026-07-30,2027-06-13,2026-07-30,318,active
BAT05843,DC006,MED012,791.8099999999998,2026-08-01,2027-02-13,2026-08-01,196,active
BAT05844,DC008,MED012,890.0,2026-07-30,2027-02-11,2026-07-30,196,active
BAT05845,DC004,MED013,47.36999999999999,2026-07-30,2027-07-06,2026-07-30,341,active
BAT05846,DC003,MED015,0.0,2026-07-28,2027-08-31,2026-07-28,399,active
BAT05847,DC006,MED018,187.55000000000013,2026-08-01,2027-11-07,2026-08-01,463,active
BAT05848,DC008,MED019,0.0,2026-07-30,2027-12-20,2026-07-30,508,active
BAT05849,DC005,MED020,0.0,2026-07-31,2027-06-10,2026-07-31,314,active
BAT05850,DC007,MED021,133.13000000000136,2026-07-29,2027-12-18,2026-07-29,507,active
BAT05851,DC008,MED023,410.6200000000002,2026-07-30,2027-07-02,2026-07-30,337,active
BAT05852,DC005,MED024,117.94000000000014,2026-07-31,2027-10-02,2026-07-31,428,active
BAT05853,DC005,MED027,213.7000000000004,2026-07-31,2027-10-18,2026-07-31,444,active
BAT05854,DC004,MED028,0.0,2026-07-30,2027-11-05,2026-07-30,463,active
BAT05855,DC008,MED029,0.0,2026-07-30,2027-03-01,2026-07-30,214,active
BAT05856,DC002,MED030,122.00000000000014,2026-07-28,2027-05-13,2026-07-28,289,active
BAT05857,DC003,MED031,0.0,2026-07-28,2027-03-13,2026-07-28,228,active
BAT05858,DC008,MED031,38.97999999999968,2026-07-30,2027-03-15,2026-07-30,228,active
BAT05859,DC004,MED034,177.15999999999957,2026-07-30,2027-09-19,2026-07-30,416,active
BAT05860,DC002,MED035,0.0,2026-07-28,2027-02-18,2026-07-28,205,active
BAT05861,DC003,MED035,0.0,2026-07-28,2027-02-18,2026-07-28,205,active
BAT05862,DC006,MED035,0.0,2026-08-01,2027-02-22,2026-08-01,205,active
BAT05863,DC001,MED036,0.0,2026-07-29,2027-09-30,2026-07-29,428,active
BAT05864,DC007,MED037,9.039999999999765,2026-07-29,2027-01-26,2026-07-29,181,active
BAT05865,DC004,MED001,0.0,2026-07-31,2027-03-20,2026-07-31,232,active
BAT05866,DC007,MED001,0.0,2026-07-30,2027-03-19,2026-07-30,232,active
BAT05867,DC001,MED002,0.0,2026-07-30,2027-11-30,2026-07-30,488,active
BAT05868,DC007,MED002,0.0,2026-07-30,2027-11-30,2026-07-30,488,active
BAT05869,DC002,MED008,0.0,2026-07-29,2027-06-22,2026-07-29,328,active
BAT05870,DC004,MED008,350.61,2026-07-31,2027-06-24,2026-07-31,328,active
BAT05871,DC008,MED008,291.73000000000036,2026-07-31,2027-06-24,2026-07-31,328,active
BAT05872,DC003,MED009,0.0,2026-07-29,2027-07-30,2026-07-29,366,active
BAT05873,DC004,MED009,269.6899999999991,2026-07-31,2027-08-01,2026-07-31,366,active
BAT05874,DC001,MED011,0.0,2026-07-30,2027-06-13,2026-07-30,318,active
BAT05875,DC006,MED011,0.0,2026-08-02,2027-06-16,2026-08-02,318,active
BAT05876,DC001,MED012,433.9699999999996,2026-07-30,2027-02-11,2026-07-30,196,active
BAT05877,DC005,MED014,152.9699999999999,2026-08-01,2027-06-12,2026-08-01,315,active
BAT05878,DC006,MED014,208.2000000000001,2026-08-02,2027-06-13,2026-08-02,315,active
BAT05879,DC001,MED016,194.76999999999987,2026-07-30,2027-03-13,2026-07-30,226,active
BAT05880,DC006,MED016,401.7100000000002,2026-08-02,2027-03-16,2026-08-02,226,active
BAT05881,DC006,MED017,0.0,2026-08-02,2027-11-30,2026-08-02,485,active
BAT05882,DC001,MED020,0.0,2026-07-30,2027-06-09,2026-07-30,314,active
BAT05883,DC005,MED021,585.0099999999995,2026-08-01,2027-12-21,2026-08-01,507,active
BAT05884,DC002,MED022,0.0,2026-07-29,2027-10-23,2026-07-29,451,active
BAT05885,DC005,MED022,0.0,2026-08-01,2027-10-26,2026-08-01,451,active
BAT05886,DC008,MED025,328.12,2026-07-31,2027-11-04,2026-07-31,461,active
BAT05887,DC002,MED026,74.28999999999972,2026-07-29,2027-10-28,2026-07-29,456,active
BAT05888,DC004,MED029,74.50999999999979,2026-07-31,2027-03-02,2026-07-31,214,active
BAT05889,DC005,MED032,153.62000000000006,2026-08-01,2027-02-24,2026-08-01,207,active
BAT05890,DC003,MED033,0.0,2026-07-29,2027-06-01,2026-07-29,307,active
BAT05891,DC007,MED036,0.0,2026-07-30,2027-10-01,2026-07-30,428,active
BAT05892,DC003,MED037,0.0,2026-07-29,2027-01-26,2026-07-29,181,active
BAT05893,DC006,MED037,797.2200000000008,2026-08-02,2027-01-30,2026-08-02,181,active
BAT05894,DC002,MED039,0.0,2026-07-29,2027-10-29,2026-07-29,457,active
BAT05895,DC004,MED039,0.0,2026-07-31,2027-10-31,2026-07-31,457,active
BAT05896,DC002,MED001,0.0,2026-07-30,2027-03-19,2026-07-30,232,active
BAT05897,DC006,MED002,108.62999999999984,2026-08-03,2027-12-04,2026-08-03,488,active
BAT05898,DC005,MED004,621.9599999999999,2026-08-02,2028-01-21,2026-08-02,537,active
BAT05899,DC001,MED009,0.0,2026-07-31,2027-08-01,2026-07-31,366,active
BAT05900,DC008,MED009,506.7099999999999,2026-08-01,2027-08-02,2026-08-01,366,active
BAT05901,DC002,MED010,128.29999999999987,2026-07-30,2028-01-10,2026-07-30,529,active
BAT05902,DC006,MED010,549.0,2026-08-03,2028-01-14,2026-08-03,529,active
BAT05903,DC002,MED011,0.0,2026-07-30,2027-06-13,2026-07-30,318,active
BAT05904,DC007,MED013,47.55000000000006,2026-07-31,2027-07-07,2026-07-31,341,active
BAT05905,DC003,MED014,0.0,2026-07-30,2027-06-10,2026-07-30,315,active
BAT05906,DC007,MED014,0.0,2026-07-31,2027-06-11,2026-07-31,315,active
BAT05907,DC008,MED015,381.26000000000033,2026-08-01,2027-09-04,2026-08-01,399,active
BAT05908,DC002,MED016,227.1400000000002,2026-07-30,2027-03-13,2026-07-30,226,active
BAT05909,DC003,MED017,0.0,2026-07-30,2027-11-27,2026-07-30,485,active
BAT05910,DC008,MED017,0.0,2026-08-01,2027-11-29,2026-08-01,485,active
BAT05911,DC001,MED018,0.0,2026-07-31,2027-11-06,2026-07-31,463,active
BAT05912,DC004,MED020,0.0,2026-08-01,2027-06-11,2026-08-01,314,active
BAT05913,DC001,MED025,252.81999999999945,2026-07-31,2027-11-04,2026-07-31,461,active
BAT05914,DC007,MED026,260.2499999999999,2026-07-31,2027-10-30,2026-07-31,456,active
BAT05915,DC006,MED028,0.0,2026-08-03,2027-11-09,2026-08-03,463,active
BAT05916,DC007,MED028,0.0,2026-07-31,2027-11-06,2026-07-31,463,active
BAT05917,DC004,MED030,277.0299999999999,2026-08-01,2027-05-17,2026-08-01,289,active
BAT05918,DC005,MED030,250.51999999999975,2026-08-02,2027-05-18,2026-08-02,289,active
BAT05919,DC004,MED031,46.900000000000205,2026-08-01,2027-03-17,2026-08-01,228,active
BAT05920,DC001,MED032,0.0,2026-07-31,2027-02-23,2026-07-31,207,active
BAT05921,DC004,MED036,0.0,2026-08-01,2027-10-03,2026-08-01,428,active
BAT05922,DC005,MED037,656.0900000000005,2026-08-02,2027-01-30,2026-08-02,181,active
BAT05923,DC001,MED001,0.0,2026-08-01,2027-03-21,2026-08-01,232,active
BAT05924,DC003,MED001,0.0,2026-07-31,2027-03-20,2026-07-31,232,active
BAT05925,DC005,MED001,0.0,2026-08-03,2027-03-23,2026-08-03,232,active
BAT05926,DC006,MED001,1.1368683772161605e-13,2026-08-04,2027-03-24,2026-08-04,232,active
BAT05927,DC008,MED001,0.0,2026-08-02,2027-03-22,2026-08-02,232,active
BAT05928,DC005,MED002,82.25000000000023,2026-08-03,2027-12-04,2026-08-03,488,active
BAT05929,DC005,MED003,499.5299999999996,2026-08-03,2027-05-22,2026-08-03,292,active
BAT05930,DC004,MED004,526.6700000000002,2026-08-02,2028-01-21,2026-08-02,537,active
BAT05931,DC006,MED005,494.0,2026-08-04,2027-03-24,2026-08-04,232,active
BAT05932,DC006,MED009,1036.7799999999993,2026-08-04,2027-08-05,2026-08-04,366,active
BAT05933,DC006,MED013,199.18000000000004,2026-08-04,2027-07-11,2026-08-04,341,active
BAT05934,DC008,MED013,170.7800000000002,2026-08-02,2027-07-09,2026-08-02,341,active
BAT05935,DC002,MED014,21.249999999999595,2026-07-31,2027-06-11,2026-07-31,315,active
BAT05936,DC001,MED015,18.439999999999884,2026-08-01,2027-09-04,2026-08-01,399,active
BAT05937,DC007,MED016,142.1800000000003,2026-08-01,2027-03-15,2026-08-01,226,active
BAT05938,DC002,MED017,0.0,2026-07-31,2027-11-28,2026-07-31,485,active
BAT05939,DC002,MED018,15.120000000000054,2026-07-31,2027-11-06,2026-07-31,463,active
BAT05940,DC003,MED018,131.13999999999993,2026-07-31,2027-11-06,2026-07-31,463,active
BAT05941,DC008,MED018,156.45000000000005,2026-08-02,2027-11-08,2026-08-02,463,active
BAT05942,DC002,MED019,0.0,2026-07-31,2027-12-21,2026-07-31,508,active
BAT05943,DC005,MED019,0.0,2026-08-03,2027-12-24,2026-08-03,508,active
BAT05944,DC003,MED020,0.0,2026-07-31,2027-06-10,2026-07-31,314,active
BAT05945,DC007,MED020,0.0,2026-08-01,2027-06-11,2026-08-01,314,active
BAT05946,DC003,MED021,250.5500000000003,2026-07-31,2027-12-20,2026-07-31,507,active
BAT05947,DC006,MED021,945.8900000000008,2026-08-04,2027-12-24,2026-08-04,507,active
BAT05948,DC001,MED022,0.0,2026-08-01,2027-10-26,2026-08-01,451,active
BAT05949,DC003,MED022,0.0,2026-07-31,2027-10-25,2026-07-31,451,active
BAT05950,DC007,MED023,536.8,2026-08-01,2027-07-04,2026-08-01,337,active
BAT05951,DC004,MED024,82.69999999999989,2026-08-02,2027-10-04,2026-08-02,428,active
BAT05952,DC006,MED025,904.1299999999994,2026-08-04,2027-11-08,2026-08-04,461,active
BAT05953,DC004,MED027,369.19000000000005,2026-08-02,2027-10-20,2026-08-02,444,active
BAT05954,DC005,MED028,0.0,2026-08-03,2027-11-09,2026-08-03,463,active
BAT05955,DC005,MED029,228.25,2026-08-03,2027-03-05,2026-08-03,214,active
BAT05956,DC001,MED035,0.0,2026-08-01,2027-02-22,2026-08-01,205,active
BAT05957,DC008,MED035,0.0,2026-08-02,2027-02-23,2026-08-02,205,active
BAT05958,DC002,MED036,0.0,2026-07-31,2027-10-02,2026-07-31,428,active
BAT05959,DC008,MED037,737.7200000000004,2026-08-02,2027-01-30,2026-08-02,181,active
BAT05960,DC003,MED038,222.2800000000007,2026-07-31,2028-01-18,2026-07-31,536,active
BAT05961,DC008,MED039,0.0,2026-08-02,2027-11-02,2026-08-02,457,active
BAT05962,DC005,MED005,420.86,2026-08-04,2027-03-24,2026-08-04,232,active
BAT05963,DC002,MED006,76.47999999999897,2026-08-01,2027-02-19,2026-08-01,202,active
BAT05964,DC003,MED006,0.0,2026-08-01,2027-02-19,2026-08-01,202,active
BAT05965,DC007,MED006,82.85999999999993,2026-08-02,2027-02-20,2026-08-02,202,active
BAT05966,DC006,MED007,420.5899999999997,2026-08-05,2027-07-01,2026-08-05,330,active
BAT05967,DC007,MED007,236.07999999999987,2026-08-02,2027-06-28,2026-08-02,330,active
BAT05968,DC001,MED008,208.98999999999995,2026-08-02,2027-06-26,2026-08-02,328,active
BAT05969,DC006,MED008,947.26,2026-08-05,2027-06-29,2026-08-05,328,active
BAT05970,DC007,MED008,483.1399999999991,2026-08-02,2027-06-26,2026-08-02,328,active
BAT05971,DC003,MED010,301.59000000000003,2026-08-01,2028-01-12,2026-08-01,529,active
BAT05972,DC004,MED010,368.4399999999997,2026-08-03,2028-01-14,2026-08-03,529,active
BAT05973,DC004,MED011,0.0,2026-08-03,2027-06-17,2026-08-03,318,active
BAT05974,DC002,MED012,644.1400000000004,2026-08-01,2027-02-13,2026-08-01,196,active
BAT05975,DC003,MED012,407.1799999999996,2026-08-01,2027-02-13,2026-08-01,196,active
BAT05976,DC001,MED013,116.85000000000008,2026-08-02,2027-07-09,2026-08-02,341,active
BAT05977,DC002,MED015,24.0400000000011,2026-08-01,2027-09-04,2026-08-01,399,active
BAT05978,DC004,MED015,733.9100000000007,2026-08-03,2027-09-06,2026-08-03,399,active
BAT05979,DC005,MED016,454.0,2026-08-04,2027-03-18,2026-08-04,226,active
BAT05980,DC001,MED017,0.0,2026-08-02,2027-11-30,2026-08-02,485,active
BAT05981,DC005,MED017,0.3399999999997618,2026-08-04,2027-12-02,2026-08-04,485,active
BAT05982,DC007,MED019,0.0,2026-08-02,2027-12-23,2026-08-02,508,active
BAT05983,DC002,MED020,0.0,2026-08-01,2027-06-11,2026-08-01,314,active
BAT05984,DC008,MED020,0.0,2026-08-03,2027-06-13,2026-08-03,314,active
BAT05985,DC002,MED021,365.03999999999985,2026-08-01,2027-12-21,2026-08-01,507,active
BAT05986,DC007,MED022,0.0,2026-08-02,2027-10-27,2026-08-02,451,active
BAT05987,DC008,MED022,0.0,2026-08-03,2027-10-28,2026-08-03,451,active
BAT05988,DC002,MED023,528.57,2026-08-01,2027-07-04,2026-08-01,337,active
BAT05989,DC003,MED024,57.10999999999988,2026-08-01,2027-10-03,2026-08-01,428,active
BAT05990,DC001,MED026,302.5200000000003,2026-08-02,2027-11-01,2026-08-02,456,active
BAT05991,DC008,MED026,492.91,2026-08-03,2027-11-02,2026-08-03,456,active
BAT05992,DC003,MED028,0.0,2026-08-01,2027-11-07,2026-08-01,463,active
BAT05993,DC008,MED028,0.0,2026-08-03,2027-11-09,2026-08-03,463,active
BAT05994,DC002,MED029,0.0,2026-08-01,2027-03-03,2026-08-01,214,active
BAT05995,DC008,MED033,242.7300000000002,2026-08-03,2027-06-06,2026-08-03,307,active
BAT05996,DC005,MED035,130.42000000000004,2026-08-04,2027-02-25,2026-08-04,205,active
BAT05997,DC007,MED035,0.0,2026-08-02,2027-02-23,2026-08-02,205,active
BAT05998,DC003,MED036,0.0,2026-08-01,2027-10-03,2026-08-01,428,active
BAT05999,DC008,MED036,0.0,2026-08-03,2027-10-05,2026-08-03,428,active
BAT06000,DC002,MED037,53.72999999999949,2026-08-01,2027-01-29,2026-08-01,181,active
BAT06001,DC003,MED039,0.0,2026-08-01,2027-11-01,2026-08-01,457,active
BAT06002,DC007,MED039,0.0,2026-08-02,2027-11-02,2026-08-02,457,active
BAT06003,DC001,MED003,367.02,2026-08-03,2027-05-22,2026-08-03,292,active
BAT06004,DC002,MED003,235.7099999999998,2026-08-02,2027-05-21,2026-08-02,292,active
BAT06005,DC006,MED004,1309.0,2026-08-06,2028-01-25,2026-08-06,537,active
BAT06006,DC007,MED004,720.0000000000002,2026-08-03,2028-01-22,2026-08-03,537,active
BAT06007,DC001,MED005,428.83,2026-08-03,2027-03-23,2026-08-03,232,active
BAT06008,DC002,MED009,378.0299999999989,2026-08-02,2027-08-03,2026-08-02,366,active
BAT06009,DC005,MED009,1111.0099999999998,2026-08-05,2027-08-06,2026-08-05,366,active
BAT06010,DC005,MED011,115.9,2026-08-05,2027-06-19,2026-08-05,318,active
BAT06011,DC004,MED012,724.1200000000007,2026-08-04,2027-02-16,2026-08-04,196,active
BAT06012,DC007,MED015,579.3600000000005,2026-08-03,2027-09-06,2026-08-03,399,active
BAT06013,DC004,MED017,23.050000000000495,2026-08-04,2027-12-02,2026-08-04,485,active
BAT06014,DC007,MED017,17.429999999999865,2026-08-03,2027-12-01,2026-08-03,485,active
BAT06015,DC001,MED019,0.0,2026-08-03,2027-12-24,2026-08-03,508,active
BAT06016,DC003,MED019,0.0,2026-08-02,2027-12-23,2026-08-02,508,active
BAT06017,DC004,MED019,89.46000000000015,2026-08-04,2027-12-25,2026-08-04,508,active
BAT06018,DC006,MED019,125.87000000000047,2026-08-06,2027-12-27,2026-08-06,508,active
BAT06019,DC001,MED023,366.6099999999998,2026-08-03,2027-07-06,2026-08-03,337,active
BAT06020,DC002,MED024,57.800000000000054,2026-08-02,2027-10-04,2026-08-02,428,active
BAT06021,DC003,MED025,465.5700000000007,2026-08-02,2027-11-06,2026-08-02,461,active
BAT06022,DC003,MED026,521.9199999999997,2026-08-02,2027-11-01,2026-08-02,456,active
BAT06023,DC002,MED027,248.06999999999988,2026-08-02,2027-10-20,2026-08-02,444,active
BAT06024,DC007,MED027,413.10000000000025,2026-08-03,2027-10-21,2026-08-03,444,active
BAT06025,DC002,MED028,0.0,2026-08-02,2027-11-08,2026-08-02,463,active
BAT06026,DC001,MED029,184.74000000000024,2026-08-03,2027-03-05,2026-08-03,214,active
BAT06027,DC003,MED029,61.54000000000029,2026-08-02,2027-03-04,2026-08-02,214,active
BAT06028,DC005,MED031,285.53999999999985,2026-08-05,2027-03-21,2026-08-05,228,active
BAT06029,DC006,MED031,346.0,2026-08-06,2027-03-22,2026-08-06,228,active
BAT06030,DC001,MED038,752.42,2026-08-03,2028-01-21,2026-08-03,536,active
BAT06031,DC004,MED038,987.2199999999996,2026-08-04,2028-01-22,2026-08-04,536,active
BAT06032,DC006,MED038,1246.0299999999993,2026-08-06,2028-01-24,2026-08-06,536,active
BAT06033,DC001,MED039,6.039999999999857,2026-08-03,2027-11-03,2026-08-03,457,active
BAT06034,DC008,MED002,106.7900000000002,2026-08-05,2027-12-06,2026-08-05,488,active
BAT06035,DC007,MED003,363.51000000000016,2026-08-04,2027-05-23,2026-08-04,292,active
BAT06036,DC002,MED004,631.5199999999992,2026-08-03,2028-01-22,2026-08-03,537,active
BAT06037,DC001,MED006,126.05999999999987,2026-08-04,2027-02-22,2026-08-04,202,active
BAT06038,DC004,MED006,174.93999999999994,2026-08-05,2027-02-23,2026-08-05,202,active
BAT06039,DC008,MED007,443.24000000000024,2026-08-05,2027-07-01,2026-08-05,330,active
BAT06040,DC005,MED010,549.0,2026-08-06,2028-01-17,2026-08-06,529,active
BAT06041,DC001,MED014,183.79999999999984,2026-08-04,2027-06-15,2026-08-04,315,active
BAT06042,DC008,MED014,343.3299999999996,2026-08-05,2027-06-16,2026-08-05,315,active
BAT06043,DC007,MED018,221.73000000000025,2026-08-04,2027-11-10,2026-08-04,463,active
BAT06044,DC001,MED021,870.6399999999998,2026-08-04,2027-12-24,2026-08-04,507,active
BAT06045,DC004,MED022,89.59000000000007,2026-08-05,2027-10-30,2026-08-05,451,active
BAT06046,DC006,MED022,134.4399999999997,2026-08-07,2027-11-01,2026-08-07,451,active
BAT06047,DC002,MED025,575.6999999999995,2026-08-03,2027-11-07,2026-08-03,461,active
BAT06048,DC005,MED026,909.94,2026-08-06,2027-11-05,2026-08-06,456,active
BAT06049,DC003,MED027,412.9,2026-08-03,2027-10-21,2026-08-03,444,active
BAT06050,DC006,MED027,899.0,2026-08-07,2027-10-25,2026-08-07,444,active
BAT06051,DC001,MED028,28.18000000000025,2026-08-04,2027-11-10,2026-08-04,463,active
BAT06052,DC002,MED031,142.21000000000006,2026-08-03,2027-03-19,2026-08-03,228,active
BAT06053,DC007,MED031,137.97999999999945,2026-08-04,2027-03-20,2026-08-04,228,active
BAT06054,DC002,MED032,134.22000000000003,2026-08-03,2027-02-26,2026-08-03,207,active
BAT06055,DC008,MED032,235.80999999999997,2026-08-05,2027-02-28,2026-08-05,207,active
BAT06056,DC001,MED033,254.85999999999976,2026-08-04,2027-06-07,2026-08-04,307,active
BAT06057,DC002,MED033,155.3199999999999,2026-08-03,2027-06-06,2026-08-03,307,active
BAT06058,DC006,MED033,441.5599999999999,2026-08-07,2027-06-10,2026-08-07,307,active
BAT06059,DC001,MED034,368.6600000000011,2026-08-04,2027-09-24,2026-08-04,416,active
BAT06060,DC002,MED034,363.8099999999999,2026-08-03,2027-09-23,2026-08-03,416,active
BAT06061,DC003,MED035,0.0,2026-08-03,2027-02-24,2026-08-03,205,active
BAT06062,DC004,MED035,18.540000000000006,2026-08-05,2027-02-26,2026-08-05,205,active
BAT06063,DC005,MED036,144.8199999999997,2026-08-06,2027-10-08,2026-08-06,428,active
BAT06064,DC006,MED036,335.34999999999957,2026-08-07,2027-10-09,2026-08-07,428,active
BAT06065,DC004,MED037,1245.6500000000003,2026-08-05,2027-02-02,2026-08-05,181,active
BAT06066,DC002,MED038,686.9099999999999,2026-08-03,2028-01-21,2026-08-03,536,active
BAT06067,DC005,MED039,91.43000000000008,2026-08-06,2027-11-06,2026-08-06,457,active
BAT06068,DC005,MED040,326.02999999999975,2026-08-06,2027-10-31,2026-08-06,451,active
BAT06069,DC006,MED040,340.0,2026-08-07,2027-11-01,2026-08-07,451,active
BAT06070,DC002,MED002,76.83000000000018,2026-08-04,2027-12-05,2026-08-04,488,active
BAT06071,DC003,MED002,101.79999999999995,2026-08-04,2027-12-05,2026-08-04,488,active
BAT06072,DC004,MED003,614.8899999999998,2026-08-06,2027-05-25,2026-08-06,292,active
BAT06073,DC007,MED005,464.8600000000001,2026-08-05,2027-03-25,2026-08-05,232,active
BAT06074,DC008,MED005,494.0,2026-08-06,2027-03-26,2026-08-06,232,active
BAT06075,DC005,MED006,258.0,2026-08-07,2027-02-25,2026-08-07,202,active
BAT06076,DC008,MED006,206.83000000000013,2026-08-06,2027-02-24,2026-08-06,202,active
BAT06077,DC007,MED011,51.85000000000019,2026-08-05,2027-06-19,2026-08-05,318,active
BAT06078,DC007,MED012,890.0,2026-08-05,2027-02-17,2026-08-05,196,active
BAT06079,DC002,MED013,199.86999999999995,2026-08-04,2027-07-11,2026-08-04,341,active
BAT06080,DC003,MED013,151.35000000000042,2026-08-04,2027-07-11,2026-08-04,341,active
BAT06081,DC005,MED015,1132.3400000000008,2026-08-07,2027-09-10,2026-08-07,399,active
BAT06082,DC006,MED015,1245.0,2026-08-08,2027-09-11,2026-08-08,399,active
BAT06083,DC004,MED016,435.19000000000034,2026-08-06,2027-03-20,2026-08-06,226,active
BAT06084,DC005,MED018,289.32,2026-08-07,2027-11-13,2026-08-07,463,active
BAT06085,DC006,MED020,216.10000000000025,2026-08-08,2027-06-18,2026-08-08,314,active
BAT06086,DC004,MED021,1196.270000000001,2026-08-06,2027-12-26,2026-08-06,507,active
BAT06087,DC001,MED024,248.0200000000001,2026-08-05,2027-10-07,2026-08-05,428,active
BAT06088,DC006,MED024,344.0,2026-08-08,2027-10-10,2026-08-08,428,active
BAT06089,DC007,MED024,127.01000000000022,2026-08-05,2027-10-07,2026-08-05,428,active
BAT06090,DC008,MED024,302.28,2026-08-06,2027-10-08,2026-08-06,428,active
BAT06091,DC005,MED025,1266.0,2026-08-07,2027-11-11,2026-08-07,461,active
BAT06092,DC004,MED026,873.0799999999995,2026-08-06,2027-11-05,2026-08-06,456,active
BAT06093,DC008,MED027,663.5400000000001,2026-08-06,2027-10-24,2026-08-06,444,active
BAT06094,DC004,MED028,153.17000000000033,2026-08-06,2027-11-12,2026-08-06,463,active
BAT06095,DC006,MED029,507.0,2026-08-08,2027-03-10,2026-08-08,214,active
BAT06096,DC001,MED030,250.03000000000037,2026-08-05,2027-05-21,2026-08-05,289,active
BAT06097,DC007,MED030,344.97000000000025,2026-08-05,2027-05-21,2026-08-05,289,active
BAT06098,DC008,MED030,350.0,2026-08-06,2027-05-22,2026-08-06,289,active
BAT06099,DC001,MED031,137.51000000000033,2026-08-05,2027-03-21,2026-08-05,228,active
BAT06100,DC007,MED032,218.34000000000012,2026-08-05,2027-02-28,2026-08-05,207,active
BAT06101,DC004,MED033,329.85999999999984,2026-08-06,2027-06-09,2026-08-06,307,active
BAT06102,DC001,MED036,144.22000000000062,2026-08-05,2027-10-07,2026-08-05,428,active
BAT06103,DC001,MED037,636.2399999999998,2026-08-05,2027-02-02,2026-08-05,181,active
BAT06104,DC004,MED039,104.5600000000003,2026-08-06,2027-11-06,2026-08-06,457,active
BAT06105,DC006,MED039,146.68000000000035,2026-08-08,2027-11-08,2026-08-08,457,active
BAT06106,DC002,MED001,47.149999999998805,2026-08-05,2027-03-25,2026-08-05,232,active
BAT06107,DC004,MED001,52.130000000000464,2026-08-07,2027-03-27,2026-08-07,232,active
BAT06108,DC006,MED003,699.0,2026-08-09,2027-05-28,2026-08-09,292,active
BAT06109,DC008,MED003,699.0,2026-08-07,2027-05-26,2026-08-07,292,active
BAT06110,DC003,MED004,776.6600000000003,2026-08-05,2028-01-24,2026-08-05,537,active
BAT06111,DC003,MED005,429.2900000000004,2026-08-05,2027-03-25,2026-08-05,232,active
BAT06112,DC006,MED006,258.0,2026-08-09,2027-02-27,2026-08-09,202,active
BAT06113,DC001,MED007,444.4599999999999,2026-08-06,2027-07-02,2026-08-06,330,active
BAT06114,DC001,MED011,286.25000000000006,2026-08-06,2027-06-20,2026-08-06,318,active
BAT06115,DC008,MED011,332.65000000000003,2026-08-07,2027-06-21,2026-08-07,318,active
BAT06116,DC005,MED012,890.0,2026-08-08,2027-02-20,2026-08-08,196,active
BAT06117,DC008,MED019,318.54000000000025,2026-08-07,2027-12-28,2026-08-07,508,active
BAT06118,DC001,MED020,120.99000000000017,2026-08-06,2027-06-16,2026-08-06,314,active
BAT06119,DC005,MED020,225.53999999999968,2026-08-08,2027-06-18,2026-08-08,314,active
BAT06120,DC002,MED022,71.33000000000004,2026-08-05,2027-10-30,2026-08-05,451,active
BAT06121,DC007,MED025,1072.4500000000005,2026-08-06,2027-11-10,2026-08-06,461,active
BAT06122,DC006,MED030,350.0,2026-08-09,2027-05-25,2026-08-09,289,active
BAT06123,DC003,MED032,214.76,2026-08-05,2027-02-28,2026-08-05,207,active
BAT06124,DC005,MED033,379.57000000000016,2026-08-08,2027-06-11,2026-08-08,307,active
BAT06125,DC005,MED034,1036.0,2026-08-08,2027-09-28,2026-08-08,416,active
BAT06126,DC002,MED035,169.56999999999977,2026-08-05,2027-02-26,2026-08-05,205,active
BAT06127,DC006,MED035,312.99000000000046,2026-08-09,2027-03-02,2026-08-09,205,active
BAT06128,DC008,MED038,1406.3100000000009,2026-08-07,2028-01-25,2026-08-07,536,active
BAT06129,DC002,MED039,19.10000000000027,2026-08-05,2027-11-05,2026-08-05,457,active
BAT06130,DC007,MED001,70.49000000000024,2026-08-07,2027-03-27,2026-08-07,232,active
BAT06131,DC003,MED003,423.7699999999998,2026-08-06,2027-05-25,2026-08-06,292,active
BAT06132,DC003,MED011,93.2800000000001,2026-08-06,2027-06-20,2026-08-06,318,active
BAT06133,DC006,MED011,380.44999999999976,2026-08-10,2027-06-24,2026-08-10,318,active
BAT06134,DC003,MED017,59.78000000000005,2026-08-06,2027-12-04,2026-08-06,485,active
BAT06135,DC006,MED017,212.84000000000043,2026-08-10,2027-12-08,2026-08-10,485,active
BAT06136,DC004,MED020,218.33999999999992,2026-08-08,2027-06-18,2026-08-08,314,active
BAT06137,DC008,MED021,1262.2500000000011,2026-08-08,2027-12-28,2026-08-08,507,active
BAT06138,DC005,MED022,318.91000000000054,2026-08-09,2027-11-03,2026-08-09,451,active
BAT06139,DC006,MED026,1028.0,2026-08-10,2027-11-09,2026-08-10,456,active
BAT06140,DC007,MED028,155.42000000000036,2026-08-07,2027-11-13,2026-08-07,463,active
BAT06141,DC007,MED029,430.79000000000025,2026-08-07,2027-03-09,2026-08-07,214,active
BAT06142,DC003,MED030,342.99999999999994,2026-08-06,2027-05-22,2026-08-06,289,active
BAT06143,DC006,MED032,413.0,2026-08-10,2027-03-05,2026-08-10,207,active
BAT06144,DC003,MED034,592.5999999999997,2026-08-06,2027-09-26,2026-08-06,416,active
BAT06145,DC008,MED034,1036.0,2026-08-08,2027-09-28,2026-08-08,416,active
BAT06146,DC004,MED036,548.3,2026-08-08,2027-10-10,2026-08-08,428,active
BAT06147,DC007,MED036,407.97999999999973,2026-08-07,2027-10-09,2026-08-07,428,active
BAT06148,DC005,MED038,1426.0,2026-08-09,2028-01-27,2026-08-09,536,active
BAT06149,DC004,MED040,340.0,2026-08-08,2027-11-02,2026-08-08,451,active
BAT06150,DC001,MED001,112.33999999999963,2026-08-08,2027-03-28,2026-08-08,232,active
BAT06151,DC003,MED001,90.78000000000029,2026-08-07,2027-03-27,2026-08-07,232,active
BAT06152,DC005,MED001,166.31999999999985,2026-08-10,2027-03-30,2026-08-10,232,active
BAT06153,DC008,MED001,124.83000000000004,2026-08-09,2027-03-29,2026-08-09,232,active
BAT06154,DC001,MED002,192.15999999999988,2026-08-08,2027-12-09,2026-08-08,488,active
BAT06155,DC004,MED002,215.3000000000001,2026-08-09,2027-12-10,2026-08-09,488,active
BAT06156,DC007,MED002,175.15999999999983,2026-08-08,2027-12-09,2026-08-08,488,active
BAT06157,DC008,MED004,1309.0,2026-08-09,2028-01-28,2026-08-09,537,active
BAT06158,DC002,MED005,494.0,2026-08-07,2027-03-27,2026-08-07,232,active
BAT06159,DC003,MED007,446.9199999999995,2026-08-07,2027-07-03,2026-08-07,330,active
BAT06160,DC004,MED007,625.0,2026-08-09,2027-07-05,2026-08-09,330,active
BAT06161,DC003,MED008,760.8299999999999,2026-08-07,2027-07-01,2026-08-07,328,active
BAT06162,DC005,MED008,1205.0,2026-08-10,2027-07-04,2026-08-10,328,active
BAT06163,DC007,MED009,1340.2699999999998,2026-08-08,2027-08-09,2026-08-08,366,active
BAT06164,DC007,MED010,509.1999999999996,2026-08-08,2028-01-19,2026-08-08,529,active
BAT06165,DC002,MED011,190.23,2026-08-07,2027-06-21,2026-08-07,318,active
BAT06166,DC004,MED013,361.0,2026-08-09,2027-07-16,2026-08-09,341,active
BAT06167,DC005,MED013,361.0,2026-08-10,2027-07-17,2026-08-10,341,active
BAT06168,DC004,MED014,437.0,2026-08-09,2027-06-20,2026-08-09,315,active
BAT06169,DC003,MED015,852.5,2026-08-07,2027-09-10,2026-08-07,399,active
BAT06170,DC004,MED018,429.0,2026-08-09,2027-11-15,2026-08-09,463,active
BAT06171,DC002,MED019,301.5300000000001,2026-08-07,2027-12-28,2026-08-07,508,active
BAT06172,DC005,MED019,424.77999999999986,2026-08-10,2027-12-31,2026-08-10,508,active
BAT06173,DC002,MED020,187.07000000000008,2026-08-07,2027-06-17,2026-08-07,314,active
BAT06174,DC003,MED020,118.0499999999998,2026-08-07,2027-06-17,2026-08-07,314,active
BAT06175,DC007,MED020,229.77000000000004,2026-08-08,2027-06-18,2026-08-08,314,active
BAT06176,DC001,MED022,227.64999999999984,2026-08-08,2027-11-02,2026-08-08,451,active
BAT06177,DC003,MED022,150.02000000000004,2026-08-07,2027-11-01,2026-08-07,451,active
BAT06178,DC005,MED023,642.0,2026-08-10,2027-07-13,2026-08-10,337,active
BAT06179,DC005,MED024,344.0,2026-08-10,2027-10-12,2026-08-10,428,active
BAT06180,DC004,MED025,1266.0,2026-08-09,2027-11-13,2026-08-09,461,active
BAT06181,DC001,MED027,804.6800000000006,2026-08-08,2027-10-26,2026-08-08,444,active
BAT06182,DC005,MED028,288.0499999999999,2026-08-10,2027-11-16,2026-08-10,463,active
BAT06183,DC006,MED028,295.9100000000004,2026-08-11,2027-11-17,2026-08-11,463,active
BAT06184,DC004,MED029,507.0,2026-08-09,2027-03-11,2026-08-09,214,active
BAT06185,DC008,MED029,480.0499999999999,2026-08-09,2027-03-11,2026-08-09,214,active
BAT06186,DC007,MED033,411.1599999999998,2026-08-08,2027-06-11,2026-08-08,307,active
BAT06187,DC006,MED034,1036.0,2026-08-11,2027-10-01,2026-08-11,416,active
BAT06188,DC001,MED035,218.3200000000001,2026-08-08,2027-03-01,2026-08-08,205,active
BAT06189,DC008,MED035,291.1200000000001,2026-08-09,2027-03-02,2026-08-09,205,active
BAT06190,DC007,MED038,1350.4700000000005,2026-08-08,2028-01-26,2026-08-08,536,active
BAT06191,DC008,MED039,274.1000000000001,2026-08-09,2027-11-09,2026-08-09,457,active
BAT06192,DC007,MED040,340.0,2026-08-08,2027-11-02,2026-08-08,451,active
BAT06193,DC006,MED001,215.0,2026-08-12,2027-04-01,2026-08-12,232,active
BAT06194,DC006,MED002,219.0,2026-08-12,2027-12-13,2026-08-12,488,active
BAT06195,DC001,MED004,1292.2500000000005,2026-08-09,2028-01-28,2026-08-09,537,active
BAT06196,DC002,MED007,596.0000000000001,2026-08-08,2027-07-04,2026-08-08,330,active
BAT06197,DC005,MED007,625.0,2026-08-11,2027-07-07,2026-08-11,330,active
BAT06198,DC002,MED008,949.79,2026-08-08,2027-07-02,2026-08-08,328,active
BAT06199,DC001,MED009,1261.9499999999994,2026-08-09,2027-08-10,2026-08-09,366,active
BAT06200,DC003,MED009,1211.5600000000002,2026-08-08,2027-08-09,2026-08-08,366,active
BAT06201,DC004,MED009,1366.0,2026-08-10,2027-08-11,2026-08-10,366,active
BAT06202,DC001,MED010,549.0,2026-08-09,2028-01-20,2026-08-09,529,active
BAT06203,DC004,MED011,466.81000000000006,2026-08-10,2027-06-24,2026-08-10,318,active
BAT06204,DC006,MED014,437.0,2026-08-12,2027-06-23,2026-08-12,315,active
BAT06205,DC007,MED014,377.3100000000005,2026-08-09,2027-06-20,2026-08-09,315,active
BAT06206,DC001,MED015,1245.0,2026-08-09,2027-09-12,2026-08-09,399,active
BAT06207,DC001,MED017,233.87000000000012,2026-08-09,2027-12-07,2026-08-09,485,active
BAT06208,DC002,MED017,144.23000000000036,2026-08-08,2027-12-06,2026-08-08,485,active
BAT06209,DC005,MED017,292.0,2026-08-11,2027-12-09,2026-08-11,485,active
BAT06210,DC008,MED017,241.78000000000017,2026-08-10,2027-12-08,2026-08-10,485,active
BAT06211,DC008,MED020,325.17999999999984,2026-08-10,2027-06-20,2026-08-10,314,active
BAT06212,DC007,MED021,1413.0,2026-08-09,2027-12-29,2026-08-09,507,active
BAT06213,DC007,MED022,285.4900000000004,2026-08-09,2027-11-03,2026-08-09,451,active
BAT06214,DC008,MED025,1266.0,2026-08-10,2027-11-14,2026-08-10,461,active
BAT06215,DC005,MED027,899.0,2026-08-11,2027-10-29,2026-08-11,444,active
BAT06216,DC003,MED028,179.8899999999989,2026-08-08,2027-11-14,2026-08-08,463,active
BAT06217,DC008,MED028,295.0999999999999,2026-08-10,2027-11-16,2026-08-10,463,active
BAT06218,DC003,MED031,278.30999999999995,2026-08-08,2027-03-24,2026-08-08,228,active
BAT06219,DC004,MED031,346.0,2026-08-10,2027-03-26,2026-08-10,228,active
BAT06220,DC008,MED031,346.0,2026-08-10,2027-03-26,2026-08-10,228,active
BAT06221,DC001,MED032,407.70999999999975,2026-08-09,2027-03-04,2026-08-09,207,active
BAT06222,DC004,MED032,413.0,2026-08-10,2027-03-05,2026-08-10,207,active
BAT06223,DC003,MED033,413.94999999999976,2026-08-08,2027-06-11,2026-08-08,307,active
BAT06224,DC004,MED034,1036.0,2026-08-10,2027-09-30,2026-08-10,416,active
BAT06225,DC007,MED034,1036.0,2026-08-09,2027-09-29,2026-08-09,416,active
BAT06226,DC007,MED035,327.12,2026-08-09,2027-03-02,2026-08-09,205,active
BAT06227,DC003,MED036,467.18999999999915,2026-08-08,2027-10-10,2026-08-08,428,active
BAT06228,DC007,MED037,1365.0,2026-08-09,2027-02-06,2026-08-09,181,active
BAT06229,DC003,MED039,154.19999999999916,2026-08-08,2027-11-08,2026-08-08,457,active
BAT06230,DC007,MED039,228.48000000000025,2026-08-09,2027-11-09,2026-08-09,457,active
BAT06231,DC005,MED002,219.0,2026-08-12,2027-12-13,2026-08-12,488,active
BAT06232,DC005,MED004,1309.0,2026-08-12,2028-01-31,2026-08-12,537,active
BAT06233,DC003,MED006,228.95,2026-08-09,2027-02-27,2026-08-09,202,active
BAT06234,DC004,MED008,1205.0,2026-08-11,2027-07-05,2026-08-11,328,active
BAT06235,DC008,MED008,1205.0,2026-08-11,2027-07-05,2026-08-11,328,active
BAT06236,DC006,MED013,361.0,2026-08-13,2027-07-20,2026-08-13,341,active
BAT06237,DC002,MED014,437.0,2026-08-09,2027-06-20,2026-08-09,315,active
BAT06238,DC003,MED014,407.34,2026-08-09,2027-06-20,2026-08-09,315,active
BAT06239,DC005,MED014,437.0,2026-08-12,2027-06-23,2026-08-12,315,active
BAT06240,DC004,MED017,292.0,2026-08-11,2027-12-09,2026-08-11,485,active
BAT06241,DC001,MED018,363.4399999999997,2026-08-10,2027-11-16,2026-08-10,463,active
BAT06242,DC006,MED018,429.0,2026-08-13,2027-11-19,2026-08-13,463,active
BAT06243,DC001,MED019,396.2300000000003,2026-08-10,2027-12-31,2026-08-10,508,active
BAT06244,DC003,MED019,518.71,2026-08-09,2027-12-30,2026-08-09,508,active
BAT06245,DC004,MED019,609.0,2026-08-11,2028-01-01,2026-08-11,508,active
BAT06246,DC005,MED021,1413.0,2026-08-12,2028-01-01,2026-08-12,507,active
BAT06247,DC008,MED022,408.1100000000001,2026-08-11,2027-11-05,2026-08-11,451,active
BAT06248,DC004,MED024,344.0,2026-08-11,2027-10-13,2026-08-11,428,active
BAT06249,DC001,MED025,1266.0,2026-08-10,2027-11-14,2026-08-10,461,active
BAT06250,DC002,MED026,1028.0,2026-08-09,2027-11-08,2026-08-09,456,active
BAT06251,DC002,MED028,242.0000000000002,2026-08-09,2027-11-15,2026-08-09,463,active
BAT06252,DC002,MED029,485.6400000000003,2026-08-09,2027-03-11,2026-08-09,214,active
BAT06253,DC005,MED029,507.0,2026-08-12,2027-03-14,2026-08-12,214,active
BAT06254,DC005,MED032,413.0,2026-08-12,2027-03-07,2026-08-12,207,active
BAT06255,DC005,MED035,466.0,2026-08-12,2027-03-05,2026-08-12,205,active
BAT06256,DC002,MED036,519.53,2026-08-09,2027-10-11,2026-08-09,428,active
BAT06257,DC008,MED036,735.8500000000007,2026-08-11,2027-10-13,2026-08-11,428,active
BAT06258,DC003,MED037,1354.1,2026-08-09,2027-02-06,2026-08-09,181,active
BAT06259,DC005,MED037,1365.0,2026-08-12,2027-02-09,2026-08-12,181,active
BAT06260,DC006,MED037,1365.0,2026-08-13,2027-02-10,2026-08-13,181,active
BAT06261,DC001,MED039,314.0,2026-08-10,2027-11-10,2026-08-10,457,active
BAT06262,DC004,MED004,1309.0,2026-08-12,2028-01-31,2026-08-12,537,active
BAT06263,DC001,MED008,1205.0,2026-08-11,2027-07-05,2026-08-11,328,active
BAT06264,DC006,MED009,1366.0,2026-08-14,2027-08-15,2026-08-14,366,active
BAT06265,DC008,MED009,1366.0,2026-08-12,2027-08-13,2026-08-12,366,active
BAT06266,DC005,MED011,520.0,2026-08-13,2027-06-27,2026-08-13,318,active
BAT06267,DC006,MED012,890.0,2026-08-14,2027-02-26,2026-08-14,196,active
BAT06268,DC007,MED013,361.0,2026-08-11,2027-07-18,2026-08-11,341,active
BAT06269,DC002,MED015,1245.0,2026-08-10,2027-09-13,2026-08-10,399,active
BAT06270,DC008,MED015,1245.0,2026-08-12,2027-09-15,2026-08-12,399,active
BAT06271,DC003,MED016,435.2699999999997,2026-08-10,2027-03-24,2026-08-10,226,active
BAT06272,DC007,MED017,292.0,2026-08-11,2027-12-09,2026-08-11,485,active
BAT06273,DC002,MED018,429.0,2026-08-10,2027-11-16,2026-08-10,463,active
BAT06274,DC008,MED018,429.0,2026-08-12,2027-11-18,2026-08-12,463,active
BAT06275,DC006,MED019,609.0,2026-08-14,2028-01-04,2026-08-14,508,active
BAT06276,DC007,MED019,535.3900000000001,2026-08-11,2028-01-01,2026-08-11,508,active
BAT06277,DC006,MED021,1413.0,2026-08-14,2028-01-03,2026-08-14,507,active
BAT06278,DC004,MED022,424.0,2026-08-12,2027-11-06,2026-08-12,451,active
BAT06279,DC003,MED023,642.0,2026-08-10,2027-07-13,2026-08-10,337,active
BAT06280,DC006,MED023,642.0,2026-08-14,2027-07-17,2026-08-14,337,active
BAT06281,DC003,MED024,344.0,2026-08-10,2027-10-12,2026-08-10,428,active
BAT06282,DC006,MED025,1266.0,2026-08-14,2027-11-18,2026-08-14,461,active
BAT06283,DC007,MED026,1028.0,2026-08-11,2027-11-10,2026-08-11,456,active
BAT06284,DC001,MED028,349.0,2026-08-11,2027-11-17,2026-08-11,463,active
BAT06285,DC004,MED035,466.0,2026-08-12,2027-03-05,2026-08-12,205,active
BAT06286,DC005,MED036,756.0,2026-08-13,2027-10-15,2026-08-13,428,active
BAT06287,DC002,MED037,1365.0,2026-08-10,2027-02-07,2026-08-10,181,active
BAT06288,DC005,MED039,314.0,2026-08-13,2027-11-13,2026-08-13,457,active
BAT06289,DC002,MED040,340.0,2026-08-10,2027-11-04,2026-08-10,451,active
BAT06290,DC004,MED001,215.0,2026-08-13,2027-04-02,2026-08-13,232,active
BAT06291,DC008,MED002,219.0,2026-08-13,2027-12-14,2026-08-13,488,active
BAT06292,DC005,MED003,699.0,2026-08-14,2027-06-02,2026-08-14,292,active
BAT06293,DC007,MED006,258.0,2026-08-12,2027-03-02,2026-08-12,202,active
BAT06294,DC006,MED007,625.0,2026-08-15,2027-07-11,2026-08-15,330,active
BAT06295,DC007,MED007,625.0,2026-08-12,2027-07-08,2026-08-12,330,active
BAT06296,DC006,MED008,1205.0,2026-08-15,2027-07-09,2026-08-15,328,active
BAT06297,DC007,MED008,1205.0,2026-08-12,2027-07-06,2026-08-12,328,active
BAT06298,DC007,MED011,520.0,2026-08-12,2027-06-26,2026-08-12,318,active
BAT06299,DC001,MED013,361.0,2026-08-12,2027-07-19,2026-08-12,341,active
BAT06300,DC008,MED013,361.0,2026-08-13,2027-07-20,2026-08-13,341,active
BAT06301,DC006,MED016,454.0,2026-08-15,2027-03-29,2026-08-15,226,active
BAT06302,DC003,MED018,429.0,2026-08-11,2027-11-17,2026-08-11,463,active
BAT06303,DC003,MED021,1413.0,2026-08-11,2027-12-31,2026-08-11,507,active
BAT06304,DC006,MED022,424.0,2026-08-15,2027-11-09,2026-08-15,451,active
BAT06305,DC002,MED024,344.0,2026-08-11,2027-10-13,2026-08-11,428,active
BAT06306,DC001,MED026,1028.0,2026-08-12,2027-11-11,2026-08-12,456,active
BAT06307,DC008,MED026,1028.0,2026-08-13,2027-11-12,2026-08-13,456,active
BAT06308,DC004,MED027,899.0,2026-08-13,2027-10-31,2026-08-13,444,active
BAT06309,DC001,MED029,507.0,2026-08-12,2027-03-14,2026-08-12,214,active
BAT06310,DC003,MED029,507.0,2026-08-11,2027-03-13,2026-08-11,214,active
BAT06311,DC008,MED033,442.0,2026-08-13,2027-06-16,2026-08-13,307,active
BAT06312,DC001,MED034,1036.0,2026-08-12,2027-10-02,2026-08-12,416,active
BAT06313,DC003,MED035,462.0000000000002,2026-08-11,2027-03-04,2026-08-11,205,active
BAT06314,DC001,MED036,756.0,2026-08-12,2027-10-14,2026-08-12,428,active
BAT06315,DC006,MED036,756.0,2026-08-15,2027-10-17,2026-08-15,428,active
BAT06316,DC008,MED037,1365.0,2026-08-13,2027-02-10,2026-08-13,181,active
BAT06317,DC003,MED038,1426.0,2026-08-11,2028-01-29,2026-08-11,536,active
BAT06318,DC002,MED039,314.0,2026-08-11,2027-11-11,2026-08-11,457,active
BAT06319,DC001,MED040,340.0,2026-08-12,2027-11-06,2026-08-12,451,active
BAT06320,DC008,MED040,340.0,2026-08-13,2027-11-07,2026-08-13,451,active
BAT06321,DC002,MED006,258.0,2026-08-12,2027-03-02,2026-08-12,202,active
BAT06322,DC002,MED009,1366.0,2026-08-12,2027-08-13,2026-08-12,366,active
BAT06323,DC005,MED009,1366.0,2026-08-15,2027-08-16,2026-08-15,366,active
BAT06324,DC004,MED010,549.0,2026-08-14,2028-01-25,2026-08-14,529,active
BAT06325,DC008,MED010,549.0,2026-08-14,2028-01-25,2026-08-14,529,active
BAT06326,DC003,MED011,520.0,2026-08-12,2027-06-26,2026-08-12,318,active
BAT06327,DC004,MED012,890.0,2026-08-14,2027-02-26,2026-08-14,196,active
BAT06328,DC001,MED014,437.0,2026-08-13,2027-06-24,2026-08-13,315,active
BAT06329,DC004,MED015,1245.0,2026-08-14,2027-09-17,2026-08-14,399,active
BAT06330,DC007,MED015,1245.0,2026-08-13,2027-09-16,2026-08-13,399,active
BAT06331,DC001,MED016,454.0,2026-08-13,2027-03-27,2026-08-13,226,active
BAT06332,DC007,MED016,454.0,2026-08-13,2027-03-27,2026-08-13,226,active
BAT06333,DC005,MED018,429.0,2026-08-15,2027-11-21,2026-08-15,463,active
BAT06334,DC008,MED019,609.0,2026-08-14,2028-01-04,2026-08-14,508,active
BAT06335,DC001,MED020,376.0,2026-08-13,2027-06-23,2026-08-13,314,active
BAT06336,DC005,MED020,376.0,2026-08-15,2027-06-25,2026-08-15,314,active
BAT06337,DC006,MED020,376.0,2026-08-16,2027-06-26,2026-08-16,314,active
BAT06338,DC002,MED021,1413.0,2026-08-12,2028-01-01,2026-08-12,507,active
BAT06339,DC008,MED023,642.0,2026-08-14,2027-07-17,2026-08-14,337,active
BAT06340,DC007,MED024,344.0,2026-08-13,2027-10-15,2026-08-13,428,active
BAT06341,DC002,MED027,899.0,2026-08-12,2027-10-30,2026-08-12,444,active
BAT06342,DC007,MED027,899.0,2026-08-13,2027-10-31,2026-08-13,444,active
BAT06343,DC004,MED028,349.0,2026-08-14,2027-11-20,2026-08-14,463,active
BAT06344,DC005,MED030,350.0,2026-08-15,2027-05-31,2026-08-15,289,active
BAT06345,DC007,MED031,346.0,2026-08-13,2027-03-29,2026-08-13,228,active
BAT06346,DC008,MED032,413.0,2026-08-14,2027-03-09,2026-08-14,207,active
BAT06347,DC006,MED038,1426.0,2026-08-16,2028-02-03,2026-08-16,536,active
BAT06348,DC004,MED039,314.0,2026-08-14,2027-11-14,2026-08-14,457,active
BAT06349,DC006,MED039,314.0,2026-08-16,2027-11-16,2026-08-16,457,active
BAT06350,DC003,MED040,340.0,2026-08-12,2027-11-06,2026-08-12,451,active
BAT06351,DC002,MED001,215.0,2026-08-13,2027-04-02,2026-08-13,232,active
BAT06352,DC007,MED001,215.0,2026-08-14,2027-04-03,2026-08-14,232,active
BAT06353,DC002,MED002,219.0,2026-08-13,2027-12-14,2026-08-13,488,active
BAT06354,DC001,MED003,699.0,2026-08-14,2027-06-02,2026-08-14,292,active
BAT06355,DC002,MED003,699.0,2026-08-13,2027-06-01,2026-08-13,292,active
BAT06356,DC007,MED003,699.0,2026-08-14,2027-06-02,2026-08-14,292,active
BAT06357,DC007,MED004,1309.0,2026-08-14,2028-02-02,2026-08-14,537,active
BAT06358,DC004,MED005,494.0,2026-08-15,2027-04-04,2026-08-15,232,active
BAT06359,DC001,MED006,258.0,2026-08-14,2027-03-04,2026-08-14,202,active
BAT06360,DC002,MED010,549.0,2026-08-13,2028-01-24,2026-08-13,529,active
BAT06361,DC008,MED011,520.0,2026-08-15,2027-06-29,2026-08-15,318,active
BAT06362,DC008,MED016,454.0,2026-08-15,2027-03-29,2026-08-15,226,active
BAT06363,DC003,MED017,292.0,2026-08-13,2027-12-11,2026-08-13,485,active
BAT06364,DC002,MED022,424.0,2026-08-13,2027-11-07,2026-08-13,451,active
BAT06365,DC003,MED025,1266.0,2026-08-13,2027-11-17,2026-08-13,461,active
BAT06366,DC007,MED028,349.0,2026-08-14,2027-11-20,2026-08-14,463,active
BAT06367,DC002,MED030,350.0,2026-08-13,2027-05-29,2026-08-13,289,active
BAT06368,DC004,MED030,350.0,2026-08-15,2027-05-31,2026-08-15,289,active
BAT06369,DC001,MED031,346.0,2026-08-14,2027-03-30,2026-08-14,228,active
BAT06370,DC005,MED031,346.0,2026-08-16,2027-04-01,2026-08-16,228,active
BAT06371,DC002,MED032,413.0,2026-08-13,2027-03-08,2026-08-13,207,active
BAT06372,DC007,MED032,413.0,2026-08-14,2027-03-09,2026-08-14,207,active
BAT06373,DC002,MED033,442.0,2026-08-13,2027-06-16,2026-08-13,307,active
BAT06374,DC005,MED033,442.0,2026-08-16,2027-06-19,2026-08-16,307,active
BAT06375,DC002,MED034,1036.0,2026-08-13,2027-10-03,2026-08-13,416,active
BAT06376,DC006,MED035,466.0,2026-08-17,2027-03-10,2026-08-17,205,active
BAT06377,DC007,MED036,756.0,2026-08-14,2027-10-16,2026-08-14,428,active
BAT06378,DC001,MED037,1365.0,2026-08-14,2027-02-11,2026-08-14,181,active
BAT06379,DC001,MED038,1426.0,2026-08-14,2028-02-01,2026-08-14,536,active
BAT06380,DC004,MED038,1426.0,2026-08-15,2028-02-02,2026-08-15,536,active
BAT06381,DC001,MED001,215.0,2026-08-15,2027-04-04,2026-08-15,232,active
BAT06382,DC003,MED001,215.0,2026-08-14,2027-04-03,2026-08-14,232,active
BAT06383,DC005,MED001,215.0,2026-08-17,2027-04-06,2026-08-17,232,active
BAT06384,DC008,MED001,215.0,2026-08-16,2027-04-05,2026-08-16,232,active
BAT06385,DC002,MED004,1309.0,2026-08-14,2028-02-02,2026-08-14,537,active
BAT06386,DC006,MED004,1309.0,2026-08-18,2028-02-06,2026-08-18,537,active
BAT06387,DC005,MED005,494.0,2026-08-17,2027-04-06,2026-08-17,232,active
BAT06388,DC004,MED006,258.0,2026-08-16,2027-03-06,2026-08-16,202,active
BAT06389,DC006,MED006,258.0,2026-08-18,2027-03-08,2026-08-18,202,active
BAT06390,DC008,MED007,625.0,2026-08-16,2027-07-12,2026-08-16,330,active
BAT06391,DC003,MED010,549.0,2026-08-14,2028-01-25,2026-08-14,529,active
BAT06392,DC001,MED011,520.0,2026-08-15,2027-06-29,2026-08-15,318,active
BAT06393,DC002,MED011,520.0,2026-08-14,2027-06-28,2026-08-14,318,active
BAT06394,DC006,MED011,520.0,2026-08-18,2027-07-02,2026-08-18,318,active
BAT06395,DC001,MED012,890.0,2026-08-15,2027-02-27,2026-08-15,196,active
BAT06396,DC003,MED012,890.0,2026-08-14,2027-02-26,2026-08-14,196,active
BAT06397,DC003,MED013,361.0,2026-08-14,2027-07-21,2026-08-14,341,active
BAT06398,DC005,MED015,1245.0,2026-08-17,2027-09-20,2026-08-17,399,active
BAT06399,DC002,MED016,454.0,2026-08-14,2027-03-28,2026-08-14,226,active
BAT06400,DC006,MED017,292.0,2026-08-18,2027-12-16,2026-08-18,485,active
BAT06401,DC007,MED018,429.0,2026-08-15,2027-11-21,2026-08-15,463,active
BAT06402,DC005,MED019,609.0,2026-08-17,2028-01-07,2026-08-17,508,active
BAT06403,DC003,MED020,376.0,2026-08-14,2027-06-24,2026-08-14,314,active
BAT06404,DC004,MED020,376.0,2026-08-16,2027-06-26,2026-08-16,314,active
BAT06405,DC001,MED021,1413.0,2026-08-15,2028-01-04,2026-08-15,507,active
BAT06406,DC001,MED022,424.0,2026-08-15,2027-11-09,2026-08-15,451,active
BAT06407,DC003,MED022,424.0,2026-08-14,2027-11-08,2026-08-14,451,active
BAT06408,DC005,MED022,424.0,2026-08-17,2027-11-11,2026-08-17,451,active
BAT06409,DC001,MED023,642.0,2026-08-15,2027-07-18,2026-08-15,337,active
BAT06410,DC004,MED023,642.0,2026-08-16,2027-07-19,2026-08-16,337,active
BAT06411,DC006,MED024,344.0,2026-08-18,2027-10-20,2026-08-18,428,active
BAT06412,DC002,MED025,1266.0,2026-08-14,2027-11-18,2026-08-14,461,active
BAT06413,DC003,MED026,1028.0,2026-08-14,2027-11-13,2026-08-14,456,active
BAT06414,DC005,MED026,1028.0,2026-08-17,2027-11-16,2026-08-17,456,active
BAT06415,DC003,MED027,899.0,2026-08-14,2027-11-01,2026-08-14,444,active
BAT06416,DC006,MED027,899.0,2026-08-18,2027-11-05,2026-08-18,444,active
BAT06417,DC008,MED027,899.0,2026-08-16,2027-11-03,2026-08-16,444,active
BAT06418,DC005,MED028,349.0,2026-08-17,2027-11-23,2026-08-17,463,active
BAT06419,DC002,MED031,346.0,2026-08-14,2027-03-30,2026-08-14,228,active
BAT06420,DC001,MED033,442.0,2026-08-15,2027-06-18,2026-08-15,307,active
BAT06421,DC004,MED033,442.0,2026-08-16,2027-06-19,2026-08-16,307,active
BAT06422,DC006,MED033,442.0,2026-08-18,2027-06-21,2026-08-18,307,active
BAT06423,DC001,MED035,466.0,2026-08-15,2027-03-08,2026-08-15,205,active
BAT06424,DC002,MED035,466.0,2026-08-14,2027-03-07,2026-08-14,205,active
BAT06425,DC008,MED035,466.0,2026-08-16,2027-03-09,2026-08-16,205,active
BAT06426,DC004,MED036,756.0,2026-08-16,2027-10-18,2026-08-16,428,active
BAT06427,DC002,MED038,1426.0,2026-08-14,2028-02-01,2026-08-14,536,active
BAT06428,DC005,MED040,340.0,2026-08-17,2027-11-11,2026-08-17,451,active
BAT06429,DC003,MED002,219.0,2026-08-15,2027-12-16,2026-08-15,488,active
BAT06430,DC004,MED003,699.0,2026-08-17,2027-06-05,2026-08-17,292,active
BAT06431,DC003,MED004,1309.0,2026-08-15,2028-02-03,2026-08-15,537,active
BAT06432,DC005,MED006,258.0,2026-08-18,2027-03-08,2026-08-18,202,active
BAT06433,DC008,MED006,258.0,2026-08-17,2027-03-07,2026-08-17,202,active
BAT06434,DC001,MED007,625.0,2026-08-16,2027-07-12,2026-08-16,330,active
BAT06435,DC006,MED010,549.0,2026-08-19,2028-01-30,2026-08-19,529,active
BAT06436,DC004,MED011,520.0,2026-08-17,2027-07-01,2026-08-17,318,active
BAT06437,DC002,MED013,361.0,2026-08-15,2027-07-22,2026-08-15,341,active
BAT06438,DC008,MED014,437.0,2026-08-17,2027-06-28,2026-08-17,315,active
BAT06439,DC005,MED016,454.0,2026-08-18,2027-04-01,2026-08-18,226,active
BAT06440,DC002,MED017,292.0,2026-08-15,2027-12-13,2026-08-15,485,active
BAT06441,DC005,MED017,292.0,2026-08-18,2027-12-16,2026-08-18,485,active
BAT06442,DC008,MED017,292.0,2026-08-17,2027-12-15,2026-08-17,485,active
BAT06443,DC001,MED019,609.0,2026-08-16,2028-01-06,2026-08-16,508,active
BAT06444,DC002,MED019,609.0,2026-08-15,2028-01-05,2026-08-15,508,active
BAT06445,DC002,MED020,376.0,2026-08-15,2027-06-25,2026-08-15,314,active
BAT06446,DC007,MED020,376.0,2026-08-16,2027-06-26,2026-08-16,314,active
BAT06447,DC008,MED020,376.0,2026-08-17,2027-06-27,2026-08-17,314,active
BAT06448,DC004,MED021,1413.0,2026-08-17,2028-01-06,2026-08-17,507,active
BAT06449,DC008,MED021,1413.0,2026-08-17,2028-01-06,2026-08-17,507,active
BAT06450,DC007,MED022,424.0,2026-08-16,2027-11-10,2026-08-16,451,active
BAT06451,DC001,MED024,344.0,2026-08-16,2027-10-18,2026-08-16,428,active
BAT06452,DC008,MED024,344.0,2026-08-17,2027-10-19,2026-08-17,428,active
BAT06453,DC005,MED025,1266.0,2026-08-18,2027-11-22,2026-08-18,461,active
BAT06454,DC004,MED026,1028.0,2026-08-17,2027-11-16,2026-08-17,456,active
BAT06455,DC003,MED028,349.0,2026-08-15,2027-11-21,2026-08-15,463,active
BAT06456,DC006,MED028,349.0,2026-08-19,2027-11-25,2026-08-19,463,active
BAT06457,DC008,MED028,349.0,2026-08-17,2027-11-23,2026-08-17,463,active
BAT06458,DC006,MED029,507.0,2026-08-19,2027-03-21,2026-08-19,214,active
BAT06459,DC001,MED030,350.0,2026-08-16,2027-06-01,2026-08-16,289,active
BAT06460,DC006,MED031,346.0,2026-08-19,2027-04-04,2026-08-19,228,active
BAT06461,DC003,MED032,413.0,2026-08-15,2027-03-10,2026-08-15,207,active
BAT06462,DC003,MED034,1036.0,2026-08-15,2027-10-05,2026-08-15,416,active
BAT06463,DC007,MED035,466.0,2026-08-16,2027-03-09,2026-08-16,205,active
BAT06464,DC003,MED039,314.0,2026-08-15,2027-11-15,2026-08-15,457,active
BAT06465,DC007,MED039,314.0,2026-08-16,2027-11-16,2026-08-16,457,active
BAT06466,DC008,MED039,314.0,2026-08-17,2027-11-17,2026-08-17,457,active
BAT_DEMO01,DC001,MED003,200,2026-07-15,2026-09-15,2026-07-15,62,near_expiry
