date,dc_id,sku_id,demand_units,flu_season_index,promo_flag,physical_inventory,reserved_inventory,inbound_inventory,safety_stock,reorder_point,stockout_flag
2026-04-16,DC001,SKU001,39,0,0,1100,25,0,320,512,0
2026-04-17,DC001,SKU001,71,0,1,1061,137,0,320,512,0
2026-04-18,DC001,SKU001,47,0,0,990,27,0,320,512,0
2026-04-19,DC001,SKU001,47,0,0,943,74,0,320,512,0
2026-04-20,DC001,SKU001,66,0,0,896,18,0,320,512,0
2026-04-21,DC001,SKU001,34,0,0,830,45,0,320,512,0
2026-04-22,DC001,SKU001,46,0,0,796,61,0,320,512,0
2026-04-23,DC001,SKU001,63,0,0,750,5,0,320,512,0
2026-04-24,DC001,SKU001,46,0,0,687,10,0,320,512,0
2026-04-25,DC001,SKU001,68,0,0,641,42,0,320,512,0
2026-04-26,DC001,SKU001,47,0,0,573,78,0,320,512,0
2026-04-27,DC001,SKU001,54,0,0,526,24,0,320,512,0
2026-04-28,DC001,SKU001,58,0,0,472,65,657,320,512,0
2026-04-29,DC001,SKU001,80,0,1,1071,52,0,320,512,0
2026-04-30,DC001,SKU001,65,0,0,991,53,0,320,512,0
2026-05-01,DC001,SKU001,47,0,0,926,75,0,320,512,0
2026-05-02,DC001,SKU001,63,0,0,879,96,0,320,512,0
2026-05-03,DC001,SKU001,67,0,0,816,9,0,320,512,0
2026-05-04,DC001,SKU001,34,0,0,749,7,0,320,512,0
2026-05-05,DC001,SKU001,70,0,0,715,34,0,320,512,0
2026-05-06,DC001,SKU001,66,0,0,645,45,0,320,512,0
2026-05-07,DC001,SKU001,59,0,0,579,61,0,320,512,0
2026-05-08,DC001,SKU001,75,0,0,520,38,0,320,512,0
2026-05-09,DC001,SKU001,59,0,0,445,1,567,320,512,0
2026-05-10,DC001,SKU001,56,0,0,953,129,0,320,512,0
2026-05-11,DC001,SKU001,27,0,0,897,55,0,320,512,0
2026-05-12,DC001,SKU001,43,0,0,870,121,0,320,512,0
2026-05-13,DC001,SKU001,48,0,0,827,78,0,320,512,0
2026-05-14,DC001,SKU001,47,0,0,779,104,0,320,512,0
2026-05-15,DC001,SKU001,62,0,0,732,88,0,320,512,0
2026-05-16,DC001,SKU001,45,0,0,670,22,0,320,512,0
2026-05-17,DC001,SKU001,50,0,0,625,76,0,320,512,0
2026-05-18,DC001,SKU001,55,0,0,575,36,0,320,512,0
2026-05-19,DC001,SKU001,51,0,0,520,9,0,320,512,0
2026-05-20,DC001,SKU001,57,0,0,469,49,0,320,512,0
2026-05-21,DC001,SKU001,27,0,0,412,59,0,320,512,0
2026-05-22,DC001,SKU001,40,0,0,385,2,0,320,512,0
2026-05-23,DC001,SKU001,41,0,0,345,2,0,320,512,0
2026-05-24,DC001,SKU001,47,0,0,304,22,0,320,512,1
2026-05-25,DC001,SKU001,49,0,0,257,25,0,320,512,1
2026-05-26,DC001,SKU001,43,0,0,208,19,0,320,512,1
2026-05-27,DC001,SKU001,74,0,0,165,2,0,320,512,1
2026-05-28,DC001,SKU001,78,0,0,91,0,0,320,512,1
2026-05-29,DC001,SKU001,67,0,0,13,1,930,320,512,0
2026-05-30,DC001,SKU001,44,0,0,876,121,0,320,512,0
2026-05-31,DC001,SKU001,50,0,0,832,32,0,320,512,0
2026-06-01,DC001,SKU001,58,0,0,782,62,0,320,512,0
2026-06-02,DC001,SKU001,72,0,0,724,10,0,320,512,0
2026-06-03,DC001,SKU001,58,0,0,652,33,0,320,512,0
2026-06-04,DC001,SKU001,65,0,0,594,64,0,320,512,0
2026-06-05,DC001,SKU001,58,0,0,529,50,638,320,512,0
2026-06-06,DC001,SKU001,59,0,0,1109,100,0,320,512,0
2026-06-07,DC001,SKU001,70,0,1,1050,0,0,320,512,0
2026-06-08,DC001,SKU001,45,0,0,980,80,0,320,512,0
2026-06-09,DC001,SKU001,38,0,0,935,99,0,320,512,0
2026-06-10,DC001,SKU001,64,0,0,897,43,0,320,512,0
2026-06-11,DC001,SKU001,68,0,0,833,82,0,320,512,0
2026-06-12,DC001,SKU001,60,0,0,765,10,0,320,512,0
2026-06-13,DC001,SKU001,42,0,0,705,102,0,320,512,0
2026-06-14,DC001,SKU001,43,0,0,663,88,0,320,512,0
2026-06-15,DC001,SKU001,67,1,0,620,53,0,320,512,0
2026-06-16,DC001,SKU001,91,1,0,553,16,0,320,512,0
2026-06-17,DC001,SKU001,49,1,0,462,65,0,320,512,0
2026-06-18,DC001,SKU001,75,1,0,413,22,1060,320,512,0
2026-06-19,DC001,SKU001,59,1,0,1398,80,0,320,512,0
2026-06-20,DC001,SKU001,80,1,0,1339,63,0,320,512,0
2026-06-21,DC001,SKU001,78,1,0,1259,131,0,320,512,0
2026-06-22,DC001,SKU001,68,1,0,1181,17,0,320,512,0
2026-06-23,DC001,SKU001,84,1,0,1113,123,0,320,512,0
2026-06-24,DC001,SKU001,67,1,0,1029,108,0,320,512,0
2026-06-25,DC001,SKU001,82,1,0,962,116,0,320,512,0
2026-06-26,DC001,SKU001,56,1,0,880,120,0,320,512,0
2026-06-27,DC001,SKU001,91,1,0,824,80,0,320,512,0
2026-06-28,DC001,SKU001,67,1,0,733,87,0,320,512,0
2026-06-29,DC001,SKU001,47,1,0,666,9,0,320,512,0
2026-06-30,DC001,SKU001,41,1,0,619,3,0,320,512,0
2026-07-01,DC001,SKU001,37,1,0,578,51,0,320,512,0
2026-07-02,DC001,SKU001,84,1,1,541,3,0,320,512,0
2026-07-03,DC001,SKU001,52,1,0,457,35,0,320,512,0
2026-07-04,DC001,SKU001,61,1,0,405,37,578,320,512,0
2026-07-05,DC001,SKU001,102,1,0,922,100,0,320,512,0
2026-07-06,DC001,SKU001,77,1,0,820,63,0,320,512,0
2026-07-07,DC001,SKU001,55,1,0,743,48,0,320,512,0
2026-07-08,DC001,SKU001,94,1,1,688,2,0,320,512,0
2026-07-09,DC001,SKU001,75,1,0,594,36,0,320,512,0
2026-07-10,DC001,SKU001,81,1,0,519,12,0,320,512,0
2026-07-11,DC001,SKU001,82,1,0,438,18,0,320,512,0
2026-07-12,DC001,SKU001,88,1,0,356,29,0,320,512,0
2026-07-13,DC001,SKU001,54,1,0,268,30,613,320,512,0
2026-07-14,DC001,SKU001,53,1,1,827,5,0,320,512,0
2026-07-15,DC001,SKU001,63,1,0,774,11,0,320,512,0
2026-07-16,DC001,SKU001,98,1,0,711,50,0,320,512,0
2026-07-17,DC001,SKU001,33,1,0,613,56,0,320,512,0
2026-07-18,DC001,SKU001,45,1,0,580,3,0,320,512,0
2026-07-19,DC001,SKU001,67,1,0,535,68,0,320,512,0
2026-07-20,DC001,SKU001,106,1,0,468,4,0,320,512,0
2026-07-21,DC001,SKU001,90,1,1,362,31,0,320,512,0
2026-07-22,DC001,SKU001,69,1,0,272,18,0,320,512,1
2026-07-23,DC001,SKU001,74,1,0,203,27,588,320,512,0
2026-07-24,DC001,SKU001,65,1,0,717,1,0,320,512,0
2026-07-25,DC001,SKU001,58,1,0,652,31,0,320,512,0
2026-07-26,DC001,SKU001,57,0,0,594,2,0,320,512,0
2026-07-27,DC001,SKU001,46,0,0,537,56,0,320,512,0
2026-07-28,DC001,SKU001,50,0,0,491,54,0,320,512,0
2026-07-29,DC001,SKU001,62,0,0,441,53,0,320,512,0
2026-07-30,DC001,SKU001,45,0,0,379,21,0,320,512,0
2026-07-31,DC001,SKU001,76,0,0,334,37,1046,320,512,0
2026-08-01,DC001,SKU001,48,0,0,1304,161,0,320,512,0
2026-08-02,DC001,SKU001,51,0,0,1256,2,0,320,512,0
2026-08-03,DC001,SKU001,66,0,0,1205,16,0,320,512,0
2026-08-04,DC001,SKU001,81,0,0,1139,76,0,320,512,0
2026-08-05,DC001,SKU001,69,0,0,1058,52,0,320,512,0
2026-08-06,DC001,SKU001,65,0,0,989,117,0,320,512,0
2026-08-07,DC001,SKU001,64,0,0,924,68,0,320,512,0
2026-08-08,DC001,SKU001,31,0,1,860,114,0,320,512,0
2026-08-09,DC001,SKU001,79,0,0,829,14,0,320,512,0
2026-08-10,DC001,SKU001,63,0,0,750,11,0,320,512,0
2026-08-11,DC001,SKU001,73,0,0,687,72,0,320,512,0
2026-08-12,DC001,SKU001,75,0,1,614,7,0,320,512,0
2026-08-13,DC001,SKU001,66,0,0,539,79,0,320,512,0
2026-04-16,DC001,SKU002,50,0,0,1300,151,0,320,512,0
2026-04-17,DC001,SKU002,60,0,0,1250,79,0,320,512,0
2026-04-18,DC001,SKU002,64,0,0,1190,2,0,320,512,0
2026-04-19,DC001,SKU002,45,0,0,1126,9,0,320,512,0
2026-04-20,DC001,SKU002,71,0,0,1081,120,0,320,512,0
2026-04-21,DC001,SKU002,48,0,0,1010,145,0,320,512,0
2026-04-22,DC001,SKU002,78,0,0,962,32,0,320,512,0
2026-04-23,DC001,SKU002,57,0,0,884,1,0,320,512,0
2026-04-24,DC001,SKU002,69,0,0,827,9,0,320,512,0
2026-04-25,DC001,SKU002,65,0,0,758,110,0,320,512,0
2026-04-26,DC001,SKU002,93,0,0,693,47,0,320,512,0
2026-04-27,DC001,SKU002,83,0,0,600,52,0,320,512,0
2026-04-28,DC001,SKU002,107,0,0,517,21,951,320,512,0
2026-04-29,DC001,SKU002,49,0,0,1361,119,0,320,512,0
2026-04-30,DC001,SKU002,85,0,1,1312,60,0,320,512,0
2026-05-01,DC001,SKU002,101,0,0,1227,126,0,320,512,0
2026-05-02,DC001,SKU002,39,0,0,1126,157,0,320,512,0
2026-05-03,DC001,SKU002,100,0,0,1087,7,0,320,512,0
2026-05-04,DC001,SKU002,105,0,1,987,146,0,320,512,0
2026-05-05,DC001,SKU002,55,0,0,882,78,0,320,512,0
2026-05-06,DC001,SKU002,62,0,0,827,51,0,320,512,0
2026-05-07,DC001,SKU002,89,0,0,765,6,0,320,512,0
2026-05-08,DC001,SKU002,65,0,0,676,77,0,320,512,0
2026-05-09,DC001,SKU002,65,0,0,611,77,0,320,512,0
2026-05-10,DC001,SKU002,44,0,0,546,78,0,320,512,0
2026-05-11,DC001,SKU002,62,0,0,502,50,0,320,512,0
2026-05-12,DC001,SKU002,71,0,0,440,34,0,320,512,0
2026-05-13,DC001,SKU002,50,0,0,369,47,0,320,512,0
2026-05-14,DC001,SKU002,60,0,0,319,6,1140,320,512,0
2026-05-15,DC001,SKU002,83,0,0,1399,147,0,320,512,0
2026-05-16,DC001,SKU002,85,0,0,1316,77,0,320,512,0
2026-05-17,DC001,SKU002,30,0,0,1231,166,0,320,512,0
2026-05-18,DC001,SKU002,94,0,0,1201,71,0,320,512,0
2026-05-19,DC001,SKU002,66,0,0,1107,143,0,320,512,0
2026-05-20,DC001,SKU002,31,0,0,1041,71,0,320,512,0
2026-05-21,DC001,SKU002,63,0,0,1010,74,0,320,512,0
2026-05-22,DC001,SKU002,39,0,0,947,10,0,320,512,0
2026-05-23,DC001,SKU002,78,0,0,908,17,0,320,512,0
2026-05-24,DC001,SKU002,72,0,0,830,22,0,320,512,0
2026-05-25,DC001,SKU002,46,0,0,758,101,0,320,512,0
2026-05-26,DC001,SKU002,45,0,0,712,20,0,320,512,0
2026-05-27,DC001,SKU002,89,0,1,667,16,0,320,512,0
2026-05-28,DC001,SKU002,62,0,0,578,17,0,320,512,0
2026-05-29,DC001,SKU002,44,0,0,516,38,0,320,512,0
2026-05-30,DC001,SKU002,90,0,1,472,5,0,320,512,0
2026-05-31,DC001,SKU002,88,0,0,382,3,0,320,512,0
2026-06-01,DC001,SKU002,50,0,0,294,9,0,320,512,1
2026-06-02,DC001,SKU002,76,0,0,244,22,0,320,512,1
2026-06-03,DC001,SKU002,81,0,0,168,22,0,320,512,1
2026-06-04,DC001,SKU002,45,0,0,87,1,0,320,512,1
2026-06-05,DC001,SKU002,49,0,0,42,2,859,320,512,0
2026-06-06,DC001,SKU002,47,0,0,852,41,0,320,512,0
2026-06-07,DC001,SKU002,69,0,0,805,82,0,320,512,0
2026-06-08,DC001,SKU002,82,0,0,736,55,0,320,512,0
2026-06-09,DC001,SKU002,111,0,0,654,73,0,320,512,0
2026-06-10,DC001,SKU002,84,0,0,543,10,0,320,512,0
2026-06-11,DC001,SKU002,92,0,0,459,39,0,320,512,0
2026-06-12,DC001,SKU002,39,0,0,367,33,0,320,512,0
2026-06-13,DC001,SKU002,56,0,0,328,7,835,320,512,0
2026-06-14,DC001,SKU002,52,0,0,1107,148,0,320,512,0
2026-06-15,DC001,SKU002,22,1,0,1055,155,0,320,512,0
2026-06-16,DC001,SKU002,107,1,0,1033,61,0,320,512,0
2026-06-17,DC001,SKU002,95,1,0,926,35,0,320,512,0
2026-06-18,DC001,SKU002,96,1,0,831,83,0,320,512,0
2026-06-19,DC001,SKU002,143,1,0,735,30,0,320,512,0
2026-06-20,DC001,SKU002,132,1,0,592,16,0,320,512,0
2026-06-21,DC001,SKU002,96,1,0,460,16,1046,320,512,0
2026-06-22,DC001,SKU002,15,1,0,1410,122,0,320,512,0
2026-06-23,DC001,SKU002,163,1,0,1395,10,0,320,512,0
2026-06-24,DC001,SKU002,45,1,0,1232,24,0,320,512,0
2026-06-25,DC001,SKU002,83,1,1,1187,121,0,320,512,0
2026-06-26,DC001,SKU002,109,1,0,1104,98,0,320,512,0
2026-06-27,DC001,SKU002,41,1,0,995,138,0,320,512,0
2026-06-28,DC001,SKU002,61,1,0,954,138,0,320,512,0
2026-06-29,DC001,SKU002,93,1,0,893,24,0,320,512,0
2026-06-30,DC001,SKU002,104,1,1,800,88,0,320,512,0
2026-07-01,DC001,SKU002,85,1,0,696,83,0,320,512,0
2026-07-02,DC001,SKU002,92,1,0,611,14,0,320,512,0
2026-07-03,DC001,SKU002,103,1,0,519,40,0,320,512,0
2026-07-04,DC001,SKU002,116,1,0,416,24,0,320,512,0
2026-07-05,DC001,SKU002,70,1,0,300,13,0,320,512,1
2026-07-06,DC001,SKU002,29,1,0,230,8,0,320,512,1
2026-07-07,DC001,SKU002,112,1,0,201,18,1260,320,512,0
2026-07-08,DC001,SKU002,91,1,0,1349,67,0,320,512,0
2026-07-09,DC001,SKU002,102,1,0,1258,100,0,320,512,0
2026-07-10,DC001,SKU002,122,1,0,1156,136,0,320,512,0
2026-07-11,DC001,SKU002,59,1,0,1034,115,0,320,512,0
2026-07-12,DC001,SKU002,76,1,1,975,83,0,320,512,0
2026-07-13,DC001,SKU002,79,1,0,899,110,0,320,512,0
2026-07-14,DC001,SKU002,111,1,0,820,104,0,320,512,0
2026-07-15,DC001,SKU002,123,1,0,709,15,0,320,512,0
2026-07-16,DC001,SKU002,77,1,0,586,63,0,320,512,0
2026-07-17,DC001,SKU002,126,1,0,509,41,0,320,512,0
2026-07-18,DC001,SKU002,115,1,0,383,10,0,320,512,0
2026-07-19,DC001,SKU002,65,1,0,268,38,1031,320,512,0
2026-07-20,DC001,SKU002,26,1,0,1234,113,0,320,512,0
2026-07-21,DC001,SKU002,156,1,1,1208,167,0,320,512,0
2026-07-22,DC001,SKU002,104,1,0,1052,24,0,320,512,0
2026-07-23,DC001,SKU002,53,1,0,948,104,0,320,512,0
2026-07-24,DC001,SKU002,139,1,0,895,124,0,320,512,0
2026-07-25,DC001,SKU002,156,1,0,756,45,0,320,512,0
2026-07-26,DC001,SKU002,90,0,1,600,30,0,320,512,0
2026-07-27,DC001,SKU002,81,0,0,510,70,0,320,512,0
2026-07-28,DC001,SKU002,19,0,0,429,47,0,320,512,0
2026-07-29,DC001,SKU002,43,0,0,410,10,0,320,512,0
2026-07-30,DC001,SKU002,62,0,0,367,50,0,320,512,1
2026-07-31,DC001,SKU002,45,0,0,305,43,919,320,512,0
2026-08-01,DC001,SKU002,75,0,0,1179,176,0,320,512,0
2026-08-02,DC001,SKU002,51,0,0,1104,124,0,320,512,0
2026-08-03,DC001,SKU002,67,0,0,1053,141,0,320,512,0
2026-08-04,DC001,SKU002,115,0,0,986,9,0,320,512,0
2026-08-05,DC001,SKU002,43,0,0,871,59,0,320,512,0
2026-08-06,DC001,SKU002,24,0,0,828,69,0,320,512,0
2026-08-07,DC001,SKU002,40,0,0,804,21,0,320,512,0
2026-08-08,DC001,SKU002,62,0,0,764,31,0,320,512,0
2026-08-09,DC001,SKU002,75,0,0,702,43,0,320,512,0
2026-08-10,DC001,SKU002,89,0,1,627,61,0,320,512,0
2026-08-11,DC001,SKU002,59,0,1,538,17,0,320,512,0
2026-08-12,DC001,SKU002,66,0,0,479,12,0,320,512,0
2026-08-13,DC001,SKU002,62,0,0,413,6,0,320,512,0
2026-04-16,DC001,SKU003,74,0,0,1400,83,0,320,512,0
2026-04-17,DC001,SKU003,74,0,0,1326,40,0,320,512,0
2026-04-18,DC001,SKU003,37,0,0,1252,167,0,320,512,0
2026-04-19,DC001,SKU003,104,0,0,1215,62,0,320,512,0
2026-04-20,DC001,SKU003,95,0,0,1111,44,0,320,512,0
2026-04-21,DC001,SKU003,35,0,0,1016,62,0,320,512,0
2026-04-22,DC001,SKU003,35,0,0,981,139,0,320,512,0
2026-04-23,DC001,SKU003,59,0,0,946,19,0,320,512,0
2026-04-24,DC001,SKU003,89,0,0,887,106,0,320,512,0
2026-04-25,DC001,SKU003,69,0,0,798,2,0,320,512,0
2026-04-26,DC001,SKU003,112,0,0,729,28,0,320,512,0
2026-04-27,DC001,SKU003,83,0,0,617,77,0,320,512,0
2026-04-28,DC001,SKU003,44,0,0,534,21,0,320,512,0
2026-04-29,DC001,SKU003,86,0,1,490,67,1103,320,512,0
2026-04-30,DC001,SKU003,109,0,0,1507,187,0,320,512,0
2026-05-01,DC001,SKU003,84,0,0,1398,2,0,320,512,0
2026-05-02,DC001,SKU003,101,0,0,1314,131,0,320,512,0
2026-05-03,DC001,SKU003,100,0,0,1213,166,0,320,512,0
2026-05-04,DC001,SKU003,77,0,0,1113,7,0,320,512,0
2026-05-05,DC001,SKU003,23,0,0,1036,114,0,320,512,0
2026-05-06,DC001,SKU003,41,0,0,1013,59,0,320,512,0
2026-05-07,DC001,SKU003,81,0,0,972,51,0,320,512,0
2026-05-08,DC001,SKU003,81,0,0,891,63,0,320,512,0
2026-05-09,DC001,SKU003,35,0,0,810,113,0,320,512,0
2026-05-10,DC001,SKU003,81,0,0,775,5,0,320,512,0
2026-05-11,DC001,SKU003,40,0,0,694,62,0,320,512,0
2026-05-12,DC001,SKU003,63,0,0,654,7,0,320,512,0
2026-05-13,DC001,SKU003,74,0,0,591,43,0,320,512,0
2026-05-14,DC001,SKU003,39,0,0,517,63,0,320,512,0
2026-05-15,DC001,SKU003,62,0,0,478,19,0,320,512,0
2026-05-16,DC001,SKU003,44,0,0,416,33,0,320,512,0
2026-05-17,DC001,SKU003,65,0,0,372,45,0,320,512,0
2026-05-18,DC001,SKU003,61,0,0,307,22,1391,320,512,0
2026-05-19,DC001,SKU003,82,0,0,1637,9,0,320,512,0
2026-05-20,DC001,SKU003,86,0,0,1555,7,0,320,512,0
2026-05-21,DC001,SKU003,72,0,0,1469,65,0,320,512,0
2026-05-22,DC001,SKU003,92,0,0,1397,176,0,320,512,0
2026-05-23,DC001,SKU003,68,0,0,1305,162,0,320,512,0
2026-05-24,DC001,SKU003,50,0,1,1237,22,0,320,512,0
2026-05-25,DC001,SKU003,95,0,1,1187,123,0,320,512,0
2026-05-26,DC001,SKU003,64,0,0,1092,51,0,320,512,0
2026-05-27,DC001,SKU003,72,0,0,1028,121,0,320,512,0
2026-05-28,DC001,SKU003,87,0,0,956,88,0,320,512,0
2026-05-29,DC001,SKU003,75,0,0,869,3,0,320,512,0
2026-05-30,DC001,SKU003,83,0,0,794,95,0,320,512,0
2026-05-31,DC001,SKU003,70,0,0,711,37,0,320,512,0
2026-06-01,DC001,SKU003,60,0,0,641,60,0,320,512,0
2026-06-02,DC001,SKU003,21,0,0,581,85,0,320,512,0
2026-06-03,DC001,SKU003,100,0,0,560,20,0,320,512,0
2026-06-04,DC001,SKU003,59,0,0,460,24,0,320,512,0
2026-06-05,DC001,SKU003,32,0,0,401,40,1364,320,512,0
2026-06-06,DC001,SKU003,46,0,0,1733,23,0,320,512,0
2026-06-07,DC001,SKU003,115,0,0,1687,42,0,320,512,0
2026-06-08,DC001,SKU003,56,0,0,1572,54,0,320,512,0
2026-06-09,DC001,SKU003,92,0,0,1516,116,0,320,512,0
2026-06-10,DC001,SKU003,101,0,0,1424,37,0,320,512,0
2026-06-11,DC001,SKU003,80,0,0,1323,69,0,320,512,0
2026-06-12,DC001,SKU003,69,0,1,1243,180,0,320,512,0
2026-06-13,DC001,SKU003,62,0,0,1174,133,0,320,512,0
2026-06-14,DC001,SKU003,46,0,0,1112,25,0,320,512,0
2026-06-15,DC001,SKU003,70,1,0,1066,85,0,320,512,0
2026-06-16,DC001,SKU003,70,1,0,996,86,0,320,512,0
2026-06-17,DC001,SKU003,79,1,0,926,17,0,320,512,0
2026-06-18,DC001,SKU003,102,1,0,847,121,0,320,512,0
2026-06-19,DC001,SKU003,101,1,0,745,61,0,320,512,0
2026-06-20,DC001,SKU003,114,1,0,644,39,0,320,512,0
2026-06-21,DC001,SKU003,109,1,0,530,39,854,320,512,0
2026-06-22,DC001,SKU003,64,1,0,1275,14,0,320,512,0
2026-06-23,DC001,SKU003,2,1,0,1211,107,0,320,512,0
2026-06-24,DC001,SKU003,66,1,0,1209,63,0,320,512,0
2026-06-25,DC001,SKU003,47,1,0,1143,150,0,320,512,0
2026-06-26,DC001,SKU003,99,1,0,1096,108,0,320,512,0
2026-06-27,DC001,SKU003,97,1,0,997,125,0,320,512,0
2026-06-28,DC001,SKU003,105,1,0,900,91,0,320,512,0
2026-06-29,DC001,SKU003,72,1,0,795,105,0,320,512,0
2026-06-30,DC001,SKU003,99,1,0,723,3,0,320,512,0
2026-07-01,DC001,SKU003,78,1,0,624,69,0,320,512,0
2026-07-02,DC001,SKU003,67,1,0,546,66,0,320,512,0
2026-07-03,DC001,SKU003,92,1,0,479,45,0,320,512,0
2026-07-04,DC001,SKU003,89,1,0,387,31,0,320,512,0
2026-07-05,DC001,SKU003,94,1,0,298,43,0,320,512,1
2026-07-06,DC001,SKU003,126,1,0,204,28,1356,320,512,0
2026-07-07,DC001,SKU003,83,1,0,1434,152,0,320,512,0
2026-07-08,DC001,SKU003,90,1,1,1351,117,0,320,512,0
2026-07-09,DC001,SKU003,76,1,0,1261,164,0,320,512,0
2026-07-10,DC001,SKU003,91,1,0,1185,172,0,320,512,0
2026-07-11,DC001,SKU003,97,1,0,1094,4,0,320,512,0
2026-07-12,DC001,SKU003,86,1,1,997,48,0,320,512,0
2026-07-13,DC001,SKU003,106,1,0,911,60,0,320,512,0
2026-07-14,DC001,SKU003,114,1,0,805,120,0,320,512,0
2026-07-15,DC001,SKU003,57,1,0,691,82,0,320,512,0
2026-07-16,DC001,SKU003,83,1,0,634,20,0,320,512,0
2026-07-17,DC001,SKU003,115,1,0,551,22,0,320,512,0
2026-07-18,DC001,SKU003,120,1,0,436,9,0,320,512,0
2026-07-19,DC001,SKU003,133,1,0,316,18,0,320,512,1
2026-07-20,DC001,SKU003,61,1,0,183,11,0,320,512,1
2026-07-21,DC001,SKU003,57,1,0,122,15,0,320,512,1
2026-07-22,DC001,SKU003,123,1,0,65,1,0,320,512,1
2026-07-23,DC001,SKU003,102,1,0,0,0,0,320,512,1
2026-07-24,DC001,SKU003,99,1,0,0,0,722,320,512,0
2026-07-25,DC001,SKU003,118,1,0,623,44,0,320,512,0
2026-07-26,DC001,SKU003,79,0,0,505,9,0,320,512,0
2026-07-27,DC001,SKU003,69,0,0,426,4,0,320,512,0
2026-07-28,DC001,SKU003,41,0,0,357,42,0,320,512,1
2026-07-29,DC001,SKU003,61,0,0,316,28,0,320,512,1
2026-07-30,DC001,SKU003,22,0,0,255,32,0,320,512,1
2026-07-31,DC001,SKU003,61,0,1,233,8,0,320,512,1
2026-08-01,DC001,SKU003,69,0,0,172,12,0,320,512,1
2026-08-02,DC001,SKU003,65,0,0,103,5,0,320,512,1
2026-08-03,DC001,SKU003,70,0,0,38,1,755,320,512,0
2026-08-04,DC001,SKU003,73,0,0,723,74,0,320,512,0
2026-08-05,DC001,SKU003,49,0,0,650,19,0,320,512,0
2026-08-06,DC001,SKU003,75,0,0,601,63,0,320,512,0
2026-08-07,DC001,SKU003,65,0,1,526,73,1078,320,512,0
2026-08-08,DC001,SKU003,77,0,0,1539,185,0,320,512,0
2026-08-09,DC001,SKU003,83,0,0,1462,178,0,320,512,0
2026-08-10,DC001,SKU003,72,0,0,1379,169,0,320,512,0
2026-08-11,DC001,SKU003,88,0,0,1307,126,0,320,512,0
2026-08-12,DC001,SKU003,62,0,0,1219,11,0,320,512,0
2026-08-13,DC001,SKU003,74,0,0,1157,27,0,320,512,0
2026-04-16,DC001,SKU004,23,0,0,600,71,0,176,282,0
2026-04-17,DC001,SKU004,26,0,0,577,43,0,176,282,0
2026-04-18,DC001,SKU004,23,0,0,551,82,0,176,282,0
2026-04-19,DC001,SKU004,34,0,0,528,51,0,176,282,0
2026-04-20,DC001,SKU004,26,0,0,494,2,0,176,282,0
2026-04-21,DC001,SKU004,31,0,0,468,32,0,176,282,0
2026-04-22,DC001,SKU004,36,0,0,437,27,0,176,282,0
2026-04-23,DC001,SKU004,35,0,0,401,22,0,176,282,0
2026-04-24,DC001,SKU004,19,0,0,366,39,0,176,282,0
2026-04-25,DC001,SKU004,43,0,0,347,45,0,176,282,0
2026-04-26,DC001,SKU004,19,0,0,304,27,0,176,282,0
2026-04-27,DC001,SKU004,26,0,0,285,26,0,176,282,0
2026-04-28,DC001,SKU004,32,0,0,259,35,371,176,282,0
2026-04-29,DC001,SKU004,25,0,0,598,16,0,176,282,0
2026-04-30,DC001,SKU004,19,0,0,573,74,0,176,282,0
2026-05-01,DC001,SKU004,29,0,0,554,42,0,176,282,0
2026-05-02,DC001,SKU004,22,0,0,525,30,0,176,282,0
2026-05-03,DC001,SKU004,32,0,0,503,19,0,176,282,0
2026-05-04,DC001,SKU004,37,0,0,471,9,0,176,282,0
2026-05-05,DC001,SKU004,25,0,0,434,29,0,176,282,0
2026-05-06,DC001,SKU004,16,0,0,409,50,0,176,282,0
2026-05-07,DC001,SKU004,31,0,0,393,14,0,176,282,0
2026-05-08,DC001,SKU004,24,0,0,362,9,0,176,282,0
2026-05-09,DC001,SKU004,40,0,1,338,37,0,176,282,0
2026-05-10,DC001,SKU004,38,0,0,298,36,0,176,282,0
2026-05-11,DC001,SKU004,29,0,0,260,8,380,176,282,0
2026-05-12,DC001,SKU004,41,0,1,611,3,0,176,282,0
2026-05-13,DC001,SKU004,30,0,0,570,38,0,176,282,0
2026-05-14,DC001,SKU004,30,0,0,540,3,0,176,282,0
2026-05-15,DC001,SKU004,16,0,0,510,75,0,176,282,0
2026-05-16,DC001,SKU004,36,0,0,494,33,0,176,282,0
2026-05-17,DC001,SKU004,32,0,0,458,33,0,176,282,0
2026-05-18,DC001,SKU004,37,0,0,426,12,0,176,282,0
2026-05-19,DC001,SKU004,23,0,0,389,56,0,176,282,0
2026-05-20,DC001,SKU004,25,0,0,366,47,0,176,282,0
2026-05-21,DC001,SKU004,42,0,0,341,35,0,176,282,0
2026-05-22,DC001,SKU004,30,0,0,299,22,0,176,282,0
2026-05-23,DC001,SKU004,32,0,0,269,23,579,176,282,0
2026-05-24,DC001,SKU004,22,0,0,816,80,0,176,282,0
2026-05-25,DC001,SKU004,34,0,0,794,77,0,176,282,0
2026-05-26,DC001,SKU004,36,0,0,760,89,0,176,282,0
2026-05-27,DC001,SKU004,28,0,0,724,80,0,176,282,0
2026-05-28,DC001,SKU004,18,0,0,696,69,0,176,282,0
2026-05-29,DC001,SKU004,23,0,0,678,77,0,176,282,0
2026-05-30,DC001,SKU004,38,0,0,655,11,0,176,282,0
2026-05-31,DC001,SKU004,28,0,0,617,0,0,176,282,0
2026-06-01,DC001,SKU004,21,0,0,589,61,0,176,282,0
2026-06-02,DC001,SKU004,19,0,0,568,38,0,176,282,0
2026-06-03,DC001,SKU004,21,0,0,549,6,0,176,282,0
2026-06-04,DC001,SKU004,26,0,0,528,52,0,176,282,0
2026-06-05,DC001,SKU004,15,0,0,502,65,0,176,282,0
2026-06-06,DC001,SKU004,25,0,0,487,35,0,176,282,0
2026-06-07,DC001,SKU004,26,0,1,462,27,0,176,282,0
2026-06-08,DC001,SKU004,19,0,0,436,34,0,176,282,0
2026-06-09,DC001,SKU004,34,0,0,417,44,0,176,282,0
2026-06-10,DC001,SKU004,33,0,0,383,1,0,176,282,0
2026-06-11,DC001,SKU004,28,0,0,350,48,0,176,282,0
2026-06-12,DC001,SKU004,39,0,1,322,45,0,176,282,0
2026-06-13,DC001,SKU004,18,0,0,283,12,0,176,282,0
2026-06-14,DC001,SKU004,29,0,0,265,21,0,176,282,0
2026-06-15,DC001,SKU004,23,1,0,236,14,354,176,282,0
2026-06-16,DC001,SKU004,36,1,0,567,15,0,176,282,0
2026-06-17,DC001,SKU004,26,1,0,531,45,0,176,282,0
2026-06-18,DC001,SKU004,32,1,0,505,72,0,176,282,0
2026-06-19,DC001,SKU004,31,1,0,473,3,0,176,282,0
2026-06-20,DC001,SKU004,39,1,0,442,63,0,176,282,0
2026-06-21,DC001,SKU004,30,1,0,403,13,0,176,282,0
2026-06-22,DC001,SKU004,30,1,0,373,34,0,176,282,0
2026-06-23,DC001,SKU004,21,1,0,343,40,0,176,282,0
2026-06-24,DC001,SKU004,25,1,0,322,39,0,176,282,0
2026-06-25,DC001,SKU004,25,1,0,297,27,0,176,282,0
2026-06-26,DC001,SKU004,31,1,0,272,6,0,176,282,0
2026-06-27,DC001,SKU004,28,1,0,241,0,0,176,282,0
2026-06-28,DC001,SKU004,29,1,0,213,17,0,176,282,0
2026-06-29,DC001,SKU004,29,1,0,184,27,508,176,282,0
2026-06-30,DC001,SKU004,47,1,0,663,42,0,176,282,0
2026-07-01,DC001,SKU004,33,1,0,616,25,0,176,282,0
2026-07-02,DC001,SKU004,48,1,1,583,7,0,176,282,0
2026-07-03,DC001,SKU004,26,1,0,535,18,0,176,282,0
2026-07-04,DC001,SKU004,23,1,0,509,5,0,176,282,0
2026-07-05,DC001,SKU004,31,1,0,486,64,0,176,282,0
2026-07-06,DC001,SKU004,19,1,0,455,36,0,176,282,0
2026-07-07,DC001,SKU004,38,1,0,436,65,0,176,282,0
2026-07-08,DC001,SKU004,22,1,0,398,33,0,176,282,0
2026-07-09,DC001,SKU004,25,1,0,376,31,0,176,282,0
2026-07-10,DC001,SKU004,29,1,0,351,9,0,176,282,0
2026-07-11,DC001,SKU004,31,1,0,322,4,0,176,282,0
2026-07-12,DC001,SKU004,20,1,0,291,33,0,176,282,0
2026-07-13,DC001,SKU004,26,1,0,271,6,0,176,282,0
2026-07-14,DC001,SKU004,20,1,0,245,19,0,176,282,0
2026-07-15,DC001,SKU004,25,1,0,225,25,547,176,282,0
2026-07-16,DC001,SKU004,31,1,0,747,79,0,176,282,0
2026-07-17,DC001,SKU004,27,1,1,716,38,0,176,282,0
2026-07-18,DC001,SKU004,24,1,0,689,96,0,176,282,0
2026-07-19,DC001,SKU004,24,1,0,665,44,0,176,282,0
2026-07-20,DC001,SKU004,19,1,0,641,49,0,176,282,0
2026-07-21,DC001,SKU004,31,1,0,622,79,0,176,282,0
2026-07-22,DC001,SKU004,29,1,0,591,82,0,176,282,0
2026-07-23,DC001,SKU004,27,1,0,562,74,0,176,282,0
2026-07-24,DC001,SKU004,37,1,0,535,64,0,176,282,0
2026-07-25,DC001,SKU004,26,1,0,498,30,0,176,282,0
2026-07-26,DC001,SKU004,28,0,0,472,49,0,176,282,0
2026-07-27,DC001,SKU004,30,0,0,444,54,0,176,282,0
2026-07-28,DC001,SKU004,31,0,0,414,53,0,176,282,0
2026-07-29,DC001,SKU004,46,0,0,383,43,0,176,282,0
2026-07-30,DC001,SKU004,28,0,0,337,25,0,176,282,0
2026-07-31,DC001,SKU004,27,0,0,309,3,0,176,282,0
2026-08-01,DC001,SKU004,28,0,1,282,5,0,176,282,0
2026-08-02,DC001,SKU004,29,0,0,254,11,0,176,282,0
2026-08-03,DC001,SKU004,33,0,0,225,3,0,176,282,0
2026-08-04,DC001,SKU004,40,0,0,192,4,534,176,282,0
2026-08-05,DC001,SKU004,38,0,0,686,5,0,176,282,0
2026-08-06,DC001,SKU004,30,0,0,648,95,0,176,282,0
2026-08-07,DC001,SKU004,27,0,0,618,13,0,176,282,0
2026-08-08,DC001,SKU004,25,0,0,591,61,0,176,282,0
2026-08-09,DC001,SKU004,33,0,1,566,43,0,176,282,0
2026-08-10,DC001,SKU004,32,0,0,533,24,0,176,282,0
2026-08-11,DC001,SKU004,37,0,0,501,39,0,176,282,0
2026-08-12,DC001,SKU004,20,0,0,464,25,0,176,282,0
2026-08-13,DC001,SKU004,28,0,0,444,55,0,176,282,0
2026-04-16,DC001,SKU005,29,0,0,700,2,0,176,282,0
2026-04-17,DC001,SKU005,12,0,0,671,76,0,176,282,0
2026-04-18,DC001,SKU005,22,0,0,659,1,0,176,282,0
2026-04-19,DC001,SKU005,36,0,0,637,93,0,176,282,0
2026-04-20,DC001,SKU005,34,0,0,601,9,0,176,282,0
2026-04-21,DC001,SKU005,40,0,0,567,38,0,176,282,0
2026-04-22,DC001,SKU005,34,0,0,527,11,0,176,282,0
2026-04-23,DC001,SKU005,26,0,0,493,54,0,176,282,0
2026-04-24,DC001,SKU005,22,0,0,467,32,0,176,282,0
2026-04-25,DC001,SKU005,20,0,0,445,59,0,176,282,0
2026-04-26,DC001,SKU005,29,0,0,425,43,0,176,282,0
2026-04-27,DC001,SKU005,44,0,0,396,15,0,176,282,0
2026-04-28,DC001,SKU005,53,0,0,352,34,0,176,282,0
2026-04-29,DC001,SKU005,29,0,0,299,28,0,176,282,0
2026-04-30,DC001,SKU005,29,0,1,270,29,0,176,282,0
2026-05-01,DC001,SKU005,35,0,0,241,1,600,176,282,0
2026-05-02,DC001,SKU005,27,0,1,806,42,0,176,282,0
2026-05-03,DC001,SKU005,26,0,0,779,77,0,176,282,0
2026-05-04,DC001,SKU005,45,0,0,753,29,0,176,282,0
2026-05-05,DC001,SKU005,49,0,1,708,8,0,176,282,0
2026-05-06,DC001,SKU005,43,0,0,659,61,0,176,282,0
2026-05-07,DC001,SKU005,28,0,0,616,19,0,176,282,0
2026-05-08,DC001,SKU005,46,0,0,588,56,0,176,282,0
2026-05-09,DC001,SKU005,39,0,0,542,3,0,176,282,0
2026-05-10,DC001,SKU005,29,0,0,503,73,0,176,282,0
2026-05-11,DC001,SKU005,43,0,0,474,41,0,176,282,0
2026-05-12,DC001,SKU005,39,0,0,431,8,0,176,282,0
2026-05-13,DC001,SKU005,44,0,0,392,54,0,176,282,0
2026-05-14,DC001,SKU005,25,0,0,348,22,0,176,282,0
2026-05-15,DC001,SKU005,17,0,0,323,45,0,176,282,0
2026-05-16,DC001,SKU005,36,0,0,306,29,0,176,282,0
2026-05-17,DC001,SKU005,33,0,0,270,34,0,176,282,0
2026-05-18,DC001,SKU005,42,0,0,237,16,0,176,282,0
2026-05-19,DC001,SKU005,27,0,0,195,22,0,176,282,1
2026-05-20,DC001,SKU005,37,0,0,168,23,407,176,282,0
2026-05-21,DC001,SKU005,35,0,0,538,58,0,176,282,0
2026-05-22,DC001,SKU005,35,0,0,503,63,0,176,282,0
2026-05-23,DC001,SKU005,21,0,0,468,38,0,176,282,0
2026-05-24,DC001,SKU005,18,0,0,447,37,0,176,282,0
2026-05-25,DC001,SKU005,35,0,0,429,56,0,176,282,0
2026-05-26,DC001,SKU005,29,0,0,394,27,0,176,282,0
2026-05-27,DC001,SKU005,47,0,1,365,13,0,176,282,0
2026-05-28,DC001,SKU005,46,0,0,318,9,0,176,282,0
2026-05-29,DC001,SKU005,31,0,0,272,29,0,176,282,0
2026-05-30,DC001,SKU005,45,0,0,241,20,616,176,282,0
2026-05-31,DC001,SKU005,35,0,1,812,90,0,176,282,0
2026-06-01,DC001,SKU005,33,0,0,777,38,0,176,282,0
2026-06-02,DC001,SKU005,38,0,0,744,34,0,176,282,0
2026-06-03,DC001,SKU005,50,0,0,706,93,0,176,282,0
2026-06-04,DC001,SKU005,31,0,0,656,38,0,176,282,0
2026-06-05,DC001,SKU005,21,0,0,625,74,0,176,282,0
2026-06-06,DC001,SKU005,46,0,0,604,53,0,176,282,0
2026-06-07,DC001,SKU005,30,0,0,558,48,0,176,282,0
2026-06-08,DC001,SKU005,36,0,0,528,44,0,176,282,0
2026-06-09,DC001,SKU005,43,0,0,492,19,0,176,282,0
2026-06-10,DC001,SKU005,40,0,0,449,33,0,176,282,0
2026-06-11,DC001,SKU005,40,0,1,409,48,0,176,282,0
2026-06-12,DC001,SKU005,31,0,0,369,43,0,176,282,0
2026-06-13,DC001,SKU005,25,0,0,338,16,0,176,282,0
2026-06-14,DC001,SKU005,33,0,0,313,4,0,176,282,0
2026-06-15,DC001,SKU005,64,1,0,280,41,0,176,282,0
2026-06-16,DC001,SKU005,54,1,0,216,13,0,176,282,0
2026-06-17,DC001,SKU005,44,1,0,162,20,0,176,282,1
2026-06-18,DC001,SKU005,35,1,0,118,10,476,176,282,0
2026-06-19,DC001,SKU005,40,1,0,559,43,0,176,282,0
2026-06-20,DC001,SKU005,56,1,0,519,73,0,176,282,0
2026-06-21,DC001,SKU005,59,1,0,463,58,0,176,282,0
2026-06-22,DC001,SKU005,44,1,0,404,48,0,176,282,0
2026-06-23,DC001,SKU005,33,1,0,360,4,0,176,282,0
2026-06-24,DC001,SKU005,46,1,0,327,24,0,176,282,0
2026-06-25,DC001,SKU005,57,1,0,281,6,0,176,282,0
2026-06-26,DC001,SKU005,56,1,0,224,25,0,176,282,0
2026-06-27,DC001,SKU005,35,1,0,168,6,0,176,282,1
2026-06-28,DC001,SKU005,36,1,0,133,5,0,176,282,1
2026-06-29,DC001,SKU005,40,1,0,97,0,0,176,282,1
2026-06-30,DC001,SKU005,46,1,0,57,4,0,176,282,1
2026-07-01,DC001,SKU005,49,1,0,11,0,0,176,282,1
2026-07-02,DC001,SKU005,55,1,1,0,0,0,176,282,1
2026-07-03,DC001,SKU005,56,1,0,0,0,547,176,282,0
2026-07-04,DC001,SKU005,32,1,0,491,71,0,176,282,0
2026-07-05,DC001,SKU005,37,1,0,459,10,0,176,282,0
2026-07-06,DC001,SKU005,43,1,0,422,15,0,176,282,0
2026-07-07,DC001,SKU005,58,1,0,379,6,0,176,282,0
2026-07-08,DC001,SKU005,78,1,0,321,34,0,176,282,0
2026-07-09,DC001,SKU005,59,1,1,243,2,0,176,282,0
2026-07-10,DC001,SKU005,68,1,0,184,4,0,176,282,0
2026-07-11,DC001,SKU005,41,1,0,116,7,0,176,282,1
2026-07-12,DC001,SKU005,70,1,0,75,0,0,176,282,1
2026-07-13,DC001,SKU005,39,1,0,5,0,440,176,282,0
2026-07-14,DC001,SKU005,46,1,0,406,20,0,176,282,0
2026-07-15,DC001,SKU005,30,1,0,360,47,0,176,282,0
2026-07-16,DC001,SKU005,48,1,0,330,43,0,176,282,0
2026-07-17,DC001,SKU005,50,1,0,282,32,372,176,282,0
2026-07-18,DC001,SKU005,46,1,0,604,82,0,176,282,0
2026-07-19,DC001,SKU005,35,1,0,558,54,0,176,282,0
2026-07-20,DC001,SKU005,46,1,0,523,29,0,176,282,0
2026-07-21,DC001,SKU005,25,1,0,477,56,0,176,282,0
2026-07-22,DC001,SKU005,49,1,0,452,43,0,176,282,0
2026-07-23,DC001,SKU005,55,1,0,403,32,0,176,282,0
2026-07-24,DC001,SKU005,44,1,0,348,36,0,176,282,0
2026-07-25,DC001,SKU005,56,1,0,304,41,0,176,282,0
2026-07-26,DC001,SKU005,31,0,0,248,5,414,176,282,0
2026-07-27,DC001,SKU005,26,0,0,631,41,0,176,282,0
2026-07-28,DC001,SKU005,38,0,0,605,7,0,176,282,0
2026-07-29,DC001,SKU005,35,0,0,567,82,0,176,282,0
2026-07-30,DC001,SKU005,47,0,0,532,78,0,176,282,0
2026-07-31,DC001,SKU005,25,0,0,485,64,0,176,282,0
2026-08-01,DC001,SKU005,38,0,0,460,11,0,176,282,0
2026-08-02,DC001,SKU005,54,0,1,422,45,0,176,282,0
2026-08-03,DC001,SKU005,57,0,0,368,4,0,176,282,0
2026-08-04,DC001,SKU005,37,0,0,311,38,0,176,282,0
2026-08-05,DC001,SKU005,32,0,0,274,12,0,176,282,0
2026-08-06,DC001,SKU005,16,0,0,242,17,0,176,282,0
2026-08-07,DC001,SKU005,29,0,0,226,5,0,176,282,0
2026-08-08,DC001,SKU005,32,0,0,197,4,0,176,282,0
2026-08-09,DC001,SKU005,31,0,0,165,18,0,176,282,1
2026-08-10,DC001,SKU005,43,0,0,134,9,0,176,282,1
2026-08-11,DC001,SKU005,31,0,0,91,1,0,176,282,1
2026-08-12,DC001,SKU005,30,0,0,60,1,0,176,282,1
2026-08-13,DC001,SKU005,36,0,0,30,3,0,176,282,1
2026-04-16,DC001,SKU006,67,0,0,1300,59,0,320,512,0
2026-04-17,DC001,SKU006,102,0,0,1233,6,0,320,512,0
2026-04-18,DC001,SKU006,75,0,0,1131,147,0,320,512,0
2026-04-19,DC001,SKU006,68,0,0,1056,124,0,320,512,0
2026-04-20,DC001,SKU006,72,0,0,988,99,0,320,512,0
2026-04-21,DC001,SKU006,60,0,0,916,15,0,320,512,0
2026-04-22,DC001,SKU006,86,0,0,856,70,0,320,512,0
2026-04-23,DC001,SKU006,62,0,0,770,112,0,320,512,0
2026-04-24,DC001,SKU006,54,0,0,708,78,0,320,512,0
2026-04-25,DC001,SKU006,63,0,0,654,27,0,320,512,0
2026-04-26,DC001,SKU006,75,0,0,591,66,0,320,512,0
2026-04-27,DC001,SKU006,59,0,0,516,1,0,320,512,0
2026-04-28,DC001,SKU006,46,0,0,457,56,0,320,512,0
2026-04-29,DC001,SKU006,86,0,0,411,6,0,320,512,0
2026-04-30,DC001,SKU006,60,0,0,325,0,0,320,512,0
2026-05-01,DC001,SKU006,58,0,0,265,23,0,320,512,1
2026-05-02,DC001,SKU006,83,0,0,207,27,701,320,512,0
2026-05-03,DC001,SKU006,98,0,0,825,98,0,320,512,0
2026-05-04,DC001,SKU006,79,0,1,727,6,0,320,512,0
2026-05-05,DC001,SKU006,87,0,0,648,58,0,320,512,0
2026-05-06,DC001,SKU006,84,0,0,561,73,0,320,512,0
2026-05-07,DC001,SKU006,74,0,0,477,30,0,320,512,0
2026-05-08,DC001,SKU006,74,0,0,403,53,0,320,512,0
2026-05-09,DC001,SKU006,91,0,0,329,31,0,320,512,1
2026-05-10,DC001,SKU006,66,0,0,238,3,0,320,512,1
2026-05-11,DC001,SKU006,33,0,0,172,16,0,320,512,1
2026-05-12,DC001,SKU006,65,0,0,139,13,815,320,512,0
2026-05-13,DC001,SKU006,98,0,0,889,63,0,320,512,0
2026-05-14,DC001,SKU006,67,0,1,791,115,0,320,512,0
2026-05-15,DC001,SKU006,51,0,0,724,52,0,320,512,0
2026-05-16,DC001,SKU006,35,0,0,673,20,0,320,512,0
2026-05-17,DC001,SKU006,79,0,0,638,0,0,320,512,0
2026-05-18,DC001,SKU006,70,0,1,559,67,0,320,512,0
2026-05-19,DC001,SKU006,50,0,0,489,21,0,320,512,0
2026-05-20,DC001,SKU006,69,0,0,439,7,0,320,512,0
2026-05-21,DC001,SKU006,50,0,0,370,48,0,320,512,0
2026-05-22,DC001,SKU006,51,0,0,320,20,0,320,512,1
2026-05-23,DC001,SKU006,35,0,0,269,28,0,320,512,1
2026-05-24,DC001,SKU006,55,0,0,234,9,1042,320,512,0
2026-05-25,DC001,SKU006,67,0,0,1221,20,0,320,512,0
2026-05-26,DC001,SKU006,23,0,0,1154,20,0,320,512,0
2026-05-27,DC001,SKU006,50,0,0,1131,127,0,320,512,0
2026-05-28,DC001,SKU006,72,0,1,1081,152,0,320,512,0
2026-05-29,DC001,SKU006,52,0,0,1009,102,0,320,512,0
2026-05-30,DC001,SKU006,63,0,0,957,91,0,320,512,0
2026-05-31,DC001,SKU006,65,0,0,894,82,0,320,512,0
2026-06-01,DC001,SKU006,53,0,0,829,112,0,320,512,0
2026-06-02,DC001,SKU006,86,0,1,776,62,0,320,512,0
2026-06-03,DC001,SKU006,64,0,0,690,30,0,320,512,0
2026-06-04,DC001,SKU006,60,0,0,626,54,0,320,512,0
2026-06-05,DC001,SKU006,81,0,1,566,29,0,320,512,0
2026-06-06,DC001,SKU006,44,0,0,485,47,0,320,512,0
2026-06-07,DC001,SKU006,100,0,0,441,18,0,320,512,0
2026-06-08,DC001,SKU006,50,0,0,341,22,0,320,512,1
2026-06-09,DC001,SKU006,29,0,0,291,25,0,320,512,1
2026-06-10,DC001,SKU006,51,0,0,262,27,0,320,512,1
2026-06-11,DC001,SKU006,60,0,0,211,4,0,320,512,1
2026-06-12,DC001,SKU006,41,0,0,151,3,1069,320,512,0
2026-06-13,DC001,SKU006,54,0,0,1179,72,0,320,512,0
2026-06-14,DC001,SKU006,60,0,0,1125,114,0,320,512,0
2026-06-15,DC001,SKU006,56,1,0,1065,157,0,320,512,0
2026-06-16,DC001,SKU006,73,1,0,1009,104,0,320,512,0
2026-06-17,DC001,SKU006,76,1,0,936,70,0,320,512,0
2026-06-18,DC001,SKU006,88,1,0,860,49,0,320,512,0
2026-06-19,DC001,SKU006,99,1,1,772,18,0,320,512,0
2026-06-20,DC001,SKU006,90,1,1,673,76,0,320,512,0
2026-06-21,DC001,SKU006,103,1,0,583,10,0,320,512,0
2026-06-22,DC001,SKU006,81,1,0,480,22,0,320,512,0
2026-06-23,DC001,SKU006,47,1,0,399,20,0,320,512,0
2026-06-24,DC001,SKU006,49,1,0,352,29,0,320,512,0
2026-06-25,DC001,SKU006,83,1,0,303,13,0,320,512,1
2026-06-26,DC001,SKU006,121,1,0,220,1,0,320,512,1
2026-06-27,DC001,SKU006,90,1,0,99,5,0,320,512,1
2026-06-28,DC001,SKU006,102,1,0,9,0,0,320,512,1
2026-06-29,DC001,SKU006,96,1,0,0,0,0,320,512,1
2026-06-30,DC001,SKU006,113,1,0,0,0,906,320,512,0
2026-07-01,DC001,SKU006,182,1,1,793,27,0,320,512,0
2026-07-02,DC001,SKU006,48,1,0,611,83,0,320,512,0
2026-07-03,DC001,SKU006,117,1,0,563,11,0,320,512,0
2026-07-04,DC001,SKU006,91,1,0,446,8,0,320,512,0
2026-07-05,DC001,SKU006,85,1,0,355,52,0,320,512,1
2026-07-06,DC001,SKU006,57,1,0,270,23,0,320,512,1
2026-07-07,DC001,SKU006,106,1,0,213,12,0,320,512,1
2026-07-08,DC001,SKU006,69,1,0,107,9,0,320,512,1
2026-07-09,DC001,SKU006,120,1,0,38,4,0,320,512,1
2026-07-10,DC001,SKU006,80,1,0,0,0,721,320,512,0
2026-07-11,DC001,SKU006,120,1,0,641,85,0,320,512,0
2026-07-12,DC001,SKU006,95,1,1,521,69,0,320,512,0
2026-07-13,DC001,SKU006,106,1,0,426,1,0,320,512,0
2026-07-14,DC001,SKU006,94,1,0,320,34,0,320,512,1
2026-07-15,DC001,SKU006,63,1,0,226,27,0,320,512,1
2026-07-16,DC001,SKU006,52,1,0,163,23,1298,320,512,0
2026-07-17,DC001,SKU006,74,1,0,1409,3,0,320,512,0
2026-07-18,DC001,SKU006,111,1,0,1335,167,0,320,512,0
2026-07-19,DC001,SKU006,100,1,0,1224,141,0,320,512,0
2026-07-20,DC001,SKU006,73,1,0,1124,129,0,320,512,0
2026-07-21,DC001,SKU006,68,1,0,1051,76,0,320,512,0
2026-07-22,DC001,SKU006,108,1,1,983,60,0,320,512,0
2026-07-23,DC001,SKU006,83,1,0,875,14,0,320,512,0
2026-07-24,DC001,SKU006,74,1,0,792,112,0,320,512,0
2026-07-25,DC001,SKU006,102,1,1,718,32,0,320,512,0
2026-07-26,DC001,SKU006,92,0,1,616,46,0,320,512,0
2026-07-27,DC001,SKU006,61,0,0,524,5,0,320,512,0
2026-07-28,DC001,SKU006,66,0,0,463,20,0,320,512,0
2026-07-29,DC001,SKU006,81,0,0,397,19,0,320,512,0
2026-07-30,DC001,SKU006,61,0,0,316,30,0,320,512,1
2026-07-31,DC001,SKU006,91,0,0,255,4,0,320,512,1
2026-08-01,DC001,SKU006,39,0,0,164,11,0,320,512,1
2026-08-02,DC001,SKU006,69,0,0,125,4,0,320,512,1
2026-08-03,DC001,SKU006,55,0,0,56,6,0,320,512,1
2026-08-04,DC001,SKU006,72,0,0,1,0,0,320,512,1
2026-08-05,DC001,SKU006,55,0,0,0,0,1059,320,512,0
2026-08-06,DC001,SKU006,58,0,1,1004,0,0,320,512,0
2026-08-07,DC001,SKU006,86,0,0,946,6,0,320,512,0
2026-08-08,DC001,SKU006,58,0,0,860,108,0,320,512,0
2026-08-09,DC001,SKU006,81,0,1,802,29,0,320,512,0
2026-08-10,DC001,SKU006,52,0,0,721,38,0,320,512,0
2026-08-11,DC001,SKU006,59,0,0,669,84,0,320,512,0
2026-08-12,DC001,SKU006,70,0,0,610,39,0,320,512,0
2026-08-13,DC001,SKU006,68,0,0,540,30,0,320,512,0
2026-04-16,DC001,SKU007,57,0,0,1160,67,0,320,512,0
2026-04-17,DC001,SKU007,87,0,0,1103,116,0,320,512,0
2026-04-18,DC001,SKU007,79,0,1,1016,101,0,320,512,0
2026-04-19,DC001,SKU007,45,0,0,937,106,0,320,512,0
2026-04-20,DC001,SKU007,42,0,0,892,14,0,320,512,0
2026-04-21,DC001,SKU007,73,0,0,850,82,0,320,512,0
2026-04-22,DC001,SKU007,76,0,1,777,58,0,320,512,0
2026-04-23,DC001,SKU007,56,0,0,701,48,0,320,512,0
2026-04-24,DC001,SKU007,36,0,0,645,5,0,320,512,0
2026-04-25,DC001,SKU007,36,0,0,609,38,0,320,512,0
2026-04-26,DC001,SKU007,52,0,0,573,56,0,320,512,0
2026-04-27,DC001,SKU007,65,0,0,521,68,973,320,512,0
2026-04-28,DC001,SKU007,46,0,0,1429,139,0,320,512,0
2026-04-29,DC001,SKU007,51,0,0,1383,65,0,320,512,0
2026-04-30,DC001,SKU007,81,0,0,1332,39,0,320,512,0
2026-05-01,DC001,SKU007,46,0,0,1251,53,0,320,512,0
2026-05-02,DC001,SKU007,31,0,0,1205,151,0,320,512,0
2026-05-03,DC001,SKU007,71,0,1,1174,66,0,320,512,0
2026-05-04,DC001,SKU007,54,0,0,1103,66,0,320,512,0
2026-05-05,DC001,SKU007,18,0,0,1049,93,0,320,512,0
2026-05-06,DC001,SKU007,79,0,1,1031,80,0,320,512,0
2026-05-07,DC001,SKU007,57,0,0,952,44,0,320,512,0
2026-05-08,DC001,SKU007,59,0,0,895,131,0,320,512,0
2026-05-09,DC001,SKU007,81,0,0,836,2,0,320,512,0
2026-05-10,DC001,SKU007,54,0,0,755,30,0,320,512,0
2026-05-11,DC001,SKU007,73,0,1,701,30,0,320,512,0
2026-05-12,DC001,SKU007,25,0,0,628,35,0,320,512,0
2026-05-13,DC001,SKU007,74,0,1,603,27,0,320,512,0
2026-05-14,DC001,SKU007,68,0,0,529,36,0,320,512,0
2026-05-15,DC001,SKU007,68,0,0,461,4,723,320,512,0
2026-05-16,DC001,SKU007,55,0,0,1116,9,0,320,512,0
2026-05-17,DC001,SKU007,83,0,0,1061,150,0,320,512,0
2026-05-18,DC001,SKU007,58,0,0,978,141,0,320,512,0
2026-05-19,DC001,SKU007,73,0,1,920,50,0,320,512,0
2026-05-20,DC001,SKU007,52,0,0,847,79,0,320,512,0
2026-05-21,DC001,SKU007,53,0,0,795,68,0,320,512,0
2026-05-22,DC001,SKU007,65,0,0,742,43,0,320,512,0
2026-05-23,DC001,SKU007,75,0,0,677,26,0,320,512,0
2026-05-24,DC001,SKU007,54,0,0,602,42,0,320,512,0
2026-05-25,DC001,SKU007,65,0,0,548,58,665,320,512,0
2026-05-26,DC001,SKU007,54,0,1,1148,23,0,320,512,0
2026-05-27,DC001,SKU007,89,0,0,1094,86,0,320,512,0
2026-05-28,DC001,SKU007,88,0,0,1005,11,0,320,512,0
2026-05-29,DC001,SKU007,58,0,0,917,110,0,320,512,0
2026-05-30,DC001,SKU007,24,0,0,859,5,0,320,512,0
2026-05-31,DC001,SKU007,81,0,0,835,55,0,320,512,0
2026-06-01,DC001,SKU007,51,0,0,754,108,0,320,512,0
2026-06-02,DC001,SKU007,66,0,0,703,100,0,320,512,0
2026-06-03,DC001,SKU007,33,0,0,637,41,0,320,512,0
2026-06-04,DC001,SKU007,64,0,0,604,6,0,320,512,0
2026-06-05,DC001,SKU007,64,0,0,540,61,856,320,512,0
2026-06-06,DC001,SKU007,58,0,0,1332,49,0,320,512,0
2026-06-07,DC001,SKU007,43,0,0,1274,107,0,320,512,0
2026-06-08,DC001,SKU007,65,0,0,1231,92,0,320,512,0
2026-06-09,DC001,SKU007,46,0,1,1166,56,0,320,512,0
2026-06-10,DC001,SKU007,67,0,0,1120,122,0,320,512,0
2026-06-11,DC001,SKU007,51,0,0,1053,75,0,320,512,0
2026-06-12,DC001,SKU007,57,0,0,1002,17,0,320,512,0
2026-06-13,DC001,SKU007,69,0,0,945,140,0,320,512,0
2026-06-14,DC001,SKU007,66,0,1,876,99,0,320,512,0
2026-06-15,DC001,SKU007,79,1,0,810,111,0,320,512,0
2026-06-16,DC001,SKU007,48,1,0,731,63,0,320,512,0
2026-06-17,DC001,SKU007,47,1,0,683,57,0,320,512,0
2026-06-18,DC001,SKU007,69,1,0,636,62,0,320,512,0
2026-06-19,DC001,SKU007,58,1,0,567,18,0,320,512,0
2026-06-20,DC001,SKU007,52,1,1,509,2,1082,320,512,0
2026-06-21,DC001,SKU007,59,1,0,1539,100,0,320,512,0
2026-06-22,DC001,SKU007,66,1,0,1480,114,0,320,512,0
2026-06-23,DC001,SKU007,44,1,0,1414,189,0,320,512,0
2026-06-24,DC001,SKU007,37,1,0,1370,183,0,320,512,0
2026-06-25,DC001,SKU007,56,1,0,1333,99,0,320,512,0
2026-06-26,DC001,SKU007,80,1,0,1277,113,0,320,512,0
2026-06-27,DC001,SKU007,71,1,0,1197,37,0,320,512,0
2026-06-28,DC001,SKU007,61,1,1,1126,11,0,320,512,0
2026-06-29,DC001,SKU007,18,1,0,1065,129,0,320,512,0
2026-06-30,DC001,SKU007,61,1,0,1047,52,0,320,512,0
2026-07-01,DC001,SKU007,68,1,0,986,22,0,320,512,0
2026-07-02,DC001,SKU007,75,1,0,918,74,0,320,512,0
2026-07-03,DC001,SKU007,50,1,0,843,16,0,320,512,0
2026-07-04,DC001,SKU007,56,1,0,793,0,0,320,512,0
2026-07-05,DC001,SKU007,47,1,0,737,107,0,320,512,0
2026-07-06,DC001,SKU007,58,1,0,690,31,0,320,512,0
2026-07-07,DC001,SKU007,68,1,0,632,70,0,320,512,0
2026-07-08,DC001,SKU007,40,1,0,564,35,0,320,512,0
2026-07-09,DC001,SKU007,76,1,0,524,64,795,320,512,0
2026-07-10,DC001,SKU007,43,1,0,1243,150,0,320,512,0
2026-07-11,DC001,SKU007,48,1,0,1200,106,0,320,512,0
2026-07-12,DC001,SKU007,79,1,0,1152,13,0,320,512,0
2026-07-13,DC001,SKU007,45,1,0,1073,125,0,320,512,0
2026-07-14,DC001,SKU007,65,1,0,1028,146,0,320,512,0
2026-07-15,DC001,SKU007,81,1,1,963,42,0,320,512,0
2026-07-16,DC001,SKU007,35,1,0,882,100,0,320,512,0
2026-07-17,DC001,SKU007,88,1,0,847,46,0,320,512,0
2026-07-18,DC001,SKU007,104,1,0,759,94,0,320,512,0
2026-07-19,DC001,SKU007,53,1,0,655,90,0,320,512,0
2026-07-20,DC001,SKU007,85,1,0,602,65,0,320,512,0
2026-07-21,DC001,SKU007,70,1,0,517,15,0,320,512,0
2026-07-22,DC001,SKU007,48,1,0,447,65,0,320,512,0
2026-07-23,DC001,SKU007,64,1,0,399,56,0,320,512,0
2026-07-24,DC001,SKU007,83,1,0,335,8,0,320,512,0
2026-07-25,DC001,SKU007,53,1,0,252,31,988,320,512,0
2026-07-26,DC001,SKU007,56,0,0,1187,77,0,320,512,0
2026-07-27,DC001,SKU007,71,0,0,1131,92,0,320,512,0
2026-07-28,DC001,SKU007,66,0,0,1060,8,0,320,512,0
2026-07-29,DC001,SKU007,68,0,0,994,26,0,320,512,0
2026-07-30,DC001,SKU007,64,0,0,926,76,0,320,512,0
2026-07-31,DC001,SKU007,50,0,0,862,37,0,320,512,0
2026-08-01,DC001,SKU007,44,0,0,812,81,0,320,512,0
2026-08-02,DC001,SKU007,68,0,0,768,65,0,320,512,0
2026-08-03,DC001,SKU007,37,0,0,700,95,0,320,512,0
2026-08-04,DC001,SKU007,62,0,1,663,54,0,320,512,0
2026-08-05,DC001,SKU007,60,0,0,601,27,0,320,512,0
2026-08-06,DC001,SKU007,35,0,0,541,59,0,320,512,0
2026-08-07,DC001,SKU007,89,0,1,506,59,0,320,512,0
2026-08-08,DC001,SKU007,41,0,0,417,3,0,320,512,0
2026-08-09,DC001,SKU007,76,0,0,376,36,0,320,512,0
2026-08-10,DC001,SKU007,52,0,0,300,33,741,320,512,0
2026-08-11,DC001,SKU007,38,0,0,989,64,0,320,512,0
2026-08-12,DC001,SKU007,58,0,0,951,25,0,320,512,0
2026-08-13,DC001,SKU007,46,0,0,893,15,0,320,512,0
2026-04-16,DC001,SKU008,16,0,0,280,17,0,80,128,0
2026-04-17,DC001,SKU008,16,0,0,264,15,0,80,128,0
2026-04-18,DC001,SKU008,13,0,0,248,9,0,80,128,0
2026-04-19,DC001,SKU008,9,0,0,235,23,0,80,128,0
2026-04-20,DC001,SKU008,11,0,0,226,2,0,80,128,0
2026-04-21,DC001,SKU008,14,0,0,215,9,0,80,128,0
2026-04-22,DC001,SKU008,18,0,0,201,19,0,80,128,0
2026-04-23,DC001,SKU008,17,0,0,183,0,0,80,128,0
2026-04-24,DC001,SKU008,16,0,0,166,17,0,80,128,0
2026-04-25,DC001,SKU008,10,0,0,150,7,0,80,128,0
2026-04-26,DC001,SKU008,16,0,0,140,19,161,80,128,0
2026-04-27,DC001,SKU008,14,0,0,285,31,0,80,128,0
2026-04-28,DC001,SKU008,15,0,0,271,28,0,80,128,0
2026-04-29,DC001,SKU008,10,0,0,256,15,0,80,128,0
2026-04-30,DC001,SKU008,11,0,1,246,16,0,80,128,0
2026-05-01,DC001,SKU008,15,0,0,235,14,0,80,128,0
2026-05-02,DC001,SKU008,15,0,0,220,32,0,80,128,0
2026-05-03,DC001,SKU008,11,0,0,205,0,0,80,128,0
2026-05-04,DC001,SKU008,14,0,0,194,26,0,80,128,0
2026-05-05,DC001,SKU008,12,0,0,180,6,0,80,128,0
2026-05-06,DC001,SKU008,18,0,0,168,16,0,80,128,0
2026-05-07,DC001,SKU008,17,0,0,150,16,0,80,128,0
2026-05-08,DC001,SKU008,14,0,0,133,14,174,80,128,0
2026-05-09,DC001,SKU008,13,0,0,293,11,0,80,128,0
2026-05-10,DC001,SKU008,13,0,0,280,30,0,80,128,0
2026-05-11,DC001,SKU008,11,0,0,267,26,0,80,128,0
2026-05-12,DC001,SKU008,15,0,0,256,35,0,80,128,0
2026-05-13,DC001,SKU008,15,0,0,241,7,0,80,128,0
2026-05-14,DC001,SKU008,16,0,0,226,17,0,80,128,0
2026-05-15,DC001,SKU008,19,0,1,210,11,0,80,128,0
2026-05-16,DC001,SKU008,17,0,0,191,7,0,80,128,0
2026-05-17,DC001,SKU008,20,0,0,174,23,0,80,128,0
2026-05-18,DC001,SKU008,13,0,0,154,14,0,80,128,0
2026-05-19,DC001,SKU008,18,0,0,141,14,0,80,128,0
2026-05-20,DC001,SKU008,15,0,0,123,1,0,80,128,0
2026-05-21,DC001,SKU008,14,0,0,108,7,182,80,128,0
2026-05-22,DC001,SKU008,13,0,0,276,38,0,80,128,0
2026-05-23,DC001,SKU008,12,0,0,263,30,0,80,128,0
2026-05-24,DC001,SKU008,10,0,0,251,6,0,80,128,0
2026-05-25,DC001,SKU008,16,0,0,241,2,0,80,128,0
2026-05-26,DC001,SKU008,16,0,0,225,27,0,80,128,0
2026-05-27,DC001,SKU008,14,0,0,209,3,0,80,128,0
2026-05-28,DC001,SKU008,10,0,0,195,15,0,80,128,0
2026-05-29,DC001,SKU008,11,0,0,185,9,0,80,128,0
2026-05-30,DC001,SKU008,15,0,0,174,8,0,80,128,0
2026-05-31,DC001,SKU008,15,0,0,159,22,0,80,128,0
2026-06-01,DC001,SKU008,14,0,0,144,20,0,80,128,0
2026-06-02,DC001,SKU008,7,0,0,130,7,0,80,128,0
2026-06-03,DC001,SKU008,15,0,0,123,12,0,80,128,0
2026-06-04,DC001,SKU008,13,0,0,108,12,0,80,128,0
2026-06-05,DC001,SKU008,15,0,0,95,2,0,80,128,0
2026-06-06,DC001,SKU008,11,0,0,80,1,140,80,128,0
2026-06-07,DC001,SKU008,14,0,0,209,5,0,80,128,0
2026-06-08,DC001,SKU008,18,0,0,195,0,0,80,128,0
2026-06-09,DC001,SKU008,13,0,0,177,9,0,80,128,0
2026-06-10,DC001,SKU008,15,0,0,164,5,0,80,128,0
2026-06-11,DC001,SKU008,10,0,0,149,1,0,80,128,0
2026-06-12,DC001,SKU008,15,0,0,139,4,0,80,128,0
2026-06-13,DC001,SKU008,14,0,0,124,10,0,80,128,0
2026-06-14,DC001,SKU008,15,0,0,110,8,0,80,128,0
2026-06-15,DC001,SKU008,14,1,0,95,5,0,80,128,0
2026-06-16,DC001,SKU008,10,1,0,81,6,224,80,128,0
2026-06-17,DC001,SKU008,11,1,0,295,30,0,80,128,0
2026-06-18,DC001,SKU008,12,1,0,284,16,0,80,128,0
2026-06-19,DC001,SKU008,14,1,0,272,17,0,80,128,0
2026-06-20,DC001,SKU008,11,1,1,258,30,0,80,128,0
2026-06-21,DC001,SKU008,25,1,1,247,23,0,80,128,0
2026-06-22,DC001,SKU008,10,1,0,222,8,0,80,128,0
2026-06-23,DC001,SKU008,17,1,1,212,26,0,80,128,0
2026-06-24,DC001,SKU008,18,1,0,195,24,0,80,128,0
2026-06-25,DC001,SKU008,17,1,0,177,11,0,80,128,0
2026-06-26,DC001,SKU008,12,1,0,160,20,0,80,128,0
2026-06-27,DC001,SKU008,11,1,0,148,8,0,80,128,0
2026-06-28,DC001,SKU008,13,1,0,137,18,149,80,128,0
2026-06-29,DC001,SKU008,16,1,0,273,39,0,80,128,0
2026-06-30,DC001,SKU008,9,1,1,257,24,0,80,128,0
2026-07-01,DC001,SKU008,20,1,1,248,16,0,80,128,0
2026-07-02,DC001,SKU008,12,1,0,228,19,0,80,128,0
2026-07-03,DC001,SKU008,12,1,0,216,12,0,80,128,0
2026-07-04,DC001,SKU008,12,1,1,204,11,0,80,128,0
2026-07-05,DC001,SKU008,16,1,0,192,20,0,80,128,0
2026-07-06,DC001,SKU008,21,1,1,176,5,0,80,128,0
2026-07-07,DC001,SKU008,13,1,0,155,18,0,80,128,0
2026-07-08,DC001,SKU008,13,1,0,142,11,0,80,128,0
2026-07-09,DC001,SKU008,18,1,1,129,15,0,80,128,0
2026-07-10,DC001,SKU008,18,1,0,111,8,233,80,128,0
2026-07-11,DC001,SKU008,11,1,0,326,9,0,80,128,0
2026-07-12,DC001,SKU008,15,1,0,315,35,0,80,128,0
2026-07-13,DC001,SKU008,15,1,0,300,29,0,80,128,0
2026-07-14,DC001,SKU008,18,1,0,285,24,0,80,128,0
2026-07-15,DC001,SKU008,13,1,0,267,28,0,80,128,0
2026-07-16,DC001,SKU008,10,1,0,254,7,0,80,128,0
2026-07-17,DC001,SKU008,11,1,0,244,15,0,80,128,0
2026-07-18,DC001,SKU008,12,1,0,233,17,0,80,128,0
2026-07-19,DC001,SKU008,14,1,0,221,12,0,80,128,0
2026-07-20,DC001,SKU008,12,1,0,207,20,0,80,128,0
2026-07-21,DC001,SKU008,16,1,0,195,7,0,80,128,0
2026-07-22,DC001,SKU008,10,1,0,179,17,0,80,128,0
2026-07-23,DC001,SKU008,11,1,0,169,17,0,80,128,0
2026-07-24,DC001,SKU008,12,1,0,158,14,0,80,128,0
2026-07-25,DC001,SKU008,16,1,0,146,17,0,80,128,0
2026-07-26,DC001,SKU008,15,0,0,130,3,237,80,128,0
2026-07-27,DC001,SKU008,12,0,0,352,13,0,80,128,0
2026-07-28,DC001,SKU008,16,0,1,340,44,0,80,128,0
2026-07-29,DC001,SKU008,12,0,0,324,32,0,80,128,0
2026-07-30,DC001,SKU008,14,0,0,312,42,0,80,128,0
2026-07-31,DC001,SKU008,15,0,0,298,44,0,80,128,0
2026-08-01,DC001,SKU008,13,0,0,283,35,0,80,128,0
2026-08-02,DC001,SKU008,12,0,0,270,3,0,80,128,0
2026-08-03,DC001,SKU008,14,0,0,258,12,0,80,128,0
2026-08-04,DC001,SKU008,15,0,0,244,36,0,80,128,0
2026-08-05,DC001,SKU008,14,0,0,229,1,0,80,128,0
2026-08-06,DC001,SKU008,17,0,0,215,18,0,80,128,0
2026-08-07,DC001,SKU008,12,0,0,198,19,0,80,128,0
2026-08-08,DC001,SKU008,17,0,0,186,1,0,80,128,0
2026-08-09,DC001,SKU008,15,0,0,169,15,0,80,128,0
2026-08-10,DC001,SKU008,16,0,0,154,13,0,80,128,0
2026-08-11,DC001,SKU008,14,0,0,138,20,0,80,128,0
2026-08-12,DC001,SKU008,11,0,0,124,4,0,80,128,0
2026-08-13,DC001,SKU008,18,0,0,113,15,0,80,128,0
2026-04-16,DC001,SKU009,36,0,0,640,56,0,176,282,0
2026-04-17,DC001,SKU009,45,0,1,604,41,0,176,282,0
2026-04-18,DC001,SKU009,24,0,0,559,78,0,176,282,0
2026-04-19,DC001,SKU009,42,0,0,535,40,0,176,282,0
2026-04-20,DC001,SKU009,39,0,0,493,20,0,176,282,0
2026-04-21,DC001,SKU009,41,0,0,454,43,0,176,282,0
2026-04-22,DC001,SKU009,35,0,0,413,28,0,176,282,0
2026-04-23,DC001,SKU009,25,0,0,378,47,0,176,282,0
2026-04-24,DC001,SKU009,42,0,0,353,44,0,176,282,0
2026-04-25,DC001,SKU009,38,0,0,311,44,0,176,282,0
2026-04-26,DC001,SKU009,24,0,0,273,23,0,176,282,0
2026-04-27,DC001,SKU009,29,0,0,249,21,0,176,282,0
2026-04-28,DC001,SKU009,26,0,0,220,20,0,176,282,0
2026-04-29,DC001,SKU009,30,0,0,194,19,596,176,282,0
2026-04-30,DC001,SKU009,36,0,0,760,32,0,176,282,0
2026-05-01,DC001,SKU009,26,0,0,724,108,0,176,282,0
2026-05-02,DC001,SKU009,40,0,1,698,101,0,176,282,0
2026-05-03,DC001,SKU009,37,0,0,658,83,0,176,282,0
2026-05-04,DC001,SKU009,34,0,1,621,90,0,176,282,0
2026-05-05,DC001,SKU009,30,0,0,587,75,0,176,282,0
2026-05-06,DC001,SKU009,30,0,0,557,5,0,176,282,0
2026-05-07,DC001,SKU009,26,0,0,527,18,0,176,282,0
2026-05-08,DC001,SKU009,28,0,0,501,12,0,176,282,0
2026-05-09,DC001,SKU009,29,0,0,473,69,0,176,282,0
2026-05-10,DC001,SKU009,31,0,0,444,18,0,176,282,0
2026-05-11,DC001,SKU009,35,0,0,413,20,0,176,282,0
2026-05-12,DC001,SKU009,28,0,0,378,14,0,176,282,0
2026-05-13,DC001,SKU009,29,0,0,350,35,0,176,282,0
2026-05-14,DC001,SKU009,43,0,1,321,7,0,176,282,0
2026-05-15,DC001,SKU009,28,0,0,278,36,346,176,282,0
2026-05-16,DC001,SKU009,36,0,0,596,71,0,176,282,0
2026-05-17,DC001,SKU009,19,0,0,560,48,0,176,282,0
2026-05-18,DC001,SKU009,34,0,0,541,22,0,176,282,0
2026-05-19,DC001,SKU009,24,0,0,507,6,0,176,282,0
2026-05-20,DC001,SKU009,38,0,0,483,4,0,176,282,0
2026-05-21,DC001,SKU009,28,0,0,445,30,0,176,282,0
2026-05-22,DC001,SKU009,44,0,0,417,48,0,176,282,0
2026-05-23,DC001,SKU009,37,0,0,373,17,0,176,282,0
2026-05-24,DC001,SKU009,30,0,0,336,9,0,176,282,0
2026-05-25,DC001,SKU009,37,0,0,306,34,0,176,282,0
2026-05-26,DC001,SKU009,29,0,0,269,34,0,176,282,0
2026-05-27,DC001,SKU009,39,0,0,240,16,0,176,282,0
2026-05-28,DC001,SKU009,33,0,0,201,17,0,176,282,0
2026-05-29,DC001,SKU009,23,0,0,168,5,0,176,282,1
2026-05-30,DC001,SKU009,25,0,0,145,12,409,176,282,0
2026-05-31,DC001,SKU009,34,0,0,529,14,0,176,282,0
2026-06-01,DC001,SKU009,34,0,0,495,72,0,176,282,0
2026-06-02,DC001,SKU009,30,0,0,461,9,0,176,282,0
2026-06-03,DC001,SKU009,28,0,0,431,5,0,176,282,0
2026-06-04,DC001,SKU009,40,0,0,403,51,0,176,282,0
2026-06-05,DC001,SKU009,35,0,0,363,12,0,176,282,0
2026-06-06,DC001,SKU009,25,0,0,328,43,0,176,282,0
2026-06-07,DC001,SKU009,34,0,0,303,28,0,176,282,0
2026-06-08,DC001,SKU009,34,0,0,269,18,0,176,282,0
2026-06-09,DC001,SKU009,37,0,0,235,1,0,176,282,0
2026-06-10,DC001,SKU009,31,0,0,198,7,0,176,282,0
2026-06-11,DC001,SKU009,43,0,0,167,3,0,176,282,1
2026-06-12,DC001,SKU009,30,0,0,124,11,0,176,282,1
2026-06-13,DC001,SKU009,40,0,0,94,2,385,176,282,0
2026-06-14,DC001,SKU009,29,0,0,439,33,0,176,282,0
2026-06-15,DC001,SKU009,32,1,0,410,30,0,176,282,0
2026-06-16,DC001,SKU009,45,1,1,378,1,0,176,282,0
2026-06-17,DC001,SKU009,40,1,0,333,8,0,176,282,0
2026-06-18,DC001,SKU009,36,1,1,293,19,0,176,282,0
2026-06-19,DC001,SKU009,33,1,1,257,23,0,176,282,0
2026-06-20,DC001,SKU009,34,1,0,224,12,0,176,282,0
2026-06-21,DC001,SKU009,28,1,0,190,22,0,176,282,1
2026-06-22,DC001,SKU009,34,1,0,162,13,0,176,282,1
2026-06-23,DC001,SKU009,32,1,0,128,14,0,176,282,1
2026-06-24,DC001,SKU009,41,1,0,96,0,0,176,282,1
2026-06-25,DC001,SKU009,31,1,0,55,5,0,176,282,1
2026-06-26,DC001,SKU009,33,1,0,24,3,0,176,282,1
2026-06-27,DC001,SKU009,25,1,0,0,0,0,176,282,1
2026-06-28,DC001,SKU009,38,1,0,0,0,549,176,282,0
2026-06-29,DC001,SKU009,24,1,0,511,6,0,176,282,0
2026-06-30,DC001,SKU009,22,1,0,487,19,0,176,282,0
2026-07-01,DC001,SKU009,28,1,0,465,64,0,176,282,0
2026-07-02,DC001,SKU009,28,1,1,437,6,0,176,282,0
2026-07-03,DC001,SKU009,24,1,0,409,59,0,176,282,0
2026-07-04,DC001,SKU009,34,1,0,385,28,0,176,282,0
2026-07-05,DC001,SKU009,46,1,0,351,39,0,176,282,0
2026-07-06,DC001,SKU009,29,1,0,305,26,0,176,282,0
2026-07-07,DC001,SKU009,25,1,0,276,16,0,176,282,0
2026-07-08,DC001,SKU009,44,1,0,251,34,0,176,282,0
2026-07-09,DC001,SKU009,26,1,0,207,5,0,176,282,0
2026-07-10,DC001,SKU009,27,1,0,181,22,555,176,282,0
2026-07-11,DC001,SKU009,31,1,0,709,31,0,176,282,0
2026-07-12,DC001,SKU009,18,1,0,678,44,0,176,282,0
2026-07-13,DC001,SKU009,32,1,0,660,89,0,176,282,0
2026-07-14,DC001,SKU009,24,1,0,628,69,0,176,282,0
2026-07-15,DC001,SKU009,45,1,0,604,81,0,176,282,0
2026-07-16,DC001,SKU009,37,1,0,559,27,0,176,282,0
2026-07-17,DC001,SKU009,42,1,1,522,8,0,176,282,0
2026-07-18,DC001,SKU009,35,1,0,480,33,0,176,282,0
2026-07-19,DC001,SKU009,33,1,0,445,49,0,176,282,0
2026-07-20,DC001,SKU009,32,1,1,412,40,0,176,282,0
2026-07-21,DC001,SKU009,19,1,0,380,53,0,176,282,0
2026-07-22,DC001,SKU009,36,1,0,361,53,0,176,282,0
2026-07-23,DC001,SKU009,31,1,0,325,16,0,176,282,0
2026-07-24,DC001,SKU009,42,1,1,294,2,0,176,282,0
2026-07-25,DC001,SKU009,21,1,0,252,23,0,176,282,0
2026-07-26,DC001,SKU009,30,0,0,231,12,0,176,282,0
2026-07-27,DC001,SKU009,16,0,0,201,10,0,176,282,0
2026-07-28,DC001,SKU009,29,0,0,185,5,469,176,282,0
2026-07-29,DC001,SKU009,28,0,0,625,35,0,176,282,0
2026-07-30,DC001,SKU009,35,0,0,597,73,0,176,282,0
2026-07-31,DC001,SKU009,18,0,0,562,78,0,176,282,0
2026-08-01,DC001,SKU009,29,0,0,544,76,0,176,282,0
2026-08-02,DC001,SKU009,28,0,0,515,36,0,176,282,0
2026-08-03,DC001,SKU009,32,0,0,487,11,0,176,282,0
2026-08-04,DC001,SKU009,32,0,0,455,48,0,176,282,0
2026-08-05,DC001,SKU009,42,0,1,423,26,0,176,282,0
2026-08-06,DC001,SKU009,36,0,0,381,37,0,176,282,0
2026-08-07,DC001,SKU009,39,0,1,345,18,0,176,282,0
2026-08-08,DC001,SKU009,40,0,0,306,37,0,176,282,0
2026-08-09,DC001,SKU009,29,0,0,266,10,433,176,282,0
2026-08-10,DC001,SKU009,40,0,0,670,7,0,176,282,0
2026-08-11,DC001,SKU009,41,0,0,630,17,0,176,282,0
2026-08-12,DC001,SKU009,23,0,0,589,77,0,176,282,0
2026-08-13,DC001,SKU009,29,0,0,566,19,0,176,282,0
2026-04-16,DC001,SKU010,14,0,0,280,39,0,80,128,0
2026-04-17,DC001,SKU010,13,0,0,266,25,0,80,128,0
2026-04-18,DC001,SKU010,18,0,0,253,20,0,80,128,0
2026-04-19,DC001,SKU010,12,0,0,235,15,0,80,128,0
2026-04-20,DC001,SKU010,13,0,0,223,27,0,80,128,0
2026-04-21,DC001,SKU010,14,0,0,210,26,0,80,128,0
2026-04-22,DC001,SKU010,16,0,0,196,7,0,80,128,0
2026-04-23,DC001,SKU010,13,0,0,180,13,0,80,128,0
2026-04-24,DC001,SKU010,15,0,0,167,8,0,80,128,0
2026-04-25,DC001,SKU010,10,0,1,152,6,0,80,128,0
2026-04-26,DC001,SKU010,21,0,1,142,7,0,80,128,0
2026-04-27,DC001,SKU010,12,0,0,121,14,0,80,128,0
2026-04-28,DC001,SKU010,12,0,0,109,16,224,80,128,0
2026-04-29,DC001,SKU010,16,0,0,321,33,0,80,128,0
2026-04-30,DC001,SKU010,10,0,0,305,14,0,80,128,0
2026-05-01,DC001,SKU010,15,0,0,295,18,0,80,128,0
2026-05-02,DC001,SKU010,13,0,0,280,31,0,80,128,0
2026-05-03,DC001,SKU010,10,0,0,267,3,0,80,128,0
2026-05-04,DC001,SKU010,16,0,0,257,6,0,80,128,0
2026-05-05,DC001,SKU010,18,0,0,241,0,0,80,128,0
2026-05-06,DC001,SKU010,15,0,0,223,30,0,80,128,0
2026-05-07,DC001,SKU010,12,0,0,208,1,0,80,128,0
2026-05-08,DC001,SKU010,10,0,1,196,0,0,80,128,0
2026-05-09,DC001,SKU010,17,0,0,186,0,0,80,128,0
2026-05-10,DC001,SKU010,13,0,0,169,14,0,80,128,0
2026-05-11,DC001,SKU010,13,0,0,156,22,0,80,128,0
2026-05-12,DC001,SKU010,16,0,0,143,5,0,80,128,0
2026-05-13,DC001,SKU010,11,0,0,127,7,0,80,128,0
2026-05-14,DC001,SKU010,20,0,1,116,14,171,80,128,0
2026-05-15,DC001,SKU010,13,0,0,267,37,0,80,128,0
2026-05-16,DC001,SKU010,8,0,0,254,33,0,80,128,0
2026-05-17,DC001,SKU010,12,0,0,246,7,0,80,128,0
2026-05-18,DC001,SKU010,13,0,0,234,15,0,80,128,0
2026-05-19,DC001,SKU010,12,0,0,221,13,0,80,128,0
2026-05-20,DC001,SKU010,14,0,0,209,25,0,80,128,0
2026-05-21,DC001,SKU010,10,0,0,195,4,0,80,128,0
2026-05-22,DC001,SKU010,11,0,0,185,11,0,80,128,0
2026-05-23,DC001,SKU010,10,0,0,174,1,0,80,128,0
2026-05-24,DC001,SKU010,22,0,1,164,4,0,80,128,0
2026-05-25,DC001,SKU010,11,0,0,142,5,0,80,128,0
2026-05-26,DC001,SKU010,13,0,0,131,4,0,80,128,0
2026-05-27,DC001,SKU010,15,0,0,118,11,0,80,128,0
2026-05-28,DC001,SKU010,12,0,0,103,2,0,80,128,0
2026-05-29,DC001,SKU010,17,0,0,91,9,0,80,128,0
2026-05-30,DC001,SKU010,15,0,0,74,6,0,80,128,1
2026-05-31,DC001,SKU010,17,0,0,59,4,0,80,128,1
2026-06-01,DC001,SKU010,8,0,0,42,3,0,80,128,1
2026-06-02,DC001,SKU010,11,0,0,34,4,0,80,128,1
2026-06-03,DC001,SKU010,18,0,0,23,0,0,80,128,1
2026-06-04,DC001,SKU010,17,0,1,5,0,0,80,128,1
2026-06-05,DC001,SKU010,15,0,0,0,0,0,80,128,1
2026-06-06,DC001,SKU010,11,0,0,0,0,157,80,128,0
2026-06-07,DC001,SKU010,16,0,0,146,7,0,80,128,0
2026-06-08,DC001,SKU010,15,0,0,130,11,0,80,128,0
2026-06-09,DC001,SKU010,9,0,0,115,4,0,80,128,0
2026-06-10,DC001,SKU010,19,0,0,106,11,0,80,128,0
2026-06-11,DC001,SKU010,11,0,0,87,0,224,80,128,0
2026-06-12,DC001,SKU010,15,0,0,300,2,0,80,128,0
2026-06-13,DC001,SKU010,13,0,0,285,39,0,80,128,0
2026-06-14,DC001,SKU010,8,0,0,272,18,0,80,128,0
2026-06-15,DC001,SKU010,16,1,1,264,1,0,80,128,0
2026-06-16,DC001,SKU010,13,1,0,248,15,0,80,128,0
2026-06-17,DC001,SKU010,12,1,0,235,23,0,80,128,0
2026-06-18,DC001,SKU010,11,1,0,223,1,0,80,128,0
2026-06-19,DC001,SKU010,18,1,0,212,15,0,80,128,0
2026-06-20,DC001,SKU010,23,1,1,194,2,0,80,128,0
2026-06-21,DC001,SKU010,15,1,0,171,10,0,80,128,0
2026-06-22,DC001,SKU010,13,1,0,156,16,0,80,128,0
2026-06-23,DC001,SKU010,19,1,0,143,19,0,80,128,0
2026-06-24,DC001,SKU010,14,1,0,124,12,0,80,128,0
2026-06-25,DC001,SKU010,15,1,0,110,10,0,80,128,0
2026-06-26,DC001,SKU010,12,1,1,95,10,0,80,128,0
2026-06-27,DC001,SKU010,8,1,0,83,1,256,80,128,0
2026-06-28,DC001,SKU010,15,1,0,331,32,0,80,128,0
2026-06-29,DC001,SKU010,18,1,0,316,36,0,80,128,0
2026-06-30,DC001,SKU010,12,1,0,298,0,0,80,128,0
2026-07-01,DC001,SKU010,10,1,0,286,0,0,80,128,0
2026-07-02,DC001,SKU010,11,1,0,276,35,0,80,128,0
2026-07-03,DC001,SKU010,15,1,0,265,3,0,80,128,0
2026-07-04,DC001,SKU010,21,1,0,250,14,0,80,128,0
2026-07-05,DC001,SKU010,10,1,0,229,3,0,80,128,0
2026-07-06,DC001,SKU010,12,1,0,219,3,0,80,128,0
2026-07-07,DC001,SKU010,13,1,0,207,16,0,80,128,0
2026-07-08,DC001,SKU010,14,1,0,194,28,0,80,128,0
2026-07-09,DC001,SKU010,12,1,0,180,8,0,80,128,0
2026-07-10,DC001,SKU010,16,1,0,168,16,0,80,128,0
2026-07-11,DC001,SKU010,11,1,0,152,14,0,80,128,0
2026-07-12,DC001,SKU010,12,1,0,141,12,0,80,128,0
2026-07-13,DC001,SKU010,16,1,0,129,16,0,80,128,0
2026-07-14,DC001,SKU010,16,1,0,113,10,143,80,128,0
2026-07-15,DC001,SKU010,19,1,0,240,30,0,80,128,0
2026-07-16,DC001,SKU010,11,1,0,221,4,0,80,128,0
2026-07-17,DC001,SKU010,13,1,0,210,18,0,80,128,0
2026-07-18,DC001,SKU010,11,1,0,197,2,0,80,128,0
2026-07-19,DC001,SKU010,17,1,1,186,15,0,80,128,0
2026-07-20,DC001,SKU010,11,1,0,169,16,0,80,128,0
2026-07-21,DC001,SKU010,13,1,0,158,16,0,80,128,0
2026-07-22,DC001,SKU010,12,1,0,145,6,0,80,128,0
2026-07-23,DC001,SKU010,18,1,0,133,7,0,80,128,0
2026-07-24,DC001,SKU010,15,1,0,115,3,0,80,128,0
2026-07-25,DC001,SKU010,15,1,0,100,0,0,80,128,0
2026-07-26,DC001,SKU010,15,0,1,85,9,0,80,128,1
2026-07-27,DC001,SKU010,11,0,0,70,7,0,80,128,1
2026-07-28,DC001,SKU010,18,0,0,59,8,0,80,128,1
2026-07-29,DC001,SKU010,15,0,0,41,2,187,80,128,0
2026-07-30,DC001,SKU010,14,0,0,213,5,0,80,128,0
2026-07-31,DC001,SKU010,10,0,0,199,3,0,80,128,0
2026-08-01,DC001,SKU010,9,0,0,189,11,0,80,128,0
2026-08-02,DC001,SKU010,12,0,0,180,17,0,80,128,0
2026-08-03,DC001,SKU010,23,0,1,168,20,0,80,128,0
2026-08-04,DC001,SKU010,15,0,0,145,3,0,80,128,0
2026-08-05,DC001,SKU010,14,0,0,130,11,0,80,128,0
2026-08-06,DC001,SKU010,11,0,0,116,6,242,80,128,0
2026-08-07,DC001,SKU010,12,0,0,347,3,0,80,128,0
2026-08-08,DC001,SKU010,16,0,0,335,28,0,80,128,0
2026-08-09,DC001,SKU010,14,0,0,319,38,0,80,128,0
2026-08-10,DC001,SKU010,14,0,0,305,41,0,80,128,0
2026-08-11,DC001,SKU010,11,0,0,291,12,0,80,128,0
2026-08-12,DC001,SKU010,13,0,0,280,25,0,80,128,0
2026-08-13,DC001,SKU010,10,0,0,267,37,0,80,128,0
2026-04-16,DC001,SKU011,38,0,0,600,7,0,176,282,0
2026-04-17,DC001,SKU011,32,0,0,562,53,0,176,282,0
2026-04-18,DC001,SKU011,24,0,0,530,74,0,176,282,0
2026-04-19,DC001,SKU011,36,0,0,506,66,0,176,282,0
2026-04-20,DC001,SKU011,34,0,0,470,2,0,176,282,0
2026-04-21,DC001,SKU011,24,0,0,436,33,0,176,282,0
2026-04-22,DC001,SKU011,31,0,0,412,29,0,176,282,0
2026-04-23,DC001,SKU011,33,0,0,381,54,0,176,282,0
2026-04-24,DC001,SKU011,30,0,1,348,6,0,176,282,0
2026-04-25,DC001,SKU011,36,0,0,318,30,0,176,282,0
2026-04-26,DC001,SKU011,30,0,0,282,38,0,176,282,0
2026-04-27,DC001,SKU011,25,0,0,252,16,546,176,282,0
2026-04-28,DC001,SKU011,17,0,0,773,92,0,176,282,0
2026-04-29,DC001,SKU011,37,0,0,756,93,0,176,282,0
2026-04-30,DC001,SKU011,33,0,0,719,44,0,176,282,0
2026-05-01,DC001,SKU011,39,0,0,686,55,0,176,282,0
2026-05-02,DC001,SKU011,34,0,0,647,55,0,176,282,0
2026-05-03,DC001,SKU011,20,0,0,613,5,0,176,282,0
2026-05-04,DC001,SKU011,31,0,0,593,20,0,176,282,0
2026-05-05,DC001,SKU011,41,0,0,562,6,0,176,282,0
2026-05-06,DC001,SKU011,27,0,0,521,15,0,176,282,0
2026-05-07,DC001,SKU011,27,0,0,494,3,0,176,282,0
2026-05-08,DC001,SKU011,8,0,0,467,26,0,176,282,0
2026-05-09,DC001,SKU011,44,0,0,459,10,0,176,282,0
2026-05-10,DC001,SKU011,42,0,0,415,54,0,176,282,0
2026-05-11,DC001,SKU011,43,0,0,373,53,0,176,282,0
2026-05-12,DC001,SKU011,37,0,1,330,31,0,176,282,0
2026-05-13,DC001,SKU011,24,0,1,293,41,0,176,282,0
2026-05-14,DC001,SKU011,18,0,0,269,14,0,176,282,0
2026-05-15,DC001,SKU011,30,0,0,251,35,414,176,282,0
2026-05-16,DC001,SKU011,38,0,0,635,39,0,176,282,0
2026-05-17,DC001,SKU011,39,0,0,597,37,0,176,282,0
2026-05-18,DC001,SKU011,27,0,1,558,8,0,176,282,0
2026-05-19,DC001,SKU011,26,0,0,531,47,0,176,282,0
2026-05-20,DC001,SKU011,23,0,0,505,17,0,176,282,0
2026-05-21,DC001,SKU011,18,0,0,482,12,0,176,282,0
2026-05-22,DC001,SKU011,33,0,0,464,33,0,176,282,0
2026-05-23,DC001,SKU011,43,0,0,431,4,0,176,282,0
2026-05-24,DC001,SKU011,38,0,0,388,57,0,176,282,0
2026-05-25,DC001,SKU011,25,0,0,350,45,0,176,282,0
2026-05-26,DC001,SKU011,26,0,0,325,19,0,176,282,0
2026-05-27,DC001,SKU011,20,0,0,299,8,0,176,282,0
2026-05-28,DC001,SKU011,38,0,0,279,17,0,176,282,0
2026-05-29,DC001,SKU011,23,0,0,241,29,0,176,282,0
2026-05-30,DC001,SKU011,29,0,1,218,13,0,176,282,0
2026-05-31,DC001,SKU011,33,0,0,189,14,0,176,282,1
2026-06-01,DC001,SKU011,23,0,0,156,3,584,176,282,0
2026-06-02,DC001,SKU011,41,0,0,717,97,0,176,282,0
2026-06-03,DC001,SKU011,25,0,0,676,67,0,176,282,0
2026-06-04,DC001,SKU011,21,0,0,651,40,0,176,282,0
2026-06-05,DC001,SKU011,40,0,0,630,15,0,176,282,0
2026-06-06,DC001,SKU011,43,0,0,590,48,0,176,282,0
2026-06-07,DC001,SKU011,34,0,0,547,2,0,176,282,0
2026-06-08,DC001,SKU011,24,0,0,513,60,0,176,282,0
2026-06-09,DC001,SKU011,36,0,0,489,41,0,176,282,0
2026-06-10,DC001,SKU011,22,0,0,453,49,0,176,282,0
2026-06-11,DC001,SKU011,21,0,0,431,16,0,176,282,0
2026-06-12,DC001,SKU011,29,0,0,410,36,0,176,282,0
2026-06-13,DC001,SKU011,16,0,0,381,41,0,176,282,0
2026-06-14,DC001,SKU011,35,0,1,365,32,0,176,282,0
2026-06-15,DC001,SKU011,29,1,0,330,4,0,176,282,0
2026-06-16,DC001,SKU011,20,1,0,301,24,0,176,282,0
2026-06-17,DC001,SKU011,29,1,0,281,0,0,176,282,0
2026-06-18,DC001,SKU011,30,1,0,252,33,0,176,282,0
2026-06-19,DC001,SKU011,41,1,0,222,30,0,176,282,0
2026-06-20,DC001,SKU011,26,1,0,181,7,374,176,282,0
2026-06-21,DC001,SKU011,45,1,0,529,33,0,176,282,0
2026-06-22,DC001,SKU011,39,1,0,484,5,0,176,282,0
2026-06-23,DC001,SKU011,30,1,0,445,14,0,176,282,0
2026-06-24,DC001,SKU011,20,1,0,415,24,0,176,282,0
2026-06-25,DC001,SKU011,37,1,0,395,55,0,176,282,0
2026-06-26,DC001,SKU011,41,1,1,358,8,0,176,282,0
2026-06-27,DC001,SKU011,46,1,0,317,31,0,176,282,0
2026-06-28,DC001,SKU011,19,1,0,271,37,0,176,282,0
2026-06-29,DC001,SKU011,34,1,0,252,1,0,176,282,0
2026-06-30,DC001,SKU011,27,1,0,218,8,341,176,282,0
2026-07-01,DC001,SKU011,44,1,0,532,19,0,176,282,0
2026-07-02,DC001,SKU011,30,1,0,488,55,0,176,282,0
2026-07-03,DC001,SKU011,20,1,0,458,67,0,176,282,0
2026-07-04,DC001,SKU011,27,1,0,438,61,0,176,282,0
2026-07-05,DC001,SKU011,34,1,0,411,42,0,176,282,0
2026-07-06,DC001,SKU011,35,1,0,377,22,0,176,282,0
2026-07-07,DC001,SKU011,38,1,0,342,29,0,176,282,0
2026-07-08,DC001,SKU011,36,1,0,304,23,0,176,282,0
2026-07-09,DC001,SKU011,39,1,0,268,9,0,176,282,0
2026-07-10,DC001,SKU011,35,1,0,229,6,0,176,282,0
2026-07-11,DC001,SKU011,39,1,0,194,26,0,176,282,1
2026-07-12,DC001,SKU011,25,1,0,155,22,0,176,282,1
2026-07-13,DC001,SKU011,29,1,0,130,2,0,176,282,1
2026-07-14,DC001,SKU011,24,1,0,101,12,0,176,282,1
2026-07-15,DC001,SKU011,25,1,0,77,7,0,176,282,1
2026-07-16,DC001,SKU011,33,1,0,52,2,0,176,282,1
2026-07-17,DC001,SKU011,22,1,0,19,0,0,176,282,1
2026-07-18,DC001,SKU011,30,1,0,0,0,585,176,282,0
2026-07-19,DC001,SKU011,38,1,0,555,67,0,176,282,0
2026-07-20,DC001,SKU011,35,1,0,517,24,0,176,282,0
2026-07-21,DC001,SKU011,32,1,0,482,53,0,176,282,0
2026-07-22,DC001,SKU011,24,1,0,450,17,0,176,282,0
2026-07-23,DC001,SKU011,28,1,0,426,54,0,176,282,0
2026-07-24,DC001,SKU011,43,1,0,398,10,0,176,282,0
2026-07-25,DC001,SKU011,20,1,0,355,38,0,176,282,0
2026-07-26,DC001,SKU011,31,0,0,335,30,0,176,282,0
2026-07-27,DC001,SKU011,32,0,0,304,32,551,176,282,0
2026-07-28,DC001,SKU011,32,0,0,823,86,0,176,282,0
2026-07-29,DC001,SKU011,32,0,0,791,13,0,176,282,0
2026-07-30,DC001,SKU011,34,0,0,759,100,0,176,282,0
2026-07-31,DC001,SKU011,36,0,1,725,68,0,176,282,0
2026-08-01,DC001,SKU011,31,0,0,689,25,0,176,282,0
2026-08-02,DC001,SKU011,37,0,0,658,38,0,176,282,0
2026-08-03,DC001,SKU011,24,0,0,621,0,0,176,282,0
2026-08-04,DC001,SKU011,29,0,0,597,31,0,176,282,0
2026-08-05,DC001,SKU011,31,0,0,568,44,0,176,282,0
2026-08-06,DC001,SKU011,30,0,0,537,40,0,176,282,0
2026-08-07,DC001,SKU011,37,0,0,507,74,0,176,282,0
2026-08-08,DC001,SKU011,31,0,0,470,41,0,176,282,0
2026-08-09,DC001,SKU011,25,0,0,439,27,0,176,282,0
2026-08-10,DC001,SKU011,33,0,0,414,40,0,176,282,0
2026-08-11,DC001,SKU011,26,0,0,381,26,0,176,282,0
2026-08-12,DC001,SKU011,30,0,0,355,17,0,176,282,0
2026-08-13,DC001,SKU011,41,0,0,325,48,0,176,282,0
2026-04-16,DC001,SKU012,56,0,0,1300,39,0,320,512,0
2026-04-17,DC001,SKU012,61,0,0,1244,40,0,320,512,0
2026-04-18,DC001,SKU012,61,0,1,1183,21,0,320,512,0
2026-04-19,DC001,SKU012,90,0,1,1122,121,0,320,512,0
2026-04-20,DC001,SKU012,45,0,0,1032,79,0,320,512,0
2026-04-21,DC001,SKU012,61,0,0,987,55,0,320,512,0
2026-04-22,DC001,SKU012,53,0,0,926,4,0,320,512,0
2026-04-23,DC001,SKU012,71,0,0,873,30,0,320,512,0
2026-04-24,DC001,SKU012,107,0,1,802,41,0,320,512,0
2026-04-25,DC001,SKU012,56,0,0,695,70,0,320,512,0
2026-04-26,DC001,SKU012,70,0,0,639,46,0,320,512,0
2026-04-27,DC001,SKU012,64,0,0,569,64,0,320,512,0
2026-04-28,DC001,SKU012,70,0,0,505,26,912,320,512,0
2026-04-29,DC001,SKU012,54,0,0,1347,165,0,320,512,0
2026-04-30,DC001,SKU012,44,0,0,1293,45,0,320,512,0
2026-05-01,DC001,SKU012,59,0,1,1249,35,0,320,512,0
2026-05-02,DC001,SKU012,52,0,0,1190,67,0,320,512,0
2026-05-03,DC001,SKU012,32,0,0,1138,154,0,320,512,0
2026-05-04,DC001,SKU012,50,0,0,1106,158,0,320,512,0
2026-05-05,DC001,SKU012,70,0,1,1056,47,0,320,512,0
2026-05-06,DC001,SKU012,47,0,0,986,115,0,320,512,0
2026-05-07,DC001,SKU012,55,0,0,939,89,0,320,512,0
2026-05-08,DC001,SKU012,74,0,0,884,72,0,320,512,0
2026-05-09,DC001,SKU012,67,0,1,810,116,0,320,512,0
2026-05-10,DC001,SKU012,61,0,0,743,95,0,320,512,0
2026-05-11,DC001,SKU012,83,0,1,682,52,0,320,512,0
2026-05-12,DC001,SKU012,52,0,0,599,25,0,320,512,0
2026-05-13,DC001,SKU012,47,0,0,547,32,0,320,512,0
2026-05-14,DC001,SKU012,74,0,0,500,12,0,320,512,0
2026-05-15,DC001,SKU012,48,0,0,426,50,0,320,512,0
2026-05-16,DC001,SKU012,68,0,0,378,4,0,320,512,0
2026-05-17,DC001,SKU012,41,0,0,310,1,0,320,512,1
2026-05-18,DC001,SKU012,62,0,0,269,1,904,320,512,0
2026-05-19,DC001,SKU012,73,0,0,1111,23,0,320,512,0
2026-05-20,DC001,SKU012,90,0,0,1038,53,0,320,512,0
2026-05-21,DC001,SKU012,53,0,0,948,27,0,320,512,0
2026-05-22,DC001,SKU012,70,0,0,895,108,0,320,512,0
2026-05-23,DC001,SKU012,98,0,1,825,41,0,320,512,0
2026-05-24,DC001,SKU012,37,0,0,727,16,0,320,512,0
2026-05-25,DC001,SKU012,90,0,0,690,84,0,320,512,0
2026-05-26,DC001,SKU012,59,0,0,600,21,0,320,512,0
2026-05-27,DC001,SKU012,58,0,0,541,52,0,320,512,0
2026-05-28,DC001,SKU012,86,0,0,483,14,0,320,512,0
2026-05-29,DC001,SKU012,55,0,0,397,10,1224,320,512,0
2026-05-30,DC001,SKU012,43,0,0,1566,13,0,320,512,0
2026-05-31,DC001,SKU012,87,0,0,1523,55,0,320,512,0
2026-06-01,DC001,SKU012,54,0,0,1436,196,0,320,512,0
2026-06-02,DC001,SKU012,71,0,1,1382,100,0,320,512,0
2026-06-03,DC001,SKU012,74,0,0,1311,31,0,320,512,0
2026-06-04,DC001,SKU012,60,0,0,1237,38,0,320,512,0
2026-06-05,DC001,SKU012,84,0,0,1177,97,0,320,512,0
2026-06-06,DC001,SKU012,67,0,0,1093,32,0,320,512,0
2026-06-07,DC001,SKU012,60,0,0,1026,57,0,320,512,0
2026-06-08,DC001,SKU012,76,0,0,966,49,0,320,512,0
2026-06-09,DC001,SKU012,77,0,0,890,117,0,320,512,0
2026-06-10,DC001,SKU012,113,0,1,813,31,0,320,512,0
2026-06-11,DC001,SKU012,79,0,0,700,96,0,320,512,0
2026-06-12,DC001,SKU012,48,0,0,621,31,0,320,512,0
2026-06-13,DC001,SKU012,53,0,0,573,30,0,320,512,0
2026-06-14,DC001,SKU012,8,0,0,520,44,0,320,512,0
2026-06-15,DC001,SKU012,67,1,0,512,65,0,320,512,0
2026-06-16,DC001,SKU012,38,1,0,445,62,0,320,512,0
2026-06-17,DC001,SKU012,100,1,0,407,24,911,320,512,0
2026-06-18,DC001,SKU012,99,1,0,1218,82,0,320,512,0
2026-06-19,DC001,SKU012,124,1,0,1119,31,0,320,512,0
2026-06-20,DC001,SKU012,51,1,0,995,81,0,320,512,0
2026-06-21,DC001,SKU012,115,1,0,944,68,0,320,512,0
2026-06-22,DC001,SKU012,66,1,0,829,120,0,320,512,0
2026-06-23,DC001,SKU012,86,1,0,763,54,0,320,512,0
2026-06-24,DC001,SKU012,103,1,0,677,53,0,320,512,0
2026-06-25,DC001,SKU012,79,1,0,574,10,0,320,512,0
2026-06-26,DC001,SKU012,45,1,0,495,0,1285,320,512,0
2026-06-27,DC001,SKU012,114,1,0,1735,143,0,320,512,0
2026-06-28,DC001,SKU012,101,1,0,1621,177,0,320,512,0
2026-06-29,DC001,SKU012,112,1,0,1520,222,0,320,512,0
2026-06-30,DC001,SKU012,109,1,0,1408,72,0,320,512,0
2026-07-01,DC001,SKU012,79,1,0,1299,158,0,320,512,0
2026-07-02,DC001,SKU012,68,1,0,1220,72,0,320,512,0
2026-07-03,DC001,SKU012,77,1,0,1152,150,0,320,512,0
2026-07-04,DC001,SKU012,113,1,0,1075,125,0,320,512,0
2026-07-05,DC001,SKU012,81,1,0,962,23,0,320,512,0
2026-07-06,DC001,SKU012,54,1,0,881,70,0,320,512,0
2026-07-07,DC001,SKU012,73,1,0,827,5,0,320,512,0
2026-07-08,DC001,SKU012,72,1,0,754,63,0,320,512,0
2026-07-09,DC001,SKU012,69,1,0,682,97,0,320,512,0
2026-07-10,DC001,SKU012,139,1,0,613,85,0,320,512,0
2026-07-11,DC001,SKU012,72,1,0,474,21,0,320,512,0
2026-07-12,DC001,SKU012,98,1,0,402,36,896,320,512,0
2026-07-13,DC001,SKU012,91,1,0,1200,106,0,320,512,0
2026-07-14,DC001,SKU012,92,1,0,1109,110,0,320,512,0
2026-07-15,DC001,SKU012,82,1,0,1017,80,0,320,512,0
2026-07-16,DC001,SKU012,155,1,0,935,72,0,320,512,0
2026-07-17,DC001,SKU012,75,1,0,780,9,0,320,512,0
2026-07-18,DC001,SKU012,102,1,0,705,69,0,320,512,0
2026-07-19,DC001,SKU012,100,1,0,603,31,0,320,512,0
2026-07-20,DC001,SKU012,43,1,0,503,69,0,320,512,0
2026-07-21,DC001,SKU012,33,1,0,460,63,1009,320,512,0
2026-07-22,DC001,SKU012,80,1,0,1436,104,0,320,512,0
2026-07-23,DC001,SKU012,89,1,0,1356,124,0,320,512,0
2026-07-24,DC001,SKU012,101,1,0,1267,91,0,320,512,0
2026-07-25,DC001,SKU012,75,1,0,1166,34,0,320,512,0
2026-07-26,DC001,SKU012,77,0,0,1091,125,0,320,512,0
2026-07-27,DC001,SKU012,54,0,1,1014,5,0,320,512,0
2026-07-28,DC001,SKU012,82,0,1,960,120,0,320,512,0
2026-07-29,DC001,SKU012,63,0,0,878,111,0,320,512,0
2026-07-30,DC001,SKU012,53,0,0,815,51,0,320,512,0
2026-07-31,DC001,SKU012,128,0,1,762,65,0,320,512,0
2026-08-01,DC001,SKU012,37,0,0,634,30,0,320,512,0
2026-08-02,DC001,SKU012,49,0,0,597,68,0,320,512,0
2026-08-03,DC001,SKU012,59,0,0,548,79,0,320,512,0
2026-08-04,DC001,SKU012,44,0,0,489,46,0,320,512,0
2026-08-05,DC001,SKU012,84,0,0,445,50,0,320,512,0
2026-08-06,DC001,SKU012,82,0,0,361,33,0,320,512,0
2026-08-07,DC001,SKU012,64,0,0,279,14,0,320,512,1
2026-08-08,DC001,SKU012,46,0,0,215,0,0,320,512,1
2026-08-09,DC001,SKU012,65,0,0,169,15,1094,320,512,0
2026-08-10,DC001,SKU012,45,0,0,1198,104,0,320,512,0
2026-08-11,DC001,SKU012,69,0,0,1153,70,0,320,512,0
2026-08-12,DC001,SKU012,79,0,0,1084,101,0,320,512,0
2026-08-13,DC001,SKU012,70,0,0,1005,46,0,320,512,0
2026-04-16,DC001,SKU013,62,0,0,1200,121,0,320,512,0
2026-04-17,DC001,SKU013,64,0,0,1138,31,0,320,512,0
2026-04-18,DC001,SKU013,36,0,0,1074,99,0,320,512,0
2026-04-19,DC001,SKU013,69,0,1,1038,50,0,320,512,0
2026-04-20,DC001,SKU013,53,0,0,969,29,0,320,512,0
2026-04-21,DC001,SKU013,55,0,0,916,58,0,320,512,0
2026-04-22,DC001,SKU013,80,0,0,861,114,0,320,512,0
2026-04-23,DC001,SKU013,56,0,0,781,63,0,320,512,0
2026-04-24,DC001,SKU013,77,0,0,725,14,0,320,512,0
2026-04-25,DC001,SKU013,53,0,0,648,73,0,320,512,0
2026-04-26,DC001,SKU013,42,0,0,595,83,0,320,512,0
2026-04-27,DC001,SKU013,82,0,0,553,27,0,320,512,0
2026-04-28,DC001,SKU013,69,0,0,471,52,832,320,512,0
2026-04-29,DC001,SKU013,50,0,0,1234,56,0,320,512,0
2026-04-30,DC001,SKU013,81,0,0,1184,173,0,320,512,0
2026-05-01,DC001,SKU013,73,0,0,1103,132,0,320,512,0
2026-05-02,DC001,SKU013,56,0,0,1030,146,0,320,512,0
2026-05-03,DC001,SKU013,63,0,0,974,47,0,320,512,0
2026-05-04,DC001,SKU013,84,0,0,911,60,0,320,512,0
2026-05-05,DC001,SKU013,36,0,0,827,28,0,320,512,0
2026-05-06,DC001,SKU013,67,0,1,791,19,0,320,512,0
2026-05-07,DC001,SKU013,30,0,0,724,43,0,320,512,0
2026-05-08,DC001,SKU013,89,0,1,694,15,0,320,512,0
2026-05-09,DC001,SKU013,63,0,0,605,60,0,320,512,0
2026-05-10,DC001,SKU013,48,0,0,542,41,1015,320,512,0
2026-05-11,DC001,SKU013,85,0,0,1509,8,0,320,512,0
2026-05-12,DC001,SKU013,59,0,0,1424,107,0,320,512,0
2026-05-13,DC001,SKU013,65,0,0,1365,146,0,320,512,0
2026-05-14,DC001,SKU013,65,0,0,1300,89,0,320,512,0
2026-05-15,DC001,SKU013,64,0,0,1235,71,0,320,512,0
2026-05-16,DC001,SKU013,51,0,0,1171,151,0,320,512,0
2026-05-17,DC001,SKU013,63,0,0,1120,11,0,320,512,0
2026-05-18,DC001,SKU013,75,0,0,1057,32,0,320,512,0
2026-05-19,DC001,SKU013,56,0,0,982,82,0,320,512,0
2026-05-20,DC001,SKU013,72,0,1,926,40,0,320,512,0
2026-05-21,DC001,SKU013,67,0,0,854,109,0,320,512,0
2026-05-22,DC001,SKU013,55,0,0,787,35,0,320,512,0
2026-05-23,DC001,SKU013,56,0,0,732,51,0,320,512,0
2026-05-24,DC001,SKU013,52,0,0,676,95,0,320,512,0
2026-05-25,DC001,SKU013,44,0,0,624,92,0,320,512,0
2026-05-26,DC001,SKU013,88,0,0,580,85,658,320,512,0
2026-05-27,DC001,SKU013,54,0,0,1150,48,0,320,512,0
2026-05-28,DC001,SKU013,52,0,0,1096,76,0,320,512,0
2026-05-29,DC001,SKU013,65,0,0,1044,67,0,320,512,0
2026-05-30,DC001,SKU013,79,0,1,979,63,0,320,512,0
2026-05-31,DC001,SKU013,64,0,0,900,64,0,320,512,0
2026-06-01,DC001,SKU013,77,0,0,836,116,0,320,512,0
2026-06-02,DC001,SKU013,35,0,0,759,57,0,320,512,0
2026-06-03,DC001,SKU013,63,0,0,724,30,0,320,512,0
2026-06-04,DC001,SKU013,42,0,0,661,40,0,320,512,0
2026-06-05,DC001,SKU013,61,0,0,619,7,0,320,512,0
2026-06-06,DC001,SKU013,50,0,0,558,36,0,320,512,0
2026-06-07,DC001,SKU013,46,0,0,508,6,0,320,512,0
2026-06-08,DC001,SKU013,42,0,0,462,65,0,320,512,0
2026-06-09,DC001,SKU013,60,0,0,420,0,0,320,512,0
2026-06-10,DC001,SKU013,68,0,0,360,37,0,320,512,0
2026-06-11,DC001,SKU013,65,0,0,292,23,0,320,512,1
2026-06-12,DC001,SKU013,31,0,0,227,33,0,320,512,1
2026-06-13,DC001,SKU013,38,0,0,196,15,0,320,512,1
2026-06-14,DC001,SKU013,68,0,0,158,23,0,320,512,1
2026-06-15,DC001,SKU013,50,1,0,90,5,0,320,512,1
2026-06-16,DC001,SKU013,67,1,0,40,4,0,320,512,1
2026-06-17,DC001,SKU013,31,1,0,0,0,0,320,512,1
2026-06-18,DC001,SKU013,73,1,0,0,0,902,320,512,0
2026-06-19,DC001,SKU013,14,1,0,829,120,0,320,512,0
2026-06-20,DC001,SKU013,69,1,0,815,105,0,320,512,0
2026-06-21,DC001,SKU013,76,1,0,746,65,0,320,512,0
2026-06-22,DC001,SKU013,63,1,0,670,37,0,320,512,0
2026-06-23,DC001,SKU013,24,1,0,607,78,0,320,512,0
2026-06-24,DC001,SKU013,45,1,0,583,84,0,320,512,0
2026-06-25,DC001,SKU013,71,1,0,538,78,0,320,512,0
2026-06-26,DC001,SKU013,55,1,0,467,36,0,320,512,0
2026-06-27,DC001,SKU013,57,1,0,412,21,0,320,512,0
2026-06-28,DC001,SKU013,51,1,0,355,17,785,320,512,0
2026-06-29,DC001,SKU013,39,1,0,1089,94,0,320,512,0
2026-06-30,DC001,SKU013,26,1,0,1050,38,0,320,512,0
2026-07-01,DC001,SKU013,71,1,0,1024,13,0,320,512,0
2026-07-02,DC001,SKU013,83,1,0,953,9,0,320,512,0
2026-07-03,DC001,SKU013,47,1,0,870,109,0,320,512,0
2026-07-04,DC001,SKU013,84,1,1,823,104,0,320,512,0
2026-07-05,DC001,SKU013,53,1,0,739,105,0,320,512,0
2026-07-06,DC001,SKU013,65,1,1,686,20,0,320,512,0
2026-07-07,DC001,SKU013,72,1,0,621,11,0,320,512,0
2026-07-08,DC001,SKU013,94,1,0,549,19,0,320,512,0
2026-07-09,DC001,SKU013,85,1,0,455,14,0,320,512,0
2026-07-10,DC001,SKU013,48,1,0,370,54,0,320,512,1
2026-07-11,DC001,SKU013,42,1,0,322,24,0,320,512,1
2026-07-12,DC001,SKU013,46,1,0,280,35,0,320,512,1
2026-07-13,DC001,SKU013,53,1,0,234,24,845,320,512,0
2026-07-14,DC001,SKU013,57,1,0,1026,106,0,320,512,0
2026-07-15,DC001,SKU013,74,1,0,969,42,0,320,512,0
2026-07-16,DC001,SKU013,50,1,0,895,97,0,320,512,0
2026-07-17,DC001,SKU013,76,1,0,845,115,0,320,512,0
2026-07-18,DC001,SKU013,85,1,0,769,86,0,320,512,0
2026-07-19,DC001,SKU013,56,1,0,684,34,0,320,512,0
2026-07-20,DC001,SKU013,32,1,0,628,83,0,320,512,0
2026-07-21,DC001,SKU013,65,1,0,596,4,0,320,512,0
2026-07-22,DC001,SKU013,95,1,0,531,39,0,320,512,0
2026-07-23,DC001,SKU013,28,1,0,436,16,0,320,512,0
2026-07-24,DC001,SKU013,60,1,0,408,56,0,320,512,0
2026-07-25,DC001,SKU013,63,1,0,348,42,0,320,512,1
2026-07-26,DC001,SKU013,54,0,0,285,27,0,320,512,1
2026-07-27,DC001,SKU013,50,0,0,231,18,983,320,512,0
2026-07-28,DC001,SKU013,92,0,0,1164,75,0,320,512,0
2026-07-29,DC001,SKU013,42,0,0,1072,111,0,320,512,0
2026-07-30,DC001,SKU013,62,0,0,1030,25,0,320,512,0
2026-07-31,DC001,SKU013,23,0,0,968,15,0,320,512,0
2026-08-01,DC001,SKU013,91,0,0,945,123,0,320,512,0
2026-08-02,DC001,SKU013,49,0,0,854,14,0,320,512,0
2026-08-03,DC001,SKU013,75,0,1,805,31,0,320,512,0
2026-08-04,DC001,SKU013,49,0,0,730,103,0,320,512,0
2026-08-05,DC001,SKU013,37,0,0,681,85,0,320,512,0
2026-08-06,DC001,SKU013,65,0,0,644,26,0,320,512,0
2026-08-07,DC001,SKU013,51,0,0,579,29,0,320,512,0
2026-08-08,DC001,SKU013,45,0,0,528,73,1018,320,512,0
2026-08-09,DC001,SKU013,44,0,0,1501,188,0,320,512,0
2026-08-10,DC001,SKU013,67,0,0,1457,141,0,320,512,0
2026-08-11,DC001,SKU013,76,0,0,1390,135,0,320,512,0
2026-08-12,DC001,SKU013,58,0,0,1314,7,0,320,512,0
2026-08-13,DC001,SKU013,73,0,0,1256,155,0,320,512,0
2026-04-16,DC001,SKU014,12,0,0,280,17,0,80,128,0
2026-04-17,DC001,SKU014,13,0,0,268,37,0,80,128,0
2026-04-18,DC001,SKU014,14,0,0,255,2,0,80,128,0
2026-04-19,DC001,SKU014,8,0,0,241,13,0,80,128,0
2026-04-20,DC001,SKU014,17,0,0,233,23,0,80,128,0
2026-04-21,DC001,SKU014,10,0,0,216,8,0,80,128,0
2026-04-22,DC001,SKU014,14,0,0,206,1,0,80,128,0
2026-04-23,DC001,SKU014,11,0,0,192,25,0,80,128,0
2026-04-24,DC001,SKU014,9,0,0,181,2,0,80,128,0
2026-04-25,DC001,SKU014,7,0,0,172,21,0,80,128,0
2026-04-26,DC001,SKU014,17,0,0,165,21,0,80,128,0
2026-04-27,DC001,SKU014,13,0,0,148,12,0,80,128,0
2026-04-28,DC001,SKU014,15,0,0,135,0,0,80,128,0
2026-04-29,DC001,SKU014,15,0,0,120,7,0,80,128,0
2026-04-30,DC001,SKU014,14,0,0,105,9,166,80,128,0
2026-05-01,DC001,SKU014,13,0,0,257,2,0,80,128,0
2026-05-02,DC001,SKU014,14,0,0,244,29,0,80,128,0
2026-05-03,DC001,SKU014,12,0,0,230,12,0,80,128,0
2026-05-04,DC001,SKU014,16,0,0,218,18,0,80,128,0
2026-05-05,DC001,SKU014,17,0,0,202,20,0,80,128,0
2026-05-06,DC001,SKU014,11,0,0,185,3,0,80,128,0
2026-05-07,DC001,SKU014,13,0,0,174,22,0,80,128,0
2026-05-08,DC001,SKU014,10,0,0,161,2,0,80,128,0
2026-05-09,DC001,SKU014,15,0,0,151,13,0,80,128,0
2026-05-10,DC001,SKU014,15,0,0,136,17,244,80,128,0
2026-05-11,DC001,SKU014,16,0,0,365,15,0,80,128,0
2026-05-12,DC001,SKU014,14,0,0,349,1,0,80,128,0
2026-05-13,DC001,SKU014,13,0,0,335,8,0,80,128,0
2026-05-14,DC001,SKU014,12,0,0,322,23,0,80,128,0
2026-05-15,DC001,SKU014,12,0,0,310,9,0,80,128,0
2026-05-16,DC001,SKU014,14,0,0,298,40,0,80,128,0
2026-05-17,DC001,SKU014,18,0,0,284,27,0,80,128,0
2026-05-18,DC001,SKU014,15,0,0,266,23,0,80,128,0
2026-05-19,DC001,SKU014,11,0,0,251,11,0,80,128,0
2026-05-20,DC001,SKU014,14,0,0,240,10,0,80,128,0
2026-05-21,DC001,SKU014,13,0,0,226,12,0,80,128,0
2026-05-22,DC001,SKU014,14,0,0,213,8,0,80,128,0
2026-05-23,DC001,SKU014,13,0,0,199,3,0,80,128,0
2026-05-24,DC001,SKU014,13,0,0,186,26,0,80,128,0
2026-05-25,DC001,SKU014,15,0,0,173,7,0,80,128,0
2026-05-26,DC001,SKU014,12,0,0,158,3,0,80,128,0
2026-05-27,DC001,SKU014,13,0,0,146,9,0,80,128,0
2026-05-28,DC001,SKU014,10,0,0,133,1,0,80,128,0
2026-05-29,DC001,SKU014,15,0,0,123,17,0,80,128,0
2026-05-30,DC001,SKU014,15,0,0,108,10,0,80,128,0
2026-05-31,DC001,SKU014,19,0,0,93,3,203,80,128,0
2026-06-01,DC001,SKU014,17,0,0,277,41,0,80,128,0
2026-06-02,DC001,SKU014,14,0,0,260,26,0,80,128,0
2026-06-03,DC001,SKU014,10,0,0,246,29,0,80,128,0
2026-06-04,DC001,SKU014,16,0,0,236,27,0,80,128,0
2026-06-05,DC001,SKU014,18,0,0,220,14,0,80,128,0
2026-06-06,DC001,SKU014,10,0,0,202,9,0,80,128,0
2026-06-07,DC001,SKU014,14,0,0,192,21,0,80,128,0
2026-06-08,DC001,SKU014,13,0,0,178,1,0,80,128,0
2026-06-09,DC001,SKU014,14,0,0,165,17,0,80,128,0
2026-06-10,DC001,SKU014,16,0,0,151,16,0,80,128,0
2026-06-11,DC001,SKU014,21,0,1,135,2,0,80,128,0
2026-06-12,DC001,SKU014,10,0,0,114,4,0,80,128,0
2026-06-13,DC001,SKU014,11,0,0,104,0,0,80,128,0
2026-06-14,DC001,SKU014,14,0,0,93,11,0,80,128,0
2026-06-15,DC001,SKU014,16,1,0,79,11,0,80,128,1
2026-06-16,DC001,SKU014,10,1,0,63,7,276,80,128,0
2026-06-17,DC001,SKU014,12,1,0,329,4,0,80,128,0
2026-06-18,DC001,SKU014,11,1,0,317,38,0,80,128,0
2026-06-19,DC001,SKU014,13,1,0,306,45,0,80,128,0
2026-06-20,DC001,SKU014,12,1,0,293,18,0,80,128,0
2026-06-21,DC001,SKU014,13,1,0,281,2,0,80,128,0
2026-06-22,DC001,SKU014,13,1,0,268,23,0,80,128,0
2026-06-23,DC001,SKU014,17,1,0,255,17,0,80,128,0
2026-06-24,DC001,SKU014,13,1,0,238,26,0,80,128,0
2026-06-25,DC001,SKU014,17,1,0,225,2,0,80,128,0
2026-06-26,DC001,SKU014,10,1,0,208,16,0,80,128,0
2026-06-27,DC001,SKU014,17,1,0,198,12,0,80,128,0
2026-06-28,DC001,SKU014,13,1,0,181,16,0,80,128,0
2026-06-29,DC001,SKU014,18,1,0,168,15,0,80,128,0
2026-06-30,DC001,SKU014,9,1,0,150,3,0,80,128,0
2026-07-01,DC001,SKU014,11,1,0,141,15,0,80,128,0
2026-07-02,DC001,SKU014,12,1,0,130,3,0,80,128,0
2026-07-03,DC001,SKU014,13,1,0,118,13,141,80,128,0
2026-07-04,DC001,SKU014,20,1,1,246,21,0,80,128,0
2026-07-05,DC001,SKU014,13,1,0,226,14,0,80,128,0
2026-07-06,DC001,SKU014,14,1,0,213,14,0,80,128,0
2026-07-07,DC001,SKU014,15,1,0,199,17,0,80,128,0
2026-07-08,DC001,SKU014,12,1,0,184,6,0,80,128,0
2026-07-09,DC001,SKU014,13,1,0,172,6,0,80,128,0
2026-07-10,DC001,SKU014,17,1,0,159,15,0,80,128,0
2026-07-11,DC001,SKU014,9,1,0,142,13,0,80,128,0
2026-07-12,DC001,SKU014,13,1,0,133,19,0,80,128,0
2026-07-13,DC001,SKU014,16,1,0,120,14,0,80,128,0
2026-07-14,DC001,SKU014,14,1,0,104,9,0,80,128,0
2026-07-15,DC001,SKU014,9,1,0,90,12,0,80,128,1
2026-07-16,DC001,SKU014,13,1,0,81,6,0,80,128,1
2026-07-17,DC001,SKU014,13,1,0,68,1,0,80,128,1
2026-07-18,DC001,SKU014,11,1,0,55,6,163,80,128,0
2026-07-19,DC001,SKU014,14,1,0,207,13,0,80,128,0
2026-07-20,DC001,SKU014,15,1,0,193,2,0,80,128,0
2026-07-21,DC001,SKU014,10,1,0,178,15,0,80,128,0
2026-07-22,DC001,SKU014,16,1,0,168,24,0,80,128,0
2026-07-23,DC001,SKU014,10,1,0,152,16,0,80,128,0
2026-07-24,DC001,SKU014,16,1,0,142,14,0,80,128,0
2026-07-25,DC001,SKU014,10,1,0,126,18,0,80,128,0
2026-07-26,DC001,SKU014,11,0,0,116,11,173,80,128,0
2026-07-27,DC001,SKU014,9,0,0,278,0,0,80,128,0
2026-07-28,DC001,SKU014,12,0,0,269,38,0,80,128,0
2026-07-29,DC001,SKU014,16,0,0,257,5,0,80,128,0
2026-07-30,DC001,SKU014,15,0,0,241,28,0,80,128,0
2026-07-31,DC001,SKU014,14,0,0,226,10,0,80,128,0
2026-08-01,DC001,SKU014,12,0,0,212,24,0,80,128,0
2026-08-02,DC001,SKU014,15,0,0,200,12,0,80,128,0
2026-08-03,DC001,SKU014,13,0,0,185,13,0,80,128,0
2026-08-04,DC001,SKU014,12,0,0,172,20,0,80,128,0
2026-08-05,DC001,SKU014,15,0,0,160,6,0,80,128,0
2026-08-06,DC001,SKU014,20,0,0,145,14,0,80,128,0
2026-08-07,DC001,SKU014,20,0,1,125,18,160,80,128,0
2026-08-08,DC001,SKU014,19,0,1,265,26,0,80,128,0
2026-08-09,DC001,SKU014,14,0,0,246,0,0,80,128,0
2026-08-10,DC001,SKU014,13,0,0,232,2,0,80,128,0
2026-08-11,DC001,SKU014,5,0,0,219,16,0,80,128,0
2026-08-12,DC001,SKU014,10,0,0,214,20,0,80,128,0
2026-08-13,DC001,SKU014,13,0,0,204,26,0,80,128,0
2026-04-16,DC001,SKU015,25,0,0,640,60,0,176,282,0
2026-04-17,DC001,SKU015,32,0,0,615,74,0,176,282,0
2026-04-18,DC001,SKU015,32,0,0,583,39,0,176,282,0
2026-04-19,DC001,SKU015,35,0,0,551,10,0,176,282,0
2026-04-20,DC001,SKU015,25,0,0,516,32,0,176,282,0
2026-04-21,DC001,SKU015,32,0,0,491,63,0,176,282,0
2026-04-22,DC001,SKU015,30,0,0,459,60,0,176,282,0
2026-04-23,DC001,SKU015,28,0,0,429,46,0,176,282,0
2026-04-24,DC001,SKU015,20,0,0,401,47,0,176,282,0
2026-04-25,DC001,SKU015,41,0,0,381,36,0,176,282,0
2026-04-26,DC001,SKU015,37,0,0,340,6,0,176,282,0
2026-04-27,DC001,SKU015,34,0,0,303,26,456,176,282,0
2026-04-28,DC001,SKU015,39,0,0,725,11,0,176,282,0
2026-04-29,DC001,SKU015,38,0,0,686,83,0,176,282,0
2026-04-30,DC001,SKU015,36,0,0,648,52,0,176,282,0
2026-05-01,DC001,SKU015,32,0,0,612,77,0,176,282,0
2026-05-02,DC001,SKU015,23,0,0,580,73,0,176,282,0
2026-05-03,DC001,SKU015,7,0,0,557,33,0,176,282,0
2026-05-04,DC001,SKU015,53,0,0,550,19,0,176,282,0
2026-05-05,DC001,SKU015,29,0,0,497,36,0,176,282,0
2026-05-06,DC001,SKU015,29,0,0,468,66,0,176,282,0
2026-05-07,DC001,SKU015,28,0,0,439,11,0,176,282,0
2026-05-08,DC001,SKU015,35,0,0,411,34,0,176,282,0
2026-05-09,DC001,SKU015,17,0,0,376,25,0,176,282,0
2026-05-10,DC001,SKU015,21,0,0,359,13,0,176,282,0
2026-05-11,DC001,SKU015,26,0,0,338,38,0,176,282,0
2026-05-12,DC001,SKU015,42,0,0,312,15,0,176,282,0
2026-05-13,DC001,SKU015,28,0,0,270,8,0,176,282,0
2026-05-14,DC001,SKU015,35,0,1,242,31,0,176,282,0
2026-05-15,DC001,SKU015,35,0,0,207,9,0,176,282,0
2026-05-16,DC001,SKU015,31,0,0,172,2,622,176,282,0
2026-05-17,DC001,SKU015,21,0,0,763,43,0,176,282,0
2026-05-18,DC001,SKU015,18,0,0,742,78,0,176,282,0
2026-05-19,DC001,SKU015,34,0,0,724,107,0,176,282,0
2026-05-20,DC001,SKU015,29,0,0,690,11,0,176,282,0
2026-05-21,DC001,SKU015,39,0,1,661,99,0,176,282,0
2026-05-22,DC001,SKU015,32,0,0,622,27,0,176,282,0
2026-05-23,DC001,SKU015,43,0,0,590,25,0,176,282,0
2026-05-24,DC001,SKU015,33,0,0,547,6,0,176,282,0
2026-05-25,DC001,SKU015,53,0,1,514,7,0,176,282,0
2026-05-26,DC001,SKU015,33,0,0,461,55,0,176,282,0
2026-05-27,DC001,SKU015,36,0,0,428,23,0,176,282,0
2026-05-28,DC001,SKU015,34,0,0,392,9,0,176,282,0
2026-05-29,DC001,SKU015,35,0,0,358,26,0,176,282,0
2026-05-30,DC001,SKU015,32,0,0,323,26,0,176,282,0
2026-05-31,DC001,SKU015,44,0,1,291,2,0,176,282,0
2026-06-01,DC001,SKU015,26,0,0,247,30,416,176,282,0
2026-06-02,DC001,SKU015,35,0,0,637,35,0,176,282,0
2026-06-03,DC001,SKU015,12,0,0,602,89,0,176,282,0
2026-06-04,DC001,SKU015,35,0,1,590,12,0,176,282,0
2026-06-05,DC001,SKU015,33,0,1,555,69,0,176,282,0
2026-06-06,DC001,SKU015,33,0,0,522,41,0,176,282,0
2026-06-07,DC001,SKU015,28,0,0,489,23,0,176,282,0
2026-06-08,DC001,SKU015,28,0,0,461,14,0,176,282,0
2026-06-09,DC001,SKU015,36,0,0,433,19,0,176,282,0
2026-06-10,DC001,SKU015,36,0,0,397,8,0,176,282,0
2026-06-11,DC001,SKU015,41,0,0,361,50,0,176,282,0
2026-06-12,DC001,SKU015,36,0,0,320,7,0,176,282,0
2026-06-13,DC001,SKU015,28,0,0,284,3,0,176,282,0
2026-06-14,DC001,SKU015,35,0,0,256,35,0,176,282,0
2026-06-15,DC001,SKU015,24,1,0,221,1,0,176,282,0
2026-06-16,DC001,SKU015,19,1,0,197,11,0,176,282,0
2026-06-17,DC001,SKU015,28,1,0,178,9,0,176,282,1
2026-06-18,DC001,SKU015,34,1,0,150,17,0,176,282,1
2026-06-19,DC001,SKU015,25,1,0,116,10,635,176,282,0
2026-06-20,DC001,SKU015,29,1,0,726,42,0,176,282,0
2026-06-21,DC001,SKU015,32,1,0,697,18,0,176,282,0
2026-06-22,DC001,SKU015,38,1,0,665,84,0,176,282,0
2026-06-23,DC001,SKU015,38,1,0,627,84,0,176,282,0
2026-06-24,DC001,SKU015,34,1,0,589,8,0,176,282,0
2026-06-25,DC001,SKU015,38,1,0,555,50,0,176,282,0
2026-06-26,DC001,SKU015,38,1,0,517,61,0,176,282,0
2026-06-27,DC001,SKU015,31,1,0,479,12,0,176,282,0
2026-06-28,DC001,SKU015,25,1,0,448,1,0,176,282,0
2026-06-29,DC001,SKU015,48,1,0,423,42,0,176,282,0
2026-06-30,DC001,SKU015,38,1,0,375,12,0,176,282,0
2026-07-01,DC001,SKU015,30,1,0,337,49,0,176,282,0
2026-07-02,DC001,SKU015,33,1,0,307,23,0,176,282,0
2026-07-03,DC001,SKU015,29,1,0,274,26,0,176,282,0
2026-07-04,DC001,SKU015,27,1,0,245,2,0,176,282,0
2026-07-05,DC001,SKU015,22,1,0,218,11,0,176,282,0
2026-07-06,DC001,SKU015,38,1,0,196,24,0,176,282,1
2026-07-07,DC001,SKU015,24,1,0,158,13,0,176,282,1
2026-07-08,DC001,SKU015,37,1,0,134,19,0,176,282,1
2026-07-09,DC001,SKU015,36,1,0,97,4,0,176,282,1
2026-07-10,DC001,SKU015,31,1,0,61,3,551,176,282,0
2026-07-11,DC001,SKU015,29,1,0,581,42,0,176,282,0
2026-07-12,DC001,SKU015,43,1,0,552,31,0,176,282,0
2026-07-13,DC001,SKU015,20,1,0,509,40,0,176,282,0
2026-07-14,DC001,SKU015,21,1,0,489,26,0,176,282,0
2026-07-15,DC001,SKU015,22,1,0,468,19,0,176,282,0
2026-07-16,DC001,SKU015,38,1,0,446,48,0,176,282,0
2026-07-17,DC001,SKU015,30,1,0,408,37,0,176,282,0
2026-07-18,DC001,SKU015,32,1,0,378,30,0,176,282,0
2026-07-19,DC001,SKU015,31,1,0,346,24,0,176,282,0
2026-07-20,DC001,SKU015,43,1,1,315,1,0,176,282,0
2026-07-21,DC001,SKU015,37,1,0,272,9,0,176,282,0
2026-07-22,DC001,SKU015,55,1,0,235,6,0,176,282,0
2026-07-23,DC001,SKU015,37,1,0,180,17,0,176,282,1
2026-07-24,DC001,SKU015,22,1,0,143,1,0,176,282,1
2026-07-25,DC001,SKU015,44,1,0,121,0,0,176,282,1
2026-07-26,DC001,SKU015,45,0,1,77,6,0,176,282,1
2026-07-27,DC001,SKU015,15,0,0,32,4,0,176,282,1
2026-07-28,DC001,SKU015,57,0,1,17,1,0,176,282,1
2026-07-29,DC001,SKU015,49,0,0,0,0,0,176,282,1
2026-07-30,DC001,SKU015,22,0,0,0,0,0,176,282,1
2026-07-31,DC001,SKU015,22,0,0,0,0,0,176,282,1
2026-08-01,DC001,SKU015,41,0,0,0,0,332,176,282,0
2026-08-02,DC001,SKU015,33,0,0,291,23,398,176,282,0
2026-08-03,DC001,SKU015,38,0,0,656,61,0,176,282,0
2026-08-04,DC001,SKU015,25,0,0,618,52,0,176,282,0
2026-08-05,DC001,SKU015,39,0,0,593,36,0,176,282,0
2026-08-06,DC001,SKU015,31,0,0,554,27,0,176,282,0
2026-08-07,DC001,SKU015,18,0,0,523,67,0,176,282,0
2026-08-08,DC001,SKU015,30,0,0,505,66,0,176,282,0
2026-08-09,DC001,SKU015,41,0,1,475,63,0,176,282,0
2026-08-10,DC001,SKU015,32,0,0,434,61,0,176,282,0
2026-08-11,DC001,SKU015,20,0,1,402,21,0,176,282,0
2026-08-12,DC001,SKU015,22,0,0,382,24,0,176,282,0
2026-08-13,DC001,SKU015,28,0,0,360,49,0,176,282,0
2026-04-16,DC002,SKU001,59,0,0,1155,80,0,320,512,0
2026-04-17,DC002,SKU001,66,0,1,1096,43,0,320,512,0
2026-04-18,DC002,SKU001,44,0,0,1030,91,0,320,512,0
2026-04-19,DC002,SKU001,67,0,0,986,139,0,320,512,0
2026-04-20,DC002,SKU001,76,0,0,919,77,0,320,512,0
2026-04-21,DC002,SKU001,56,0,0,843,14,0,320,512,0
2026-04-22,DC002,SKU001,31,0,0,787,2,0,320,512,0
2026-04-23,DC002,SKU001,58,0,0,756,3,0,320,512,0
2026-04-24,DC002,SKU001,61,0,0,698,50,0,320,512,0
2026-04-25,DC002,SKU001,66,0,1,637,52,0,320,512,0
2026-04-26,DC002,SKU001,63,0,0,571,16,0,320,512,0
2026-04-27,DC002,SKU001,51,0,0,508,30,741,320,512,0
2026-04-28,DC002,SKU001,59,0,0,1198,48,0,320,512,0
2026-04-29,DC002,SKU001,56,0,0,1139,9,0,320,512,0
2026-04-30,DC002,SKU001,64,0,0,1083,133,0,320,512,0
2026-05-01,DC002,SKU001,71,0,0,1019,148,0,320,512,0
2026-05-02,DC002,SKU001,55,0,0,948,16,0,320,512,0
2026-05-03,DC002,SKU001,66,0,0,893,16,0,320,512,0
2026-05-04,DC002,SKU001,87,0,0,827,1,0,320,512,0
2026-05-05,DC002,SKU001,50,0,0,740,54,0,320,512,0
2026-05-06,DC002,SKU001,38,0,0,690,73,0,320,512,0
2026-05-07,DC002,SKU001,28,0,0,652,29,0,320,512,0
2026-05-08,DC002,SKU001,50,0,0,624,2,0,320,512,0
2026-05-09,DC002,SKU001,42,0,0,574,67,594,320,512,0
2026-05-10,DC002,SKU001,63,0,0,1126,154,0,320,512,0
2026-05-11,DC002,SKU001,64,0,0,1063,108,0,320,512,0
2026-05-12,DC002,SKU001,74,0,1,999,119,0,320,512,0
2026-05-13,DC002,SKU001,60,0,0,925,32,0,320,512,0
2026-05-14,DC002,SKU001,48,0,0,865,27,0,320,512,0
2026-05-15,DC002,SKU001,47,0,0,817,22,0,320,512,0
2026-05-16,DC002,SKU001,58,0,1,770,97,0,320,512,0
2026-05-17,DC002,SKU001,69,0,0,712,96,0,320,512,0
2026-05-18,DC002,SKU001,65,0,0,643,85,0,320,512,0
2026-05-19,DC002,SKU001,38,0,0,578,52,0,320,512,0
2026-05-20,DC002,SKU001,54,0,0,540,6,0,320,512,0
2026-05-21,DC002,SKU001,30,0,0,486,36,793,320,512,0
2026-05-22,DC002,SKU001,90,0,0,1249,1,0,320,512,0
2026-05-23,DC002,SKU001,63,0,0,1159,123,0,320,512,0
2026-05-24,DC002,SKU001,41,0,0,1096,94,0,320,512,0
2026-05-25,DC002,SKU001,47,0,0,1055,56,0,320,512,0
2026-05-26,DC002,SKU001,26,0,0,1008,63,0,320,512,0
2026-05-27,DC002,SKU001,70,0,0,982,0,0,320,512,0
2026-05-28,DC002,SKU001,73,0,1,912,37,0,320,512,0
2026-05-29,DC002,SKU001,58,0,0,839,71,0,320,512,0
2026-05-30,DC002,SKU001,58,0,0,781,48,0,320,512,0
2026-05-31,DC002,SKU001,46,0,0,723,5,0,320,512,0
2026-06-01,DC002,SKU001,51,0,0,677,30,0,320,512,0
2026-06-02,DC002,SKU001,74,0,0,626,80,0,320,512,0
2026-06-03,DC002,SKU001,46,0,0,552,20,0,320,512,0
2026-06-04,DC002,SKU001,50,0,0,506,44,0,320,512,0
2026-06-05,DC002,SKU001,70,0,0,456,35,620,320,512,0
2026-06-06,DC002,SKU001,48,0,0,1006,141,0,320,512,0
2026-06-07,DC002,SKU001,59,0,0,958,35,0,320,512,0
2026-06-08,DC002,SKU001,74,0,1,899,13,0,320,512,0
2026-06-09,DC002,SKU001,47,0,0,825,62,0,320,512,0
2026-06-10,DC002,SKU001,38,0,0,778,13,0,320,512,0
2026-06-11,DC002,SKU001,95,0,0,740,90,0,320,512,0
2026-06-12,DC002,SKU001,40,0,0,645,78,0,320,512,0
2026-06-13,DC002,SKU001,79,0,0,605,37,0,320,512,0
2026-06-14,DC002,SKU001,61,0,0,526,52,0,320,512,0
2026-06-15,DC002,SKU001,78,1,0,465,40,797,320,512,0
2026-06-16,DC002,SKU001,62,1,0,1184,141,0,320,512,0
2026-06-17,DC002,SKU001,61,1,0,1122,69,0,320,512,0
2026-06-18,DC002,SKU001,75,1,0,1061,142,0,320,512,0
2026-06-19,DC002,SKU001,60,1,0,986,26,0,320,512,0
2026-06-20,DC002,SKU001,80,1,0,926,58,0,320,512,0
2026-06-21,DC002,SKU001,53,1,0,846,37,0,320,512,0
2026-06-22,DC002,SKU001,60,1,0,793,52,0,320,512,0
2026-06-23,DC002,SKU001,74,1,0,733,83,0,320,512,0
2026-06-24,DC002,SKU001,71,1,0,659,73,0,320,512,0
2026-06-25,DC002,SKU001,60,1,0,588,71,0,320,512,0
2026-06-26,DC002,SKU001,52,1,0,528,5,0,320,512,0
2026-06-27,DC002,SKU001,73,1,0,476,18,0,320,512,0
2026-06-28,DC002,SKU001,83,1,0,403,39,0,320,512,0
2026-06-29,DC002,SKU001,85,1,0,320,0,0,320,512,0
2026-06-30,DC002,SKU001,48,1,0,235,19,984,320,512,0
2026-07-01,DC002,SKU001,84,1,0,1171,98,0,320,512,0
2026-07-02,DC002,SKU001,77,1,0,1087,107,0,320,512,0
2026-07-03,DC002,SKU001,56,1,0,1010,86,0,320,512,0
2026-07-04,DC002,SKU001,82,1,0,954,54,0,320,512,0
2026-07-05,DC002,SKU001,89,1,0,872,121,0,320,512,0
2026-07-06,DC002,SKU001,64,1,0,783,77,0,320,512,0
2026-07-07,DC002,SKU001,63,1,0,719,76,0,320,512,0
2026-07-08,DC002,SKU001,61,1,0,656,84,0,320,512,0
2026-07-09,DC002,SKU001,64,1,0,595,20,0,320,512,0
2026-07-10,DC002,SKU001,52,1,0,531,61,1005,320,512,0
2026-07-11,DC002,SKU001,53,1,0,1484,75,0,320,512,0
2026-07-12,DC002,SKU001,70,1,0,1431,206,0,320,512,0
2026-07-13,DC002,SKU001,41,1,0,1361,190,0,320,512,0
2026-07-14,DC002,SKU001,63,1,0,1320,31,0,320,512,0
2026-07-15,DC002,SKU001,85,1,0,1257,89,0,320,512,0
2026-07-16,DC002,SKU001,70,1,0,1172,119,0,320,512,0
2026-07-17,DC002,SKU001,87,1,1,1102,50,0,320,512,0
2026-07-18,DC002,SKU001,37,1,0,1015,0,0,320,512,0
2026-07-19,DC002,SKU001,71,1,0,978,146,0,320,512,0
2026-07-20,DC002,SKU001,86,1,0,907,38,0,320,512,0
2026-07-21,DC002,SKU001,58,1,0,821,97,0,320,512,0
2026-07-22,DC002,SKU001,53,1,0,763,111,0,320,512,0
2026-07-23,DC002,SKU001,61,1,0,710,12,0,320,512,0
2026-07-24,DC002,SKU001,79,1,0,649,61,0,320,512,0
2026-07-25,DC002,SKU001,38,1,0,570,62,0,320,512,0
2026-07-26,DC002,SKU001,47,0,0,532,4,0,320,512,0
2026-07-27,DC002,SKU001,63,0,0,485,22,0,320,512,0
2026-07-28,DC002,SKU001,5,0,0,422,59,0,320,512,0
2026-07-29,DC002,SKU001,72,0,0,417,18,0,320,512,0
2026-07-30,DC002,SKU001,57,0,0,345,24,0,320,512,0
2026-07-31,DC002,SKU001,46,0,0,288,22,610,320,512,0
2026-08-01,DC002,SKU001,50,0,0,852,59,0,320,512,0
2026-08-02,DC002,SKU001,63,0,0,802,51,0,320,512,0
2026-08-03,DC002,SKU001,66,0,0,739,35,0,320,512,0
2026-08-04,DC002,SKU001,53,0,0,673,13,0,320,512,0
2026-08-05,DC002,SKU001,74,0,0,620,86,0,320,512,0
2026-08-06,DC002,SKU001,52,0,0,546,42,0,320,512,0
2026-08-07,DC002,SKU001,80,0,0,494,15,0,320,512,0
2026-08-08,DC002,SKU001,64,0,0,414,25,0,320,512,0
2026-08-09,DC002,SKU001,40,0,0,350,26,0,320,512,0
2026-08-10,DC002,SKU001,49,0,0,310,28,1082,320,512,0
2026-08-11,DC002,SKU001,40,0,0,1343,33,0,320,512,0
2026-08-12,DC002,SKU001,50,0,0,1303,87,0,320,512,0
2026-08-13,DC002,SKU001,37,0,0,1253,13,0,320,512,0
2026-04-16,DC002,SKU002,86,0,0,1365,56,0,320,512,0
2026-04-17,DC002,SKU002,36,0,0,1279,121,0,320,512,0
2026-04-18,DC002,SKU002,79,0,1,1243,56,0,320,512,0
2026-04-19,DC002,SKU002,49,0,0,1164,31,0,320,512,0
2026-04-20,DC002,SKU002,65,0,0,1115,13,0,320,512,0
2026-04-21,DC002,SKU002,76,0,0,1050,53,0,320,512,0
2026-04-22,DC002,SKU002,38,0,0,974,27,0,320,512,0
2026-04-23,DC002,SKU002,59,0,0,936,37,0,320,512,0
2026-04-24,DC002,SKU002,52,0,0,877,61,0,320,512,0
2026-04-25,DC002,SKU002,44,0,0,825,115,0,320,512,0
2026-04-26,DC002,SKU002,45,0,0,781,59,0,320,512,0
2026-04-27,DC002,SKU002,57,0,0,736,99,0,320,512,0
2026-04-28,DC002,SKU002,61,0,0,679,91,0,320,512,0
2026-04-29,DC002,SKU002,18,0,0,618,0,0,320,512,0
2026-04-30,DC002,SKU002,36,0,0,600,17,0,320,512,0
2026-05-01,DC002,SKU002,68,0,1,564,54,0,320,512,0
2026-05-02,DC002,SKU002,94,0,1,496,63,0,320,512,0
2026-05-03,DC002,SKU002,53,0,0,402,58,789,320,512,0
2026-05-04,DC002,SKU002,56,0,0,1138,155,0,320,512,0
2026-05-05,DC002,SKU002,43,0,0,1082,66,0,320,512,0
2026-05-06,DC002,SKU002,103,0,0,1039,6,0,320,512,0
2026-05-07,DC002,SKU002,87,0,0,936,91,0,320,512,0
2026-05-08,DC002,SKU002,37,0,0,849,11,0,320,512,0
2026-05-09,DC002,SKU002,86,0,0,812,15,0,320,512,0
2026-05-10,DC002,SKU002,26,0,0,726,83,0,320,512,0
2026-05-11,DC002,SKU002,59,0,0,700,32,0,320,512,0
2026-05-12,DC002,SKU002,72,0,0,641,4,0,320,512,0
2026-05-13,DC002,SKU002,81,0,0,569,65,798,320,512,0
2026-05-14,DC002,SKU002,13,0,0,1286,1,0,320,512,0
2026-05-15,DC002,SKU002,39,0,0,1273,68,0,320,512,0
2026-05-16,DC002,SKU002,88,0,0,1234,176,0,320,512,0
2026-05-17,DC002,SKU002,85,0,0,1146,68,0,320,512,0
2026-05-18,DC002,SKU002,38,0,0,1061,20,0,320,512,0
2026-05-19,DC002,SKU002,83,0,0,1023,55,0,320,512,0
2026-05-20,DC002,SKU002,37,0,0,940,84,0,320,512,0
2026-05-21,DC002,SKU002,74,0,1,903,55,0,320,512,0
2026-05-22,DC002,SKU002,95,0,0,829,102,0,320,512,0
2026-05-23,DC002,SKU002,57,0,0,734,4,0,320,512,0
2026-05-24,DC002,SKU002,79,0,0,677,84,0,320,512,0
2026-05-25,DC002,SKU002,66,0,0,598,27,0,320,512,0
2026-05-26,DC002,SKU002,41,0,0,532,2,0,320,512,0
2026-05-27,DC002,SKU002,62,0,0,491,17,0,320,512,0
2026-05-28,DC002,SKU002,67,0,0,429,42,0,320,512,0
2026-05-29,DC002,SKU002,79,0,0,362,33,771,320,512,0
2026-05-30,DC002,SKU002,51,0,0,1054,59,0,320,512,0
2026-05-31,DC002,SKU002,88,0,0,1003,0,0,320,512,0
2026-06-01,DC002,SKU002,51,0,0,915,110,0,320,512,0
2026-06-02,DC002,SKU002,49,0,0,864,24,0,320,512,0
2026-06-03,DC002,SKU002,57,0,0,815,9,0,320,512,0
2026-06-04,DC002,SKU002,75,0,0,758,85,0,320,512,0
2026-06-05,DC002,SKU002,73,0,0,683,50,0,320,512,0
2026-06-06,DC002,SKU002,108,0,1,610,90,0,320,512,0
2026-06-07,DC002,SKU002,73,0,0,502,21,0,320,512,0
2026-06-08,DC002,SKU002,47,0,0,429,28,0,320,512,0
2026-06-09,DC002,SKU002,98,0,0,382,38,0,320,512,0
2026-06-10,DC002,SKU002,19,0,0,284,27,1256,320,512,0
2026-06-11,DC002,SKU002,63,0,0,1521,200,0,320,512,0
2026-06-12,DC002,SKU002,36,0,0,1458,203,0,320,512,0
2026-06-13,DC002,SKU002,44,0,0,1422,171,0,320,512,0
2026-06-14,DC002,SKU002,64,0,0,1378,185,0,320,512,0
2026-06-15,DC002,SKU002,89,1,0,1314,133,0,320,512,0
2026-06-16,DC002,SKU002,107,1,0,1225,24,0,320,512,0
2026-06-17,DC002,SKU002,88,1,0,1118,25,0,320,512,0
2026-06-18,DC002,SKU002,74,1,0,1030,56,0,320,512,0
2026-06-19,DC002,SKU002,71,1,0,956,72,0,320,512,0
2026-06-20,DC002,SKU002,94,1,0,885,76,0,320,512,0
2026-06-21,DC002,SKU002,132,1,0,791,39,0,320,512,0
2026-06-22,DC002,SKU002,99,1,0,659,42,0,320,512,0
2026-06-23,DC002,SKU002,120,1,0,560,26,0,320,512,0
2026-06-24,DC002,SKU002,130,1,0,440,6,0,320,512,0
2026-06-25,DC002,SKU002,79,1,0,310,27,0,320,512,1
2026-06-26,DC002,SKU002,74,1,1,231,8,0,320,512,1
2026-06-27,DC002,SKU002,57,1,1,157,1,809,320,512,0
2026-06-28,DC002,SKU002,107,1,0,909,56,0,320,512,0
2026-06-29,DC002,SKU002,84,1,0,802,23,0,320,512,0
2026-06-30,DC002,SKU002,109,1,0,718,97,0,320,512,0
2026-07-01,DC002,SKU002,93,1,0,609,52,0,320,512,0
2026-07-02,DC002,SKU002,77,1,0,516,9,0,320,512,0
2026-07-03,DC002,SKU002,75,1,0,439,4,0,320,512,0
2026-07-04,DC002,SKU002,20,1,0,364,51,0,320,512,1
2026-07-05,DC002,SKU002,63,1,0,344,25,0,320,512,1
2026-07-06,DC002,SKU002,101,1,0,281,26,0,320,512,1
2026-07-07,DC002,SKU002,69,1,0,180,25,0,320,512,1
2026-07-08,DC002,SKU002,112,1,0,111,3,0,320,512,1
2026-07-09,DC002,SKU002,79,1,0,0,0,0,320,512,1
2026-07-10,DC002,SKU002,95,1,0,0,0,0,320,512,1
2026-07-11,DC002,SKU002,13,1,0,0,0,0,320,512,1
2026-07-12,DC002,SKU002,125,1,0,0,0,0,320,512,1
2026-07-13,DC002,SKU002,127,1,0,0,0,0,320,512,1
2026-07-14,DC002,SKU002,130,1,1,0,0,0,320,512,1
2026-07-15,DC002,SKU002,65,1,0,0,0,0,320,512,1
2026-07-16,DC002,SKU002,67,1,0,0,0,0,320,512,1
2026-07-17,DC002,SKU002,87,1,0,0,0,0,320,512,1
2026-07-18,DC002,SKU002,64,1,0,0,0,975,320,512,0
2026-07-19,DC002,SKU002,125,1,0,911,105,0,320,512,0
2026-07-20,DC002,SKU002,77,1,0,786,108,0,320,512,0
2026-07-21,DC002,SKU002,90,1,0,709,64,0,320,512,0
2026-07-22,DC002,SKU002,25,1,0,619,45,0,320,512,0
2026-07-23,DC002,SKU002,101,1,0,594,48,0,320,512,0
2026-07-24,DC002,SKU002,76,1,0,493,56,0,320,512,0
2026-07-25,DC002,SKU002,63,1,0,417,32,1257,320,512,0
2026-07-26,DC002,SKU002,58,0,0,1611,61,0,320,512,0
2026-07-27,DC002,SKU002,89,0,0,1553,106,0,320,512,0
2026-07-28,DC002,SKU002,55,0,0,1464,58,0,320,512,0
2026-07-29,DC002,SKU002,71,0,0,1409,119,0,320,512,0
2026-07-30,DC002,SKU002,44,0,0,1338,188,0,320,512,0
2026-07-31,DC002,SKU002,57,0,0,1294,173,0,320,512,0
2026-08-01,DC002,SKU002,50,0,0,1237,159,0,320,512,0
2026-08-02,DC002,SKU002,62,0,0,1187,1,0,320,512,0
2026-08-03,DC002,SKU002,76,0,0,1125,7,0,320,512,0
2026-08-04,DC002,SKU002,58,0,0,1049,96,0,320,512,0
2026-08-05,DC002,SKU002,24,0,0,991,98,0,320,512,0
2026-08-06,DC002,SKU002,66,0,0,967,41,0,320,512,0
2026-08-07,DC002,SKU002,53,0,1,901,90,0,320,512,0
2026-08-08,DC002,SKU002,72,0,0,848,108,0,320,512,0
2026-08-09,DC002,SKU002,56,0,0,776,30,0,320,512,0
2026-08-10,DC002,SKU002,75,0,0,720,5,0,320,512,0
2026-08-11,DC002,SKU002,33,0,1,645,69,0,320,512,0
2026-08-12,DC002,SKU002,50,0,0,612,61,0,320,512,0
2026-08-13,DC002,SKU002,63,0,1,562,67,774,320,512,0
2026-04-16,DC002,SKU003,26,0,0,1470,70,0,320,512,0
2026-04-17,DC002,SKU003,65,0,0,1444,138,0,320,512,0
2026-04-18,DC002,SKU003,108,0,1,1379,62,0,320,512,0
2026-04-19,DC002,SKU003,66,0,0,1271,144,0,320,512,0
2026-04-20,DC002,SKU003,57,0,0,1205,25,0,320,512,0
2026-04-21,DC002,SKU003,71,0,0,1148,35,0,320,512,0
2026-04-22,DC002,SKU003,35,0,0,1077,153,0,320,512,0
2026-04-23,DC002,SKU003,77,0,0,1042,112,0,320,512,0
2026-04-24,DC002,SKU003,83,0,1,965,23,0,320,512,0
2026-04-25,DC002,SKU003,50,0,0,882,20,0,320,512,0
2026-04-26,DC002,SKU003,97,0,0,832,16,0,320,512,0
2026-04-27,DC002,SKU003,43,0,0,735,30,0,320,512,0
2026-04-28,DC002,SKU003,59,0,0,692,81,0,320,512,0
2026-04-29,DC002,SKU003,104,0,1,633,91,0,320,512,0
2026-04-30,DC002,SKU003,50,0,0,529,5,0,320,512,0
2026-05-01,DC002,SKU003,42,0,0,479,2,0,320,512,0
2026-05-02,DC002,SKU003,39,0,0,437,46,835,320,512,0
2026-05-03,DC002,SKU003,125,0,0,1233,136,0,320,512,0
2026-05-04,DC002,SKU003,42,0,0,1108,143,0,320,512,0
2026-05-05,DC002,SKU003,77,0,0,1066,82,0,320,512,0
2026-05-06,DC002,SKU003,86,0,0,989,79,0,320,512,0
2026-05-07,DC002,SKU003,45,0,0,903,53,0,320,512,0
2026-05-08,DC002,SKU003,125,0,0,858,34,0,320,512,0
2026-05-09,DC002,SKU003,23,0,0,733,51,0,320,512,0
2026-05-10,DC002,SKU003,66,0,0,710,4,0,320,512,0
2026-05-11,DC002,SKU003,78,0,0,644,52,0,320,512,0
2026-05-12,DC002,SKU003,77,0,0,566,38,0,320,512,0
2026-05-13,DC002,SKU003,83,0,0,489,62,0,320,512,0
2026-05-14,DC002,SKU003,122,0,0,406,11,0,320,512,0
2026-05-15,DC002,SKU003,65,0,0,284,26,1122,320,512,0
2026-05-16,DC002,SKU003,71,0,0,1341,81,0,320,512,0
2026-05-17,DC002,SKU003,53,0,0,1270,16,0,320,512,0
2026-05-18,DC002,SKU003,105,0,0,1217,59,0,320,512,0
2026-05-19,DC002,SKU003,81,0,0,1112,162,0,320,512,0
2026-05-20,DC002,SKU003,106,0,0,1031,3,0,320,512,0
2026-05-21,DC002,SKU003,51,0,0,925,74,0,320,512,0
2026-05-22,DC002,SKU003,76,0,0,874,32,0,320,512,0
2026-05-23,DC002,SKU003,99,0,1,798,82,0,320,512,0
2026-05-24,DC002,SKU003,36,0,0,699,22,0,320,512,0
2026-05-25,DC002,SKU003,46,0,0,663,96,0,320,512,0
2026-05-26,DC002,SKU003,41,0,0,617,41,0,320,512,0
2026-05-27,DC002,SKU003,106,0,0,576,71,0,320,512,0
2026-05-28,DC002,SKU003,51,0,0,470,6,0,320,512,0
2026-05-29,DC002,SKU003,58,0,0,419,43,0,320,512,0
2026-05-30,DC002,SKU003,26,0,0,361,5,0,320,512,0
2026-05-31,DC002,SKU003,59,0,0,335,33,0,320,512,1
2026-06-01,DC002,SKU003,58,0,0,276,0,0,320,512,1
2026-06-02,DC002,SKU003,58,0,0,218,7,0,320,512,1
2026-06-03,DC002,SKU003,57,0,0,160,3,0,320,512,1
2026-06-04,DC002,SKU003,74,0,0,103,10,0,320,512,1
2026-06-05,DC002,SKU003,53,0,0,29,2,0,320,512,1
2026-06-06,DC002,SKU003,76,0,0,0,0,0,320,512,1
2026-06-07,DC002,SKU003,42,0,0,0,0,0,320,512,1
2026-06-08,DC002,SKU003,60,0,0,0,0,0,320,512,1
2026-06-09,DC002,SKU003,42,0,0,0,0,0,320,512,1
2026-06-10,DC002,SKU003,41,0,0,0,0,0,320,512,1
2026-06-11,DC002,SKU003,90,0,0,0,0,1309,320,512,0
2026-06-12,DC002,SKU003,59,0,0,1219,72,0,320,512,0
2026-06-13,DC002,SKU003,67,0,0,1160,59,0,320,512,0
2026-06-14,DC002,SKU003,90,0,0,1093,72,0,320,512,0
2026-06-15,DC002,SKU003,129,1,0,1003,63,0,320,512,0
2026-06-16,DC002,SKU003,65,1,0,874,78,0,320,512,0
2026-06-17,DC002,SKU003,82,1,0,809,40,0,320,512,0
2026-06-18,DC002,SKU003,65,1,0,727,93,0,320,512,0
2026-06-19,DC002,SKU003,120,1,1,662,53,0,320,512,0
2026-06-20,DC002,SKU003,60,1,0,542,10,0,320,512,0
2026-06-21,DC002,SKU003,103,1,0,482,30,0,320,512,0
2026-06-22,DC002,SKU003,90,1,0,379,52,0,320,512,0
2026-06-23,DC002,SKU003,117,1,0,289,12,0,320,512,1
2026-06-24,DC002,SKU003,97,1,0,172,1,0,320,512,1
2026-06-25,DC002,SKU003,129,1,0,75,3,0,320,512,1
2026-06-26,DC002,SKU003,98,1,0,0,0,0,320,512,1
2026-06-27,DC002,SKU003,79,1,0,0,0,857,320,512,0
2026-06-28,DC002,SKU003,83,1,0,778,98,0,320,512,0
2026-06-29,DC002,SKU003,73,1,0,695,42,0,320,512,0
2026-06-30,DC002,SKU003,116,1,0,622,17,0,320,512,0
2026-07-01,DC002,SKU003,105,1,1,506,12,1245,320,512,0
2026-07-02,DC002,SKU003,88,1,0,1646,204,0,320,512,0
2026-07-03,DC002,SKU003,84,1,0,1558,154,0,320,512,0
2026-07-04,DC002,SKU003,102,1,0,1474,139,0,320,512,0
2026-07-05,DC002,SKU003,88,1,0,1372,108,0,320,512,0
2026-07-06,DC002,SKU003,54,1,0,1284,141,0,320,512,0
2026-07-07,DC002,SKU003,96,1,0,1230,92,0,320,512,0
2026-07-08,DC002,SKU003,73,1,0,1134,156,0,320,512,0
2026-07-09,DC002,SKU003,121,1,1,1061,23,0,320,512,0
2026-07-10,DC002,SKU003,34,1,0,940,1,0,320,512,0
2026-07-11,DC002,SKU003,128,1,0,906,124,0,320,512,0
2026-07-12,DC002,SKU003,103,1,0,778,78,0,320,512,0
2026-07-13,DC002,SKU003,137,1,0,675,42,0,320,512,0
2026-07-14,DC002,SKU003,97,1,0,538,42,834,320,512,0
2026-07-15,DC002,SKU003,101,1,0,1275,22,0,320,512,0
2026-07-16,DC002,SKU003,95,1,0,1174,36,0,320,512,0
2026-07-17,DC002,SKU003,73,1,1,1079,93,0,320,512,0
2026-07-18,DC002,SKU003,100,1,0,1006,48,0,320,512,0
2026-07-19,DC002,SKU003,99,1,0,906,45,0,320,512,0
2026-07-20,DC002,SKU003,59,1,0,807,37,0,320,512,0
2026-07-21,DC002,SKU003,82,1,0,748,27,0,320,512,0
2026-07-22,DC002,SKU003,108,1,0,666,32,0,320,512,0
2026-07-23,DC002,SKU003,86,1,0,558,72,0,320,512,0
2026-07-24,DC002,SKU003,99,1,0,472,48,0,320,512,0
2026-07-25,DC002,SKU003,84,1,0,373,50,0,320,512,0
2026-07-26,DC002,SKU003,88,0,0,289,26,0,320,512,1
2026-07-27,DC002,SKU003,63,0,0,201,9,0,320,512,1
2026-07-28,DC002,SKU003,86,0,1,138,0,0,320,512,1
2026-07-29,DC002,SKU003,37,0,0,52,1,0,320,512,1
2026-07-30,DC002,SKU003,61,0,0,15,0,0,320,512,1
2026-07-31,DC002,SKU003,86,0,0,0,0,0,320,512,1
2026-08-01,DC002,SKU003,86,0,0,0,0,0,320,512,1
2026-08-02,DC002,SKU003,72,0,0,0,0,0,320,512,1
2026-08-03,DC002,SKU003,61,0,0,0,0,0,320,512,1
2026-08-04,DC002,SKU003,96,0,0,0,0,0,320,512,1
2026-08-05,DC002,SKU003,89,0,0,0,0,0,320,512,1
2026-08-06,DC002,SKU003,71,0,0,0,0,0,320,512,1
2026-08-07,DC002,SKU003,90,0,0,0,0,0,320,512,1
2026-08-08,DC002,SKU003,70,0,0,0,0,0,320,512,1
2026-08-09,DC002,SKU003,84,0,0,0,0,1237,320,512,0
2026-08-10,DC002,SKU003,47,0,0,1153,144,0,320,512,0
2026-08-11,DC002,SKU003,58,0,1,1106,146,0,320,512,0
2026-08-12,DC002,SKU003,82,0,0,1048,106,0,320,512,0
2026-08-13,DC002,SKU003,72,0,0,966,99,0,320,512,0
2026-04-16,DC002,SKU004,34,0,0,630,33,0,176,282,0
2026-04-17,DC002,SKU004,46,0,1,596,2,0,176,282,0
2026-04-18,DC002,SKU004,31,0,0,550,69,0,176,282,0
2026-04-19,DC002,SKU004,48,0,1,519,28,0,176,282,0
2026-04-20,DC002,SKU004,24,0,0,471,67,0,176,282,0
2026-04-21,DC002,SKU004,29,0,0,447,61,0,176,282,0
2026-04-22,DC002,SKU004,30,0,0,418,58,0,176,282,0
2026-04-23,DC002,SKU004,38,0,1,388,43,0,176,282,0
2026-04-24,DC002,SKU004,34,0,0,350,28,0,176,282,0
2026-04-25,DC002,SKU004,29,0,0,316,6,0,176,282,0
2026-04-26,DC002,SKU004,41,0,1,287,8,0,176,282,0
2026-04-27,DC002,SKU004,37,0,1,246,22,520,176,282,0
2026-04-28,DC002,SKU004,45,0,0,729,18,0,176,282,0
2026-04-29,DC002,SKU004,24,0,0,684,31,0,176,282,0
2026-04-30,DC002,SKU004,33,0,0,660,12,0,176,282,0
2026-05-01,DC002,SKU004,24,0,0,627,23,0,176,282,0
2026-05-02,DC002,SKU004,33,0,0,603,80,0,176,282,0
2026-05-03,DC002,SKU004,27,0,0,570,52,0,176,282,0
2026-05-04,DC002,SKU004,40,0,0,543,53,0,176,282,0
2026-05-05,DC002,SKU004,24,0,0,503,21,0,176,282,0
2026-05-06,DC002,SKU004,31,0,0,479,36,0,176,282,0
2026-05-07,DC002,SKU004,26,0,0,448,16,0,176,282,0
2026-05-08,DC002,SKU004,37,0,0,422,56,0,176,282,0
2026-05-09,DC002,SKU004,26,0,0,385,26,0,176,282,0
2026-05-10,DC002,SKU004,35,0,1,359,18,0,176,282,0
2026-05-11,DC002,SKU004,34,0,0,324,1,0,176,282,0
2026-05-12,DC002,SKU004,20,0,0,290,18,0,176,282,0
2026-05-13,DC002,SKU004,31,0,0,270,0,0,176,282,0
2026-05-14,DC002,SKU004,24,0,0,239,1,595,176,282,0
2026-05-15,DC002,SKU004,24,0,0,810,14,0,176,282,0
2026-05-16,DC002,SKU004,34,0,0,786,30,0,176,282,0
2026-05-17,DC002,SKU004,39,0,1,752,25,0,176,282,0
2026-05-18,DC002,SKU004,34,0,1,713,24,0,176,282,0
2026-05-19,DC002,SKU004,23,0,0,679,25,0,176,282,0
2026-05-20,DC002,SKU004,30,0,0,656,34,0,176,282,0
2026-05-21,DC002,SKU004,35,0,0,626,38,0,176,282,0
2026-05-22,DC002,SKU004,37,0,0,591,83,0,176,282,0
2026-05-23,DC002,SKU004,28,0,0,554,46,0,176,282,0
2026-05-24,DC002,SKU004,27,0,0,526,16,0,176,282,0
2026-05-25,DC002,SKU004,21,0,0,499,11,0,176,282,0
2026-05-26,DC002,SKU004,40,0,0,478,27,0,176,282,0
2026-05-27,DC002,SKU004,35,0,0,438,37,0,176,282,0
2026-05-28,DC002,SKU004,29,0,0,403,49,0,176,282,0
2026-05-29,DC002,SKU004,25,0,0,374,46,0,176,282,0
2026-05-30,DC002,SKU004,37,0,0,349,41,0,176,282,0
2026-05-31,DC002,SKU004,22,0,0,312,23,0,176,282,0
2026-06-01,DC002,SKU004,20,0,0,290,5,0,176,282,0
2026-06-02,DC002,SKU004,26,0,0,270,2,302,176,282,0
2026-06-03,DC002,SKU004,26,0,0,546,29,0,176,282,0
2026-06-04,DC002,SKU004,27,0,1,520,65,0,176,282,0
2026-06-05,DC002,SKU004,54,0,1,493,48,0,176,282,0
2026-06-06,DC002,SKU004,42,0,0,439,42,0,176,282,0
2026-06-07,DC002,SKU004,35,0,1,397,32,0,176,282,0
2026-06-08,DC002,SKU004,25,0,0,362,5,0,176,282,0
2026-06-09,DC002,SKU004,26,0,0,337,16,0,176,282,0
2026-06-10,DC002,SKU004,21,0,0,311,7,0,176,282,0
2026-06-11,DC002,SKU004,28,0,0,290,21,0,176,282,0
2026-06-12,DC002,SKU004,39,0,0,262,19,0,176,282,0
2026-06-13,DC002,SKU004,20,0,0,223,9,0,176,282,0
2026-06-14,DC002,SKU004,39,0,1,203,30,538,176,282,0
2026-06-15,DC002,SKU004,36,1,0,702,43,0,176,282,0
2026-06-16,DC002,SKU004,29,1,0,666,4,0,176,282,0
2026-06-17,DC002,SKU004,42,1,1,637,11,0,176,282,0
2026-06-18,DC002,SKU004,22,1,0,595,36,0,176,282,0
2026-06-19,DC002,SKU004,24,1,0,573,6,0,176,282,0
2026-06-20,DC002,SKU004,33,1,0,549,21,0,176,282,0
2026-06-21,DC002,SKU004,32,1,0,516,13,0,176,282,0
2026-06-22,DC002,SKU004,33,1,0,484,55,0,176,282,0
2026-06-23,DC002,SKU004,21,1,0,451,8,0,176,282,0
2026-06-24,DC002,SKU004,24,1,0,430,37,0,176,282,0
2026-06-25,DC002,SKU004,15,1,0,406,39,0,176,282,0
2026-06-26,DC002,SKU004,27,1,0,391,9,0,176,282,0
2026-06-27,DC002,SKU004,32,1,0,364,39,0,176,282,0
2026-06-28,DC002,SKU004,23,1,0,332,13,0,176,282,0
2026-06-29,DC002,SKU004,30,1,0,309,2,0,176,282,0
2026-06-30,DC002,SKU004,25,1,0,279,22,0,176,282,0
2026-07-01,DC002,SKU004,27,1,0,254,4,0,176,282,0
2026-07-02,DC002,SKU004,34,1,0,227,1,0,176,282,0
2026-07-03,DC002,SKU004,43,1,1,193,28,0,176,282,1
2026-07-04,DC002,SKU004,28,1,0,150,20,0,176,282,1
2026-07-05,DC002,SKU004,30,1,0,122,13,0,176,282,1
2026-07-06,DC002,SKU004,31,1,0,92,2,0,176,282,1
2026-07-07,DC002,SKU004,39,1,0,61,7,0,176,282,1
2026-07-08,DC002,SKU004,27,1,0,22,2,0,176,282,1
2026-07-09,DC002,SKU004,23,1,0,0,0,381,176,282,0
2026-07-10,DC002,SKU004,22,1,0,358,24,0,176,282,0
2026-07-11,DC002,SKU004,32,1,0,336,34,0,176,282,0
2026-07-12,DC002,SKU004,26,1,0,304,42,0,176,282,0
2026-07-13,DC002,SKU004,24,1,0,278,28,551,176,282,0
2026-07-14,DC002,SKU004,35,1,0,805,76,0,176,282,0
2026-07-15,DC002,SKU004,37,1,0,770,54,0,176,282,0
2026-07-16,DC002,SKU004,34,1,0,733,50,0,176,282,0
2026-07-17,DC002,SKU004,38,1,0,699,84,0,176,282,0
2026-07-18,DC002,SKU004,29,1,0,661,22,0,176,282,0
2026-07-19,DC002,SKU004,26,1,0,632,49,0,176,282,0
2026-07-20,DC002,SKU004,34,1,0,606,32,0,176,282,0
2026-07-21,DC002,SKU004,27,1,0,572,68,0,176,282,0
2026-07-22,DC002,SKU004,28,1,0,545,22,0,176,282,0
2026-07-23,DC002,SKU004,30,1,0,517,75,0,176,282,0
2026-07-24,DC002,SKU004,29,1,0,487,2,0,176,282,0
2026-07-25,DC002,SKU004,23,1,0,458,48,0,176,282,0
2026-07-26,DC002,SKU004,35,0,1,435,56,0,176,282,0
2026-07-27,DC002,SKU004,29,0,0,400,57,0,176,282,0
2026-07-28,DC002,SKU004,28,0,0,371,44,0,176,282,0
2026-07-29,DC002,SKU004,22,0,0,343,24,0,176,282,0
2026-07-30,DC002,SKU004,25,0,0,321,30,0,176,282,0
2026-07-31,DC002,SKU004,16,0,0,296,19,0,176,282,0
2026-08-01,DC002,SKU004,28,0,0,280,17,0,176,282,0
2026-08-02,DC002,SKU004,26,0,0,252,23,0,176,282,0
2026-08-03,DC002,SKU004,34,0,0,226,16,0,176,282,0
2026-08-04,DC002,SKU004,28,0,0,192,19,0,176,282,1
2026-08-05,DC002,SKU004,28,0,0,164,17,565,176,282,0
2026-08-06,DC002,SKU004,43,0,0,701,102,0,176,282,0
2026-08-07,DC002,SKU004,20,0,0,658,89,0,176,282,0
2026-08-08,DC002,SKU004,28,0,0,638,55,0,176,282,0
2026-08-09,DC002,SKU004,21,0,0,610,90,0,176,282,0
2026-08-10,DC002,SKU004,21,0,0,589,43,0,176,282,0
2026-08-11,DC002,SKU004,32,0,0,568,65,0,176,282,0
2026-08-12,DC002,SKU004,23,0,0,536,22,0,176,282,0
2026-08-13,DC002,SKU004,41,0,0,513,18,0,176,282,0
2026-04-16,DC002,SKU005,18,0,0,735,69,0,176,282,0
2026-04-17,DC002,SKU005,37,0,0,717,70,0,176,282,0
2026-04-18,DC002,SKU005,41,0,0,680,62,0,176,282,0
2026-04-19,DC002,SKU005,28,0,0,639,35,0,176,282,0
2026-04-20,DC002,SKU005,33,0,0,611,88,0,176,282,0
2026-04-21,DC002,SKU005,29,0,0,578,24,0,176,282,0
2026-04-22,DC002,SKU005,43,0,0,549,30,0,176,282,0
2026-04-23,DC002,SKU005,46,0,0,506,1,0,176,282,0
2026-04-24,DC002,SKU005,32,0,0,460,17,0,176,282,0
2026-04-25,DC002,SKU005,39,0,0,428,52,0,176,282,0
2026-04-26,DC002,SKU005,40,0,0,389,22,0,176,282,0
2026-04-27,DC002,SKU005,27,0,0,349,41,0,176,282,0
2026-04-28,DC002,SKU005,33,0,0,322,23,0,176,282,0
2026-04-29,DC002,SKU005,26,0,0,289,15,589,176,282,0
2026-04-30,DC002,SKU005,39,0,0,852,102,0,176,282,0
2026-05-01,DC002,SKU005,30,0,0,813,36,0,176,282,0
2026-05-02,DC002,SKU005,26,0,0,783,85,0,176,282,0
2026-05-03,DC002,SKU005,33,0,1,757,10,0,176,282,0
2026-05-04,DC002,SKU005,37,0,1,724,101,0,176,282,0
2026-05-05,DC002,SKU005,29,0,0,687,37,0,176,282,0
2026-05-06,DC002,SKU005,20,0,0,658,20,0,176,282,0
2026-05-07,DC002,SKU005,25,0,0,638,30,0,176,282,0
2026-05-08,DC002,SKU005,40,0,0,613,6,0,176,282,0
2026-05-09,DC002,SKU005,20,0,0,573,35,0,176,282,0
2026-05-10,DC002,SKU005,48,0,0,553,21,0,176,282,0
2026-05-11,DC002,SKU005,25,0,0,505,4,0,176,282,0
2026-05-12,DC002,SKU005,32,0,0,480,54,0,176,282,0
2026-05-13,DC002,SKU005,38,0,1,448,37,0,176,282,0
2026-05-14,DC002,SKU005,60,0,0,410,19,0,176,282,0
2026-05-15,DC002,SKU005,37,0,0,350,38,0,176,282,0
2026-05-16,DC002,SKU005,32,0,0,313,25,0,176,282,0
2026-05-17,DC002,SKU005,41,0,0,281,5,0,176,282,0
2026-05-18,DC002,SKU005,33,0,0,240,28,0,176,282,0
2026-05-19,DC002,SKU005,22,0,0,207,17,0,176,282,0
2026-05-20,DC002,SKU005,26,0,0,185,19,0,176,282,1
2026-05-21,DC002,SKU005,46,0,1,159,9,0,176,282,1
2026-05-22,DC002,SKU005,38,0,0,113,15,0,176,282,1
2026-05-23,DC002,SKU005,23,0,0,75,11,567,176,282,0
2026-05-24,DC002,SKU005,31,0,0,619,91,0,176,282,0
2026-05-25,DC002,SKU005,40,0,0,588,69,0,176,282,0
2026-05-26,DC002,SKU005,39,0,0,548,1,0,176,282,0
2026-05-27,DC002,SKU005,28,0,0,509,1,0,176,282,0
2026-05-28,DC002,SKU005,46,0,0,481,50,0,176,282,0
2026-05-29,DC002,SKU005,21,0,0,435,7,0,176,282,0
2026-05-30,DC002,SKU005,48,0,1,414,46,0,176,282,0
2026-05-31,DC002,SKU005,57,0,0,366,23,0,176,282,0
2026-06-01,DC002,SKU005,42,0,0,309,39,0,176,282,0
2026-06-02,DC002,SKU005,23,0,1,267,2,0,176,282,0
2026-06-03,DC002,SKU005,31,0,0,244,6,0,176,282,0
2026-06-04,DC002,SKU005,36,0,0,213,19,0,176,282,0
2026-06-05,DC002,SKU005,47,0,1,177,6,0,176,282,1
2026-06-06,DC002,SKU005,39,0,0,130,0,412,176,282,0
2026-06-07,DC002,SKU005,37,0,0,503,35,0,176,282,0
2026-06-08,DC002,SKU005,11,0,0,466,2,0,176,282,0
2026-06-09,DC002,SKU005,21,0,0,455,59,0,176,282,0
2026-06-10,DC002,SKU005,27,0,0,434,55,0,176,282,0
2026-06-11,DC002,SKU005,38,0,0,407,12,0,176,282,0
2026-06-12,DC002,SKU005,28,0,0,369,3,0,176,282,0
2026-06-13,DC002,SKU005,34,0,0,341,38,0,176,282,0
2026-06-14,DC002,SKU005,44,0,0,307,36,0,176,282,0
2026-06-15,DC002,SKU005,55,1,0,263,19,0,176,282,0
2026-06-16,DC002,SKU005,46,1,0,208,25,0,176,282,0
2026-06-17,DC002,SKU005,52,1,0,162,18,0,176,282,1
2026-06-18,DC002,SKU005,53,1,1,110,7,0,176,282,1
2026-06-19,DC002,SKU005,30,1,0,57,2,0,176,282,1
2026-06-20,DC002,SKU005,49,1,0,27,0,634,176,282,0
2026-06-21,DC002,SKU005,43,1,0,612,47,0,176,282,0
2026-06-22,DC002,SKU005,28,1,0,569,38,0,176,282,0
2026-06-23,DC002,SKU005,36,1,0,541,12,0,176,282,0
2026-06-24,DC002,SKU005,50,1,0,505,30,0,176,282,0
2026-06-25,DC002,SKU005,25,1,0,455,11,0,176,282,0
2026-06-26,DC002,SKU005,62,1,0,430,37,0,176,282,0
2026-06-27,DC002,SKU005,31,1,0,368,36,0,176,282,0
2026-06-28,DC002,SKU005,47,1,0,337,13,0,176,282,0
2026-06-29,DC002,SKU005,37,1,0,290,26,685,176,282,0
2026-06-30,DC002,SKU005,49,1,0,938,110,0,176,282,0
2026-07-01,DC002,SKU005,32,1,0,889,114,0,176,282,0
2026-07-02,DC002,SKU005,72,1,0,857,64,0,176,282,0
2026-07-03,DC002,SKU005,59,1,0,785,53,0,176,282,0
2026-07-04,DC002,SKU005,74,1,0,726,0,0,176,282,0
2026-07-05,DC002,SKU005,19,1,0,652,43,0,176,282,0
2026-07-06,DC002,SKU005,49,1,0,633,33,0,176,282,0
2026-07-07,DC002,SKU005,51,1,0,584,66,0,176,282,0
2026-07-08,DC002,SKU005,64,1,0,533,45,0,176,282,0
2026-07-09,DC002,SKU005,42,1,0,469,8,0,176,282,0
2026-07-10,DC002,SKU005,38,1,0,427,19,0,176,282,0
2026-07-11,DC002,SKU005,51,1,0,389,3,0,176,282,0
2026-07-12,DC002,SKU005,31,1,0,338,48,0,176,282,0
2026-07-13,DC002,SKU005,42,1,0,307,29,0,176,282,0
2026-07-14,DC002,SKU005,46,1,0,265,8,0,176,282,0
2026-07-15,DC002,SKU005,53,1,0,219,18,0,176,282,0
2026-07-16,DC002,SKU005,35,1,0,166,19,0,176,282,1
2026-07-17,DC002,SKU005,40,1,0,131,18,574,176,282,0
2026-07-18,DC002,SKU005,68,1,0,665,95,0,176,282,0
2026-07-19,DC002,SKU005,56,1,0,597,89,0,176,282,0
2026-07-20,DC002,SKU005,39,1,0,541,35,0,176,282,0
2026-07-21,DC002,SKU005,38,1,0,502,33,0,176,282,0
2026-07-22,DC002,SKU005,36,1,0,464,60,0,176,282,0
2026-07-23,DC002,SKU005,49,1,0,428,41,0,176,282,0
2026-07-24,DC002,SKU005,39,1,0,379,0,0,176,282,0
2026-07-25,DC002,SKU005,57,1,0,340,4,0,176,282,0
2026-07-26,DC002,SKU005,41,0,0,283,9,633,176,282,0
2026-07-27,DC002,SKU005,41,0,0,875,24,0,176,282,0
2026-07-28,DC002,SKU005,34,0,0,834,124,0,176,282,0
2026-07-29,DC002,SKU005,30,0,0,800,50,0,176,282,0
2026-07-30,DC002,SKU005,26,0,0,770,32,0,176,282,0
2026-07-31,DC002,SKU005,39,0,0,744,0,0,176,282,0
2026-08-01,DC002,SKU005,28,0,0,705,96,0,176,282,0
2026-08-02,DC002,SKU005,39,0,0,677,72,0,176,282,0
2026-08-03,DC002,SKU005,25,0,0,638,30,0,176,282,0
2026-08-04,DC002,SKU005,45,0,0,613,41,0,176,282,0
2026-08-05,DC002,SKU005,33,0,0,568,13,0,176,282,0
2026-08-06,DC002,SKU005,31,0,0,535,35,0,176,282,0
2026-08-07,DC002,SKU005,35,0,0,504,51,0,176,282,0
2026-08-08,DC002,SKU005,47,0,0,469,38,0,176,282,0
2026-08-09,DC002,SKU005,37,0,0,422,8,0,176,282,0
2026-08-10,DC002,SKU005,44,0,0,385,33,0,176,282,0
2026-08-11,DC002,SKU005,34,0,0,341,41,0,176,282,0
2026-08-12,DC002,SKU005,37,0,0,307,36,0,176,282,0
2026-08-13,DC002,SKU005,13,0,0,270,3,0,176,282,0
2026-04-16,DC002,SKU006,44,0,0,1365,83,0,320,512,0
2026-04-17,DC002,SKU006,99,0,0,1321,13,0,320,512,0
2026-04-18,DC002,SKU006,76,0,0,1222,31,0,320,512,0
2026-04-19,DC002,SKU006,74,0,0,1146,112,0,320,512,0
2026-04-20,DC002,SKU006,122,0,0,1072,147,0,320,512,0
2026-04-21,DC002,SKU006,44,0,0,950,63,0,320,512,0
2026-04-22,DC002,SKU006,34,0,0,906,38,0,320,512,0
2026-04-23,DC002,SKU006,35,0,0,872,112,0,320,512,0
2026-04-24,DC002,SKU006,55,0,1,837,43,0,320,512,0
2026-04-25,DC002,SKU006,90,0,1,782,31,0,320,512,0
2026-04-26,DC002,SKU006,59,0,0,692,48,0,320,512,0
2026-04-27,DC002,SKU006,72,0,0,633,82,0,320,512,0
2026-04-28,DC002,SKU006,105,0,0,561,71,911,320,512,0
2026-04-29,DC002,SKU006,68,0,0,1367,151,0,320,512,0
2026-04-30,DC002,SKU006,23,0,0,1299,101,0,320,512,0
2026-05-01,DC002,SKU006,73,0,0,1276,80,0,320,512,0
2026-05-02,DC002,SKU006,64,0,0,1203,81,0,320,512,0
2026-05-03,DC002,SKU006,65,0,0,1139,117,0,320,512,0
2026-05-04,DC002,SKU006,82,0,0,1074,67,0,320,512,0
2026-05-05,DC002,SKU006,71,0,0,992,147,0,320,512,0
2026-05-06,DC002,SKU006,88,0,0,921,2,0,320,512,0
2026-05-07,DC002,SKU006,65,0,0,833,34,0,320,512,0
2026-05-08,DC002,SKU006,84,0,0,768,77,0,320,512,0
2026-05-09,DC002,SKU006,42,0,0,684,3,0,320,512,0
2026-05-10,DC002,SKU006,82,0,0,642,77,0,320,512,0
2026-05-11,DC002,SKU006,53,0,0,560,50,0,320,512,0
2026-05-12,DC002,SKU006,33,0,0,507,20,0,320,512,0
2026-05-13,DC002,SKU006,54,0,0,474,31,1117,320,512,0
2026-05-14,DC002,SKU006,57,0,0,1537,52,0,320,512,0
2026-05-15,DC002,SKU006,39,0,0,1480,82,0,320,512,0
2026-05-16,DC002,SKU006,37,0,0,1441,33,0,320,512,0
2026-05-17,DC002,SKU006,68,0,0,1404,91,0,320,512,0
2026-05-18,DC002,SKU006,64,0,0,1336,111,0,320,512,0
2026-05-19,DC002,SKU006,54,0,0,1272,134,0,320,512,0
2026-05-20,DC002,SKU006,79,0,0,1218,173,0,320,512,0
2026-05-21,DC002,SKU006,53,0,0,1139,85,0,320,512,0
2026-05-22,DC002,SKU006,61,0,0,1086,23,0,320,512,0
2026-05-23,DC002,SKU006,56,0,0,1025,82,0,320,512,0
2026-05-24,DC002,SKU006,72,0,0,969,48,0,320,512,0
2026-05-25,DC002,SKU006,42,0,0,897,42,0,320,512,0
2026-05-26,DC002,SKU006,52,0,0,855,54,0,320,512,0
2026-05-27,DC002,SKU006,53,0,0,803,31,0,320,512,0
2026-05-28,DC002,SKU006,135,0,1,750,108,0,320,512,0
2026-05-29,DC002,SKU006,73,0,0,615,43,0,320,512,0
2026-05-30,DC002,SKU006,43,0,0,542,21,0,320,512,0
2026-05-31,DC002,SKU006,50,0,0,499,55,0,320,512,0
2026-06-01,DC002,SKU006,97,0,1,449,19,0,320,512,0
2026-06-02,DC002,SKU006,77,0,0,352,46,0,320,512,1
2026-06-03,DC002,SKU006,78,0,0,275,20,0,320,512,1
2026-06-04,DC002,SKU006,71,0,0,197,6,0,320,512,1
2026-06-05,DC002,SKU006,51,0,0,126,4,0,320,512,1
2026-06-06,DC002,SKU006,95,0,0,75,1,0,320,512,1
2026-06-07,DC002,SKU006,22,0,0,0,0,0,320,512,1
2026-06-08,DC002,SKU006,47,0,0,0,0,708,320,512,0
2026-06-09,DC002,SKU006,36,0,0,661,42,0,320,512,0
2026-06-10,DC002,SKU006,120,0,1,625,48,0,320,512,0
2026-06-11,DC002,SKU006,40,0,0,505,19,1272,320,512,0
2026-06-12,DC002,SKU006,73,0,0,1737,60,0,320,512,0
2026-06-13,DC002,SKU006,64,0,0,1664,4,0,320,512,0
2026-06-14,DC002,SKU006,36,0,0,1600,125,0,320,512,0
2026-06-15,DC002,SKU006,100,1,0,1564,185,0,320,512,0
2026-06-16,DC002,SKU006,76,1,0,1464,87,0,320,512,0
2026-06-17,DC002,SKU006,66,1,0,1388,115,0,320,512,0
2026-06-18,DC002,SKU006,65,1,0,1322,187,0,320,512,0
2026-06-19,DC002,SKU006,70,1,0,1257,26,0,320,512,0
2026-06-20,DC002,SKU006,120,1,0,1187,54,0,320,512,0
2026-06-21,DC002,SKU006,59,1,0,1067,79,0,320,512,0
2026-06-22,DC002,SKU006,157,1,0,1008,13,0,320,512,0
2026-06-23,DC002,SKU006,100,1,0,851,55,0,320,512,0
2026-06-24,DC002,SKU006,69,1,0,751,15,0,320,512,0
2026-06-25,DC002,SKU006,87,1,0,682,78,0,320,512,0
2026-06-26,DC002,SKU006,60,1,0,595,42,0,320,512,0
2026-06-27,DC002,SKU006,112,1,0,535,33,0,320,512,0
2026-06-28,DC002,SKU006,116,1,1,423,7,911,320,512,0
2026-06-29,DC002,SKU006,123,1,0,1218,129,0,320,512,0
2026-06-30,DC002,SKU006,54,1,0,1095,58,0,320,512,0
2026-07-01,DC002,SKU006,71,1,0,1041,155,0,320,512,0
2026-07-02,DC002,SKU006,82,1,0,970,10,0,320,512,0
2026-07-03,DC002,SKU006,115,1,0,888,43,0,320,512,0
2026-07-04,DC002,SKU006,53,1,0,773,30,0,320,512,0
2026-07-05,DC002,SKU006,131,1,0,720,55,0,320,512,0
2026-07-06,DC002,SKU006,71,1,0,589,3,0,320,512,0
2026-07-07,DC002,SKU006,109,1,0,518,3,0,320,512,0
2026-07-08,DC002,SKU006,93,1,0,409,52,0,320,512,0
2026-07-09,DC002,SKU006,94,1,0,316,20,1248,320,512,0
2026-07-10,DC002,SKU006,103,1,0,1470,6,0,320,512,0
2026-07-11,DC002,SKU006,60,1,0,1367,43,0,320,512,0
2026-07-12,DC002,SKU006,100,1,1,1307,112,0,320,512,0
2026-07-13,DC002,SKU006,125,1,0,1207,155,0,320,512,0
2026-07-14,DC002,SKU006,89,1,0,1082,2,0,320,512,0
2026-07-15,DC002,SKU006,130,1,0,993,96,0,320,512,0
2026-07-16,DC002,SKU006,36,1,0,863,118,0,320,512,0
2026-07-17,DC002,SKU006,81,1,0,827,46,0,320,512,0
2026-07-18,DC002,SKU006,71,1,0,746,65,0,320,512,0
2026-07-19,DC002,SKU006,88,1,0,675,82,0,320,512,0
2026-07-20,DC002,SKU006,87,1,0,587,63,0,320,512,0
2026-07-21,DC002,SKU006,72,1,0,500,20,0,320,512,0
2026-07-22,DC002,SKU006,81,1,0,428,31,741,320,512,0
2026-07-23,DC002,SKU006,68,1,0,1088,153,0,320,512,0
2026-07-24,DC002,SKU006,92,1,0,1020,139,0,320,512,0
2026-07-25,DC002,SKU006,104,1,0,928,87,0,320,512,0
2026-07-26,DC002,SKU006,92,0,0,824,77,0,320,512,0
2026-07-27,DC002,SKU006,73,0,0,732,23,0,320,512,0
2026-07-28,DC002,SKU006,71,0,0,659,47,0,320,512,0
2026-07-29,DC002,SKU006,60,0,0,588,50,0,320,512,0
2026-07-30,DC002,SKU006,89,0,0,528,3,0,320,512,0
2026-07-31,DC002,SKU006,58,0,0,439,39,0,320,512,0
2026-08-01,DC002,SKU006,71,0,0,381,7,0,320,512,0
2026-08-02,DC002,SKU006,53,0,0,310,31,0,320,512,1
2026-08-03,DC002,SKU006,55,0,0,257,3,0,320,512,1
2026-08-04,DC002,SKU006,57,0,0,202,11,0,320,512,1
2026-08-05,DC002,SKU006,27,0,0,145,6,0,320,512,1
2026-08-06,DC002,SKU006,33,0,0,118,14,1017,320,512,0
2026-08-07,DC002,SKU006,75,0,0,1102,53,0,320,512,0
2026-08-08,DC002,SKU006,71,0,0,1027,131,0,320,512,0
2026-08-09,DC002,SKU006,85,0,0,956,74,0,320,512,0
2026-08-10,DC002,SKU006,65,0,0,871,86,0,320,512,0
2026-08-11,DC002,SKU006,59,0,0,806,89,0,320,512,0
2026-08-12,DC002,SKU006,34,0,0,747,8,0,320,512,0
2026-08-13,DC002,SKU006,77,0,0,713,59,0,320,512,0
2026-04-16,DC002,SKU007,71,0,0,1218,60,0,320,512,0
2026-04-17,DC002,SKU007,78,0,0,1147,111,0,320,512,0
2026-04-18,DC002,SKU007,54,0,0,1069,111,0,320,512,0
2026-04-19,DC002,SKU007,58,0,0,1015,143,0,320,512,0
2026-04-20,DC002,SKU007,35,0,0,957,29,0,320,512,0
2026-04-21,DC002,SKU007,66,0,0,922,65,0,320,512,0
2026-04-22,DC002,SKU007,38,0,0,856,125,0,320,512,0
2026-04-23,DC002,SKU007,58,0,0,818,114,0,320,512,0
2026-04-24,DC002,SKU007,84,0,0,760,49,0,320,512,0
2026-04-25,DC002,SKU007,61,0,0,676,34,0,320,512,0
2026-04-26,DC002,SKU007,57,0,0,615,53,0,320,512,0
2026-04-27,DC002,SKU007,99,0,0,558,30,0,320,512,0
2026-04-28,DC002,SKU007,39,0,0,459,60,0,320,512,0
2026-04-29,DC002,SKU007,71,0,0,420,32,0,320,512,0
2026-04-30,DC002,SKU007,29,0,0,349,37,0,320,512,1
2026-05-01,DC002,SKU007,44,0,0,320,21,0,320,512,1
2026-05-02,DC002,SKU007,65,0,0,276,8,763,320,512,0
2026-05-03,DC002,SKU007,68,0,0,974,37,0,320,512,0
2026-05-04,DC002,SKU007,56,0,0,906,77,0,320,512,0
2026-05-05,DC002,SKU007,52,0,0,850,65,0,320,512,0
2026-05-06,DC002,SKU007,49,0,0,798,37,0,320,512,0
2026-05-07,DC002,SKU007,58,0,0,749,106,0,320,512,0
2026-05-08,DC002,SKU007,47,0,0,691,20,0,320,512,0
2026-05-09,DC002,SKU007,47,0,0,644,82,0,320,512,0
2026-05-10,DC002,SKU007,59,0,0,597,41,0,320,512,0
2026-05-11,DC002,SKU007,20,0,0,538,40,656,320,512,0
2026-05-12,DC002,SKU007,50,0,0,1174,91,0,320,512,0
2026-05-13,DC002,SKU007,81,0,0,1124,124,0,320,512,0
2026-05-14,DC002,SKU007,69,0,0,1043,31,0,320,512,0
2026-05-15,DC002,SKU007,72,0,0,974,68,0,320,512,0
2026-05-16,DC002,SKU007,46,0,0,902,18,0,320,512,0
2026-05-17,DC002,SKU007,75,0,0,856,125,0,320,512,0
2026-05-18,DC002,SKU007,40,0,0,781,8,0,320,512,0
2026-05-19,DC002,SKU007,87,0,0,741,78,0,320,512,0
2026-05-20,DC002,SKU007,52,0,0,654,8,0,320,512,0
2026-05-21,DC002,SKU007,68,0,0,602,34,0,320,512,0
2026-05-22,DC002,SKU007,48,0,0,534,57,748,320,512,0
2026-05-23,DC002,SKU007,74,0,0,1234,150,0,320,512,0
2026-05-24,DC002,SKU007,61,0,0,1160,91,0,320,512,0
2026-05-25,DC002,SKU007,59,0,0,1099,76,0,320,512,0
2026-05-26,DC002,SKU007,94,0,0,1040,153,0,320,512,0
2026-05-27,DC002,SKU007,49,0,0,946,122,0,320,512,0
2026-05-28,DC002,SKU007,89,0,0,897,120,0,320,512,0
2026-05-29,DC002,SKU007,51,0,0,808,116,0,320,512,0
2026-05-30,DC002,SKU007,81,0,0,757,107,0,320,512,0
2026-05-31,DC002,SKU007,69,0,0,676,75,0,320,512,0
2026-06-01,DC002,SKU007,71,0,0,607,50,0,320,512,0
2026-06-02,DC002,SKU007,46,0,0,536,25,0,320,512,0
2026-06-03,DC002,SKU007,38,0,0,490,70,0,320,512,0
2026-06-04,DC002,SKU007,51,0,0,452,27,0,320,512,0
2026-06-05,DC002,SKU007,74,0,0,401,32,0,320,512,0
2026-06-06,DC002,SKU007,23,0,0,327,24,653,320,512,0
2026-06-07,DC002,SKU007,82,0,0,957,57,0,320,512,0
2026-06-08,DC002,SKU007,74,0,0,875,83,0,320,512,0
2026-06-09,DC002,SKU007,64,0,0,801,98,0,320,512,0
2026-06-10,DC002,SKU007,56,0,0,737,19,0,320,512,0
2026-06-11,DC002,SKU007,42,0,0,681,87,0,320,512,0
2026-06-12,DC002,SKU007,52,0,1,639,7,0,320,512,0
2026-06-13,DC002,SKU007,48,0,0,587,70,0,320,512,0
2026-06-14,DC002,SKU007,47,0,0,539,0,0,320,512,0
2026-06-15,DC002,SKU007,43,1,0,492,49,0,320,512,0
2026-06-16,DC002,SKU007,54,1,0,449,49,1133,320,512,0
2026-06-17,DC002,SKU007,68,1,0,1528,216,0,320,512,0
2026-06-18,DC002,SKU007,85,1,0,1460,131,0,320,512,0
2026-06-19,DC002,SKU007,87,1,0,1375,163,0,320,512,0
2026-06-20,DC002,SKU007,58,1,0,1288,175,0,320,512,0
2026-06-21,DC002,SKU007,55,1,0,1230,4,0,320,512,0
2026-06-22,DC002,SKU007,48,1,0,1175,94,0,320,512,0
2026-06-23,DC002,SKU007,60,1,0,1127,89,0,320,512,0
2026-06-24,DC002,SKU007,45,1,0,1067,143,0,320,512,0
2026-06-25,DC002,SKU007,71,1,0,1022,58,0,320,512,0
2026-06-26,DC002,SKU007,54,1,0,951,67,0,320,512,0
2026-06-27,DC002,SKU007,56,1,0,897,98,0,320,512,0
2026-06-28,DC002,SKU007,69,1,0,841,2,0,320,512,0
2026-06-29,DC002,SKU007,87,1,0,772,38,0,320,512,0
2026-06-30,DC002,SKU007,57,1,0,685,71,0,320,512,0
2026-07-01,DC002,SKU007,71,1,0,628,46,0,320,512,0
2026-07-02,DC002,SKU007,57,1,0,557,16,0,320,512,0
2026-07-03,DC002,SKU007,59,1,0,500,18,0,320,512,0
2026-07-04,DC002,SKU007,51,1,0,441,21,0,320,512,0
2026-07-05,DC002,SKU007,51,1,0,390,26,0,320,512,0
2026-07-06,DC002,SKU007,63,1,0,339,32,0,320,512,1
2026-07-07,DC002,SKU007,50,1,1,276,6,0,320,512,1
2026-07-08,DC002,SKU007,43,1,0,226,17,0,320,512,1
2026-07-09,DC002,SKU007,44,1,0,183,7,0,320,512,1
2026-07-10,DC002,SKU007,92,1,1,139,1,0,320,512,1
2026-07-11,DC002,SKU007,51,1,0,47,5,0,320,512,1
2026-07-12,DC002,SKU007,61,1,0,0,0,0,320,512,1
2026-07-13,DC002,SKU007,58,1,0,0,0,0,320,512,1
2026-07-14,DC002,SKU007,34,1,0,0,0,0,320,512,1
2026-07-15,DC002,SKU007,53,1,0,0,0,0,320,512,1
2026-07-16,DC002,SKU007,51,1,0,0,0,0,320,512,1
2026-07-17,DC002,SKU007,51,1,0,0,0,0,320,512,1
2026-07-18,DC002,SKU007,48,1,0,0,0,0,320,512,1
2026-07-19,DC002,SKU007,77,1,0,0,0,0,320,512,1
2026-07-20,DC002,SKU007,43,1,0,0,0,1046,320,512,0
2026-07-21,DC002,SKU007,77,1,0,1003,31,0,320,512,0
2026-07-22,DC002,SKU007,71,1,0,926,85,0,320,512,0
2026-07-23,DC002,SKU007,46,1,0,855,43,0,320,512,0
2026-07-24,DC002,SKU007,68,1,0,809,84,0,320,512,0
2026-07-25,DC002,SKU007,84,1,0,741,42,0,320,512,0
2026-07-26,DC002,SKU007,50,0,0,657,62,0,320,512,0
2026-07-27,DC002,SKU007,52,0,0,607,61,0,320,512,0
2026-07-28,DC002,SKU007,29,0,0,555,70,0,320,512,0
2026-07-29,DC002,SKU007,76,0,1,526,67,781,320,512,0
2026-07-30,DC002,SKU007,71,0,0,1231,37,0,320,512,0
2026-07-31,DC002,SKU007,79,0,1,1160,28,0,320,512,0
2026-08-01,DC002,SKU007,64,0,0,1081,111,0,320,512,0
2026-08-02,DC002,SKU007,53,0,0,1017,29,0,320,512,0
2026-08-03,DC002,SKU007,76,0,0,964,73,0,320,512,0
2026-08-04,DC002,SKU007,66,0,0,888,77,0,320,512,0
2026-08-05,DC002,SKU007,66,0,0,822,23,0,320,512,0
2026-08-06,DC002,SKU007,84,0,1,756,46,0,320,512,0
2026-08-07,DC002,SKU007,42,0,0,672,30,0,320,512,0
2026-08-08,DC002,SKU007,81,0,1,630,35,0,320,512,0
2026-08-09,DC002,SKU007,32,0,0,549,72,0,320,512,0
2026-08-10,DC002,SKU007,92,0,0,517,73,0,320,512,0
2026-08-11,DC002,SKU007,31,0,0,425,46,0,320,512,0
2026-08-12,DC002,SKU007,69,0,1,394,28,978,320,512,0
2026-08-13,DC002,SKU007,54,0,0,1303,109,0,320,512,0
2026-04-16,DC002,SKU008,13,0,0,294,10,0,80,128,0
2026-04-17,DC002,SKU008,10,0,0,281,8,0,80,128,0
2026-04-18,DC002,SKU008,15,0,0,271,30,0,80,128,0
2026-04-19,DC002,SKU008,11,0,0,256,17,0,80,128,0
2026-04-20,DC002,SKU008,11,0,1,245,19,0,80,128,0
2026-04-21,DC002,SKU008,15,0,0,234,32,0,80,128,0
2026-04-22,DC002,SKU008,9,0,0,219,31,0,80,128,0
2026-04-23,DC002,SKU008,18,0,0,210,8,0,80,128,0
2026-04-24,DC002,SKU008,17,0,0,192,23,0,80,128,0
2026-04-25,DC002,SKU008,13,0,0,175,18,0,80,128,0
2026-04-26,DC002,SKU008,11,0,0,162,17,0,80,128,0
2026-04-27,DC002,SKU008,11,0,0,151,0,0,80,128,0
2026-04-28,DC002,SKU008,12,0,0,140,9,0,80,128,0
2026-04-29,DC002,SKU008,12,0,1,128,18,0,80,128,0
2026-04-30,DC002,SKU008,12,0,0,116,10,166,80,128,0
2026-05-01,DC002,SKU008,8,0,0,270,10,0,80,128,0
2026-05-02,DC002,SKU008,15,0,0,262,13,0,80,128,0
2026-05-03,DC002,SKU008,16,0,0,247,0,0,80,128,0
2026-05-04,DC002,SKU008,17,0,0,231,33,0,80,128,0
2026-05-05,DC002,SKU008,13,0,0,214,29,0,80,128,0
2026-05-06,DC002,SKU008,12,0,0,201,20,0,80,128,0
2026-05-07,DC002,SKU008,7,0,0,189,5,0,80,128,0
2026-05-08,DC002,SKU008,12,0,0,182,2,0,80,128,0
2026-05-09,DC002,SKU008,15,0,0,170,7,0,80,128,0
2026-05-10,DC002,SKU008,14,0,0,155,1,0,80,128,0
2026-05-11,DC002,SKU008,7,0,0,141,3,0,80,128,0
2026-05-12,DC002,SKU008,12,0,0,134,8,0,80,128,0
2026-05-13,DC002,SKU008,4,0,0,122,9,0,80,128,0
2026-05-14,DC002,SKU008,13,0,0,118,8,225,80,128,0
2026-05-15,DC002,SKU008,15,0,0,330,7,0,80,128,0
2026-05-16,DC002,SKU008,11,0,0,315,32,0,80,128,0
2026-05-17,DC002,SKU008,14,0,0,304,8,0,80,128,0
2026-05-18,DC002,SKU008,14,0,0,290,17,0,80,128,0
2026-05-19,DC002,SKU008,18,0,0,276,25,0,80,128,0
2026-05-20,DC002,SKU008,12,0,0,258,17,0,80,128,0
2026-05-21,DC002,SKU008,14,0,0,246,3,0,80,128,0
2026-05-22,DC002,SKU008,13,0,0,232,29,0,80,128,0
2026-05-23,DC002,SKU008,15,0,0,219,14,0,80,128,0
2026-05-24,DC002,SKU008,10,0,0,204,10,0,80,128,0
2026-05-25,DC002,SKU008,15,0,0,194,13,0,80,128,0
2026-05-26,DC002,SKU008,13,0,0,179,25,0,80,128,0
2026-05-27,DC002,SKU008,12,0,0,166,23,0,80,128,0
2026-05-28,DC002,SKU008,17,0,0,154,19,0,80,128,0
2026-05-29,DC002,SKU008,17,0,0,137,10,0,80,128,0
2026-05-30,DC002,SKU008,14,0,0,120,6,0,80,128,0
2026-05-31,DC002,SKU008,19,0,0,106,14,0,80,128,0
2026-06-01,DC002,SKU008,11,0,0,87,0,193,80,128,0
2026-06-02,DC002,SKU008,13,0,0,269,28,0,80,128,0
2026-06-03,DC002,SKU008,15,0,0,256,5,0,80,128,0
2026-06-04,DC002,SKU008,9,0,0,241,34,0,80,128,0
2026-06-05,DC002,SKU008,12,0,0,232,12,0,80,128,0
2026-06-06,DC002,SKU008,10,0,0,220,16,0,80,128,0
2026-06-07,DC002,SKU008,12,0,0,210,8,0,80,128,0
2026-06-08,DC002,SKU008,18,0,0,198,14,0,80,128,0
2026-06-09,DC002,SKU008,12,0,0,180,0,0,80,128,0
2026-06-10,DC002,SKU008,9,0,0,168,4,0,80,128,0
2026-06-11,DC002,SKU008,20,0,1,159,19,0,80,128,0
2026-06-12,DC002,SKU008,15,0,0,139,4,0,80,128,0
2026-06-13,DC002,SKU008,11,0,0,124,16,277,80,128,0
2026-06-14,DC002,SKU008,16,0,0,390,40,0,80,128,0
2026-06-15,DC002,SKU008,11,1,0,374,24,0,80,128,0
2026-06-16,DC002,SKU008,18,1,1,363,21,0,80,128,0
2026-06-17,DC002,SKU008,9,1,0,345,30,0,80,128,0
2026-06-18,DC002,SKU008,11,1,0,336,2,0,80,128,0
2026-06-19,DC002,SKU008,15,1,0,325,5,0,80,128,0
2026-06-20,DC002,SKU008,11,1,0,310,13,0,80,128,0
2026-06-21,DC002,SKU008,12,1,0,299,21,0,80,128,0
2026-06-22,DC002,SKU008,13,1,0,287,13,0,80,128,0
2026-06-23,DC002,SKU008,18,1,0,274,32,0,80,128,0
2026-06-24,DC002,SKU008,10,1,0,256,22,0,80,128,0
2026-06-25,DC002,SKU008,11,1,0,246,9,0,80,128,0
2026-06-26,DC002,SKU008,12,1,0,235,18,0,80,128,0
2026-06-27,DC002,SKU008,17,1,0,223,18,0,80,128,0
2026-06-28,DC002,SKU008,15,1,0,206,8,0,80,128,0
2026-06-29,DC002,SKU008,20,1,1,191,1,0,80,128,0
2026-06-30,DC002,SKU008,11,1,0,171,18,0,80,128,0
2026-07-01,DC002,SKU008,19,1,0,160,9,0,80,128,0
2026-07-02,DC002,SKU008,12,1,0,141,8,0,80,128,0
2026-07-03,DC002,SKU008,8,1,0,129,9,183,80,128,0
2026-07-04,DC002,SKU008,14,1,0,304,25,0,80,128,0
2026-07-05,DC002,SKU008,11,1,0,290,16,0,80,128,0
2026-07-06,DC002,SKU008,11,1,0,279,40,0,80,128,0
2026-07-07,DC002,SKU008,17,1,0,268,17,0,80,128,0
2026-07-08,DC002,SKU008,13,1,0,251,8,0,80,128,0
2026-07-09,DC002,SKU008,17,1,0,238,27,0,80,128,0
2026-07-10,DC002,SKU008,14,1,0,221,23,0,80,128,0
2026-07-11,DC002,SKU008,11,1,0,207,0,0,80,128,0
2026-07-12,DC002,SKU008,12,1,0,196,10,0,80,128,0
2026-07-13,DC002,SKU008,14,1,0,184,7,0,80,128,0
2026-07-14,DC002,SKU008,13,1,0,170,12,0,80,128,0
2026-07-15,DC002,SKU008,12,1,0,157,3,0,80,128,0
2026-07-16,DC002,SKU008,11,1,0,145,16,0,80,128,0
2026-07-17,DC002,SKU008,16,1,0,134,2,0,80,128,0
2026-07-18,DC002,SKU008,16,1,0,118,14,166,80,128,0
2026-07-19,DC002,SKU008,15,1,0,268,18,0,80,128,0
2026-07-20,DC002,SKU008,12,1,0,253,28,0,80,128,0
2026-07-21,DC002,SKU008,16,1,0,241,0,0,80,128,0
2026-07-22,DC002,SKU008,12,1,1,225,28,0,80,128,0
2026-07-23,DC002,SKU008,16,1,0,213,25,0,80,128,0
2026-07-24,DC002,SKU008,10,1,0,197,1,0,80,128,0
2026-07-25,DC002,SKU008,11,1,0,187,13,0,80,128,0
2026-07-26,DC002,SKU008,13,0,0,176,5,0,80,128,0
2026-07-27,DC002,SKU008,14,0,0,163,22,0,80,128,0
2026-07-28,DC002,SKU008,10,0,0,149,21,0,80,128,0
2026-07-29,DC002,SKU008,13,0,0,139,13,0,80,128,0
2026-07-30,DC002,SKU008,14,0,0,126,3,0,80,128,0
2026-07-31,DC002,SKU008,13,0,0,112,13,0,80,128,0
2026-08-01,DC002,SKU008,10,0,0,99,14,0,80,128,0
2026-08-02,DC002,SKU008,10,0,0,89,9,0,80,128,0
2026-08-03,DC002,SKU008,9,0,0,79,9,169,80,128,0
2026-08-04,DC002,SKU008,13,0,0,239,9,0,80,128,0
2026-08-05,DC002,SKU008,14,0,0,226,19,0,80,128,0
2026-08-06,DC002,SKU008,11,0,0,212,29,0,80,128,0
2026-08-07,DC002,SKU008,19,0,0,201,6,0,80,128,0
2026-08-08,DC002,SKU008,15,0,0,182,21,0,80,128,0
2026-08-09,DC002,SKU008,19,0,0,167,15,0,80,128,0
2026-08-10,DC002,SKU008,11,0,0,148,18,0,80,128,0
2026-08-11,DC002,SKU008,14,0,0,137,15,0,80,128,0
2026-08-12,DC002,SKU008,11,0,0,123,6,0,80,128,0
2026-08-13,DC002,SKU008,20,0,0,112,12,0,80,128,0
2026-04-16,DC002,SKU009,42,0,0,672,47,0,176,282,0
2026-04-17,DC002,SKU009,31,0,0,630,72,0,176,282,0
2026-04-18,DC002,SKU009,38,0,0,599,14,0,176,282,0
2026-04-19,DC002,SKU009,30,0,0,561,10,0,176,282,0
2026-04-20,DC002,SKU009,35,0,1,531,58,0,176,282,0
2026-04-21,DC002,SKU009,35,0,0,496,63,0,176,282,0
2026-04-22,DC002,SKU009,39,0,0,461,7,0,176,282,0
2026-04-23,DC002,SKU009,24,0,0,422,53,0,176,282,0
2026-04-24,DC002,SKU009,32,0,0,398,38,0,176,282,0
2026-04-25,DC002,SKU009,50,0,0,366,3,0,176,282,0
2026-04-26,DC002,SKU009,31,0,0,316,3,0,176,282,0
2026-04-27,DC002,SKU009,39,0,0,285,14,591,176,282,0
2026-04-28,DC002,SKU009,22,0,0,837,114,0,176,282,0
2026-04-29,DC002,SKU009,29,0,0,815,34,0,176,282,0
2026-04-30,DC002,SKU009,26,0,0,786,70,0,176,282,0
2026-05-01,DC002,SKU009,27,0,0,760,6,0,176,282,0
2026-05-02,DC002,SKU009,35,0,0,733,46,0,176,282,0
2026-05-03,DC002,SKU009,44,0,0,698,38,0,176,282,0
2026-05-04,DC002,SKU009,33,0,0,654,87,0,176,282,0
2026-05-05,DC002,SKU009,29,0,0,621,17,0,176,282,0
2026-05-06,DC002,SKU009,28,0,0,592,72,0,176,282,0
2026-05-07,DC002,SKU009,33,0,0,564,61,0,176,282,0
2026-05-08,DC002,SKU009,38,0,0,531,66,0,176,282,0
2026-05-09,DC002,SKU009,48,0,1,493,1,0,176,282,0
2026-05-10,DC002,SKU009,33,0,0,445,61,0,176,282,0
2026-05-11,DC002,SKU009,23,0,0,412,52,0,176,282,0
2026-05-12,DC002,SKU009,43,0,1,389,5,0,176,282,0
2026-05-13,DC002,SKU009,30,0,0,346,23,0,176,282,0
2026-05-14,DC002,SKU009,30,0,0,316,1,0,176,282,0
2026-05-15,DC002,SKU009,29,0,0,286,11,0,176,282,0
2026-05-16,DC002,SKU009,36,0,0,257,3,0,176,282,0
2026-05-17,DC002,SKU009,48,0,0,221,27,0,176,282,0
2026-05-18,DC002,SKU009,30,0,0,173,0,0,176,282,1
2026-05-19,DC002,SKU009,29,0,0,143,10,0,176,282,1
2026-05-20,DC002,SKU009,23,0,0,114,4,0,176,282,1
2026-05-21,DC002,SKU009,38,0,0,91,6,0,176,282,1
2026-05-22,DC002,SKU009,24,0,0,53,1,431,176,282,0
2026-05-23,DC002,SKU009,43,0,0,460,52,0,176,282,0
2026-05-24,DC002,SKU009,35,0,0,417,35,0,176,282,0
2026-05-25,DC002,SKU009,21,0,0,382,31,0,176,282,0
2026-05-26,DC002,SKU009,44,0,0,361,5,0,176,282,0
2026-05-27,DC002,SKU009,35,0,0,317,6,0,176,282,0
2026-05-28,DC002,SKU009,37,0,1,282,7,0,176,282,0
2026-05-29,DC002,SKU009,27,0,0,245,34,0,176,282,0
2026-05-30,DC002,SKU009,20,0,0,218,29,0,176,282,0
2026-05-31,DC002,SKU009,38,0,0,198,9,0,176,282,0
2026-06-01,DC002,SKU009,36,0,1,160,7,0,176,282,1
2026-06-02,DC002,SKU009,41,0,0,124,2,0,176,282,1
2026-06-03,DC002,SKU009,31,0,0,83,2,0,176,282,1
2026-06-04,DC002,SKU009,36,0,0,52,1,0,176,282,1
2026-06-05,DC002,SKU009,40,0,0,16,1,0,176,282,1
2026-06-06,DC002,SKU009,36,0,0,0,0,0,176,282,1
2026-06-07,DC002,SKU009,29,0,0,0,0,396,176,282,0
2026-06-08,DC002,SKU009,32,0,0,367,14,0,176,282,0
2026-06-09,DC002,SKU009,34,0,0,335,33,0,176,282,0
2026-06-10,DC002,SKU009,44,0,1,301,44,0,176,282,0
2026-06-11,DC002,SKU009,23,0,0,257,34,0,176,282,0
2026-06-12,DC002,SKU009,41,0,0,234,3,0,176,282,0
2026-06-13,DC002,SKU009,34,0,0,193,22,0,176,282,1
2026-06-14,DC002,SKU009,21,0,0,159,0,0,176,282,1
2026-06-15,DC002,SKU009,30,1,0,138,18,0,176,282,1
2026-06-16,DC002,SKU009,41,1,0,108,7,0,176,282,1
2026-06-17,DC002,SKU009,18,1,0,67,2,506,176,282,0
2026-06-18,DC002,SKU009,34,1,0,555,12,0,176,282,0
2026-06-19,DC002,SKU009,39,1,0,521,39,0,176,282,0
2026-06-20,DC002,SKU009,37,1,0,482,67,0,176,282,0
2026-06-21,DC002,SKU009,22,1,0,445,65,0,176,282,0
2026-06-22,DC002,SKU009,38,1,0,423,12,0,176,282,0
2026-06-23,DC002,SKU009,41,1,0,385,37,0,176,282,0
2026-06-24,DC002,SKU009,46,1,0,344,1,0,176,282,0
2026-06-25,DC002,SKU009,27,1,0,298,33,0,176,282,0
2026-06-26,DC002,SKU009,43,1,0,271,6,0,176,282,0
2026-06-27,DC002,SKU009,29,1,0,228,20,0,176,282,0
2026-06-28,DC002,SKU009,39,1,0,199,5,0,176,282,0
2026-06-29,DC002,SKU009,25,1,0,160,6,0,176,282,1
2026-06-30,DC002,SKU009,37,1,0,135,3,0,176,282,1
2026-07-01,DC002,SKU009,37,1,1,98,1,352,176,282,0
2026-07-02,DC002,SKU009,45,1,0,413,5,0,176,282,0
2026-07-03,DC002,SKU009,34,1,0,368,4,0,176,282,0
2026-07-04,DC002,SKU009,36,1,0,334,24,0,176,282,0
2026-07-05,DC002,SKU009,43,1,0,298,44,0,176,282,0
2026-07-06,DC002,SKU009,38,1,0,255,17,324,176,282,0
2026-07-07,DC002,SKU009,38,1,0,541,44,0,176,282,0
2026-07-08,DC002,SKU009,54,1,1,503,35,0,176,282,0
2026-07-09,DC002,SKU009,43,1,0,449,52,0,176,282,0
2026-07-10,DC002,SKU009,22,1,0,406,31,0,176,282,0
2026-07-11,DC002,SKU009,38,1,0,384,13,0,176,282,0
2026-07-12,DC002,SKU009,30,1,0,346,2,0,176,282,0
2026-07-13,DC002,SKU009,21,1,0,316,10,0,176,282,0
2026-07-14,DC002,SKU009,28,1,0,295,36,0,176,282,0
2026-07-15,DC002,SKU009,15,1,0,267,36,453,176,282,0
2026-07-16,DC002,SKU009,28,1,0,705,52,0,176,282,0
2026-07-17,DC002,SKU009,23,1,0,677,52,0,176,282,0
2026-07-18,DC002,SKU009,32,1,0,654,18,0,176,282,0
2026-07-19,DC002,SKU009,34,1,1,622,58,0,176,282,0
2026-07-20,DC002,SKU009,42,1,0,588,59,0,176,282,0
2026-07-21,DC002,SKU009,21,1,0,546,52,0,176,282,0
2026-07-22,DC002,SKU009,22,1,0,525,66,0,176,282,0
2026-07-23,DC002,SKU009,30,1,0,503,47,0,176,282,0
2026-07-24,DC002,SKU009,30,1,0,473,1,0,176,282,0
2026-07-25,DC002,SKU009,38,1,0,443,13,0,176,282,0
2026-07-26,DC002,SKU009,37,0,0,405,31,0,176,282,0
2026-07-27,DC002,SKU009,24,0,0,368,8,0,176,282,0
2026-07-28,DC002,SKU009,23,0,0,344,40,0,176,282,0
2026-07-29,DC002,SKU009,32,0,0,321,46,0,176,282,0
2026-07-30,DC002,SKU009,29,0,0,289,24,0,176,282,0
2026-07-31,DC002,SKU009,21,0,0,260,21,537,176,282,0
2026-08-01,DC002,SKU009,39,0,0,776,112,0,176,282,0
2026-08-02,DC002,SKU009,32,0,0,737,78,0,176,282,0
2026-08-03,DC002,SKU009,29,0,0,705,20,0,176,282,0
2026-08-04,DC002,SKU009,17,0,0,676,87,0,176,282,0
2026-08-05,DC002,SKU009,33,0,0,659,79,0,176,282,0
2026-08-06,DC002,SKU009,27,0,0,626,78,0,176,282,0
2026-08-07,DC002,SKU009,40,0,0,599,49,0,176,282,0
2026-08-08,DC002,SKU009,18,0,0,559,22,0,176,282,0
2026-08-09,DC002,SKU009,30,0,0,541,12,0,176,282,0
2026-08-10,DC002,SKU009,24,0,0,511,3,0,176,282,0
2026-08-11,DC002,SKU009,37,0,0,487,68,0,176,282,0
2026-08-12,DC002,SKU009,38,0,1,450,58,0,176,282,0
2026-08-13,DC002,SKU009,50,0,0,412,42,0,176,282,0
2026-04-16,DC002,SKU010,15,0,0,294,36,0,80,128,0
2026-04-17,DC002,SKU010,17,0,1,279,19,0,80,128,0
2026-04-18,DC002,SKU010,12,0,0,262,15,0,80,128,0
2026-04-19,DC002,SKU010,8,0,0,250,36,0,80,128,0
2026-04-20,DC002,SKU010,13,0,0,242,22,0,80,128,0
2026-04-21,DC002,SKU010,16,0,0,229,12,0,80,128,0
2026-04-22,DC002,SKU010,9,0,0,213,29,0,80,128,0
2026-04-23,DC002,SKU010,10,0,0,204,3,0,80,128,0
2026-04-24,DC002,SKU010,11,0,0,194,18,0,80,128,0
2026-04-25,DC002,SKU010,13,0,0,183,14,0,80,128,0
2026-04-26,DC002,SKU010,20,0,1,170,12,0,80,128,0
2026-04-27,DC002,SKU010,10,0,0,150,19,0,80,128,0
2026-04-28,DC002,SKU010,16,0,0,140,19,0,80,128,0
2026-04-29,DC002,SKU010,11,0,0,124,5,0,80,128,0
2026-04-30,DC002,SKU010,14,0,0,113,8,0,80,128,0
2026-05-01,DC002,SKU010,19,0,0,99,2,0,80,128,0
2026-05-02,DC002,SKU010,12,0,0,80,4,0,80,128,1
2026-05-03,DC002,SKU010,11,0,0,68,8,0,80,128,1
2026-05-04,DC002,SKU010,14,0,0,57,1,0,80,128,1
2026-05-05,DC002,SKU010,12,0,0,43,2,0,80,128,1
2026-05-06,DC002,SKU010,14,0,0,31,0,0,80,128,1
2026-05-07,DC002,SKU010,11,0,0,17,1,0,80,128,1
2026-05-08,DC002,SKU010,9,0,0,6,0,0,80,128,1
2026-05-09,DC002,SKU010,22,0,0,0,0,0,80,128,1
2026-05-10,DC002,SKU010,11,0,0,0,0,0,80,128,1
2026-05-11,DC002,SKU010,13,0,0,0,0,0,80,128,1
2026-05-12,DC002,SKU010,17,0,0,0,0,0,80,128,1
2026-05-13,DC002,SKU010,12,0,0,0,0,0,80,128,1
2026-05-14,DC002,SKU010,14,0,0,0,0,0,80,128,1
2026-05-15,DC002,SKU010,16,0,0,0,0,0,80,128,1
2026-05-16,DC002,SKU010,17,0,0,0,0,0,80,128,1
2026-05-17,DC002,SKU010,14,0,0,0,0,0,80,128,1
2026-05-18,DC002,SKU010,13,0,0,0,0,0,80,128,1
2026-05-19,DC002,SKU010,13,0,0,0,0,0,80,128,1
2026-05-20,DC002,SKU010,19,0,0,0,0,0,80,128,1
2026-05-21,DC002,SKU010,18,0,1,0,0,0,80,128,1
2026-05-22,DC002,SKU010,14,0,0,0,0,0,80,128,1
2026-05-23,DC002,SKU010,20,0,0,0,0,0,80,128,1
2026-05-24,DC002,SKU010,12,0,0,0,0,0,80,128,1
2026-05-25,DC002,SKU010,12,0,0,0,0,251,80,128,0
2026-05-26,DC002,SKU010,11,0,0,239,33,0,80,128,0
2026-05-27,DC002,SKU010,11,0,0,228,23,0,80,128,0
2026-05-28,DC002,SKU010,18,0,0,217,6,0,80,128,0
2026-05-29,DC002,SKU010,8,0,0,199,17,0,80,128,0
2026-05-30,DC002,SKU010,15,0,0,191,9,0,80,128,0
2026-05-31,DC002,SKU010,15,0,0,176,2,0,80,128,0
2026-06-01,DC002,SKU010,12,0,0,161,21,0,80,128,0
2026-06-02,DC002,SKU010,20,0,0,149,6,0,80,128,0
2026-06-03,DC002,SKU010,8,0,0,129,13,0,80,128,0
2026-06-04,DC002,SKU010,12,0,0,121,17,0,80,128,0
2026-06-05,DC002,SKU010,18,0,0,109,7,0,80,128,0
2026-06-06,DC002,SKU010,11,0,0,91,13,0,80,128,1
2026-06-07,DC002,SKU010,13,0,0,80,3,0,80,128,1
2026-06-08,DC002,SKU010,21,0,1,67,5,0,80,128,1
2026-06-09,DC002,SKU010,12,0,0,46,2,0,80,128,1
2026-06-10,DC002,SKU010,11,0,0,34,2,0,80,128,1
2026-06-11,DC002,SKU010,13,0,0,23,2,0,80,128,1
2026-06-12,DC002,SKU010,14,0,0,10,0,0,80,128,1
2026-06-13,DC002,SKU010,16,0,0,0,0,0,80,128,1
2026-06-14,DC002,SKU010,11,0,0,0,0,258,80,128,0
2026-06-15,DC002,SKU010,17,1,1,247,11,0,80,128,0
2026-06-16,DC002,SKU010,15,1,0,230,0,0,80,128,0
2026-06-17,DC002,SKU010,14,1,0,215,5,0,80,128,0
2026-06-18,DC002,SKU010,11,1,0,201,17,0,80,128,0
2026-06-19,DC002,SKU010,16,1,0,190,12,0,80,128,0
2026-06-20,DC002,SKU010,12,1,0,174,13,0,80,128,0
2026-06-21,DC002,SKU010,12,1,0,162,13,0,80,128,0
2026-06-22,DC002,SKU010,12,1,0,150,9,0,80,128,0
2026-06-23,DC002,SKU010,20,1,0,138,11,0,80,128,0
2026-06-24,DC002,SKU010,13,1,0,118,9,0,80,128,0
2026-06-25,DC002,SKU010,8,1,0,105,12,0,80,128,0
2026-06-26,DC002,SKU010,11,1,1,97,12,244,80,128,0
2026-06-27,DC002,SKU010,10,1,0,330,16,0,80,128,0
2026-06-28,DC002,SKU010,19,1,0,320,27,0,80,128,0
2026-06-29,DC002,SKU010,14,1,0,301,33,0,80,128,0
2026-06-30,DC002,SKU010,11,1,0,287,38,0,80,128,0
2026-07-01,DC002,SKU010,11,1,0,276,18,0,80,128,0
2026-07-02,DC002,SKU010,12,1,0,265,22,0,80,128,0
2026-07-03,DC002,SKU010,14,1,0,253,3,0,80,128,0
2026-07-04,DC002,SKU010,18,1,0,239,11,0,80,128,0
2026-07-05,DC002,SKU010,13,1,0,221,1,0,80,128,0
2026-07-06,DC002,SKU010,13,1,0,208,26,0,80,128,0
2026-07-07,DC002,SKU010,14,1,0,195,18,0,80,128,0
2026-07-08,DC002,SKU010,15,1,0,181,8,0,80,128,0
2026-07-09,DC002,SKU010,14,1,0,166,10,0,80,128,0
2026-07-10,DC002,SKU010,13,1,0,152,10,0,80,128,0
2026-07-11,DC002,SKU010,8,1,0,139,1,0,80,128,0
2026-07-12,DC002,SKU010,14,1,0,131,15,248,80,128,0
2026-07-13,DC002,SKU010,9,1,0,365,47,0,80,128,0
2026-07-14,DC002,SKU010,12,1,0,356,29,0,80,128,0
2026-07-15,DC002,SKU010,13,1,0,344,9,0,80,128,0
2026-07-16,DC002,SKU010,11,1,0,331,32,0,80,128,0
2026-07-17,DC002,SKU010,10,1,0,320,31,0,80,128,0
2026-07-18,DC002,SKU010,12,1,0,310,34,0,80,128,0
2026-07-19,DC002,SKU010,18,1,0,298,6,0,80,128,0
2026-07-20,DC002,SKU010,14,1,0,280,16,0,80,128,0
2026-07-21,DC002,SKU010,13,1,0,266,14,0,80,128,0
2026-07-22,DC002,SKU010,13,1,0,253,23,0,80,128,0
2026-07-23,DC002,SKU010,14,1,0,240,30,0,80,128,0
2026-07-24,DC002,SKU010,14,1,0,226,7,0,80,128,0
2026-07-25,DC002,SKU010,18,1,0,212,6,0,80,128,0
2026-07-26,DC002,SKU010,15,0,0,194,10,0,80,128,0
2026-07-27,DC002,SKU010,18,0,0,179,20,0,80,128,0
2026-07-28,DC002,SKU010,13,0,0,161,13,0,80,128,0
2026-07-29,DC002,SKU010,15,0,0,148,4,0,80,128,0
2026-07-30,DC002,SKU010,16,0,1,133,17,0,80,128,0
2026-07-31,DC002,SKU010,15,0,0,117,14,0,80,128,0
2026-08-01,DC002,SKU010,14,0,0,102,5,0,80,128,0
2026-08-02,DC002,SKU010,7,0,0,88,7,0,80,128,0
2026-08-03,DC002,SKU010,22,0,1,81,10,0,80,128,1
2026-08-04,DC002,SKU010,16,0,0,59,0,0,80,128,1
2026-08-05,DC002,SKU010,11,0,0,43,1,141,80,128,0
2026-08-06,DC002,SKU010,14,0,0,173,4,0,80,128,0
2026-08-07,DC002,SKU010,16,0,0,159,11,0,80,128,0
2026-08-08,DC002,SKU010,16,0,0,143,9,0,80,128,0
2026-08-09,DC002,SKU010,11,0,0,127,8,251,80,128,0
2026-08-10,DC002,SKU010,13,0,0,367,52,0,80,128,0
2026-08-11,DC002,SKU010,14,0,0,354,46,0,80,128,0
2026-08-12,DC002,SKU010,13,0,0,340,37,0,80,128,0
2026-08-13,DC002,SKU010,15,0,0,327,9,0,80,128,0
2026-04-16,DC002,SKU011,31,0,0,630,59,0,176,282,0
2026-04-17,DC002,SKU011,23,0,0,599,59,0,176,282,0
2026-04-18,DC002,SKU011,17,0,0,576,81,0,176,282,0
2026-04-19,DC002,SKU011,33,0,0,559,81,0,176,282,0
2026-04-20,DC002,SKU011,28,0,1,526,0,0,176,282,0
2026-04-21,DC002,SKU011,25,0,0,498,50,0,176,282,0
2026-04-22,DC002,SKU011,37,0,0,473,49,0,176,282,0
2026-04-23,DC002,SKU011,30,0,0,436,24,0,176,282,0
2026-04-24,DC002,SKU011,33,0,0,406,22,0,176,282,0
2026-04-25,DC002,SKU011,22,0,0,373,42,0,176,282,0
2026-04-26,DC002,SKU011,21,0,0,351,40,0,176,282,0
2026-04-27,DC002,SKU011,25,0,0,330,11,0,176,282,0
2026-04-28,DC002,SKU011,33,0,0,305,10,0,176,282,0
2026-04-29,DC002,SKU011,25,0,0,272,18,0,176,282,0
2026-04-30,DC002,SKU011,28,0,0,247,0,0,176,282,0
2026-05-01,DC002,SKU011,37,0,0,219,18,0,176,282,0
2026-05-02,DC002,SKU011,22,0,0,182,20,0,176,282,1
2026-05-03,DC002,SKU011,33,0,0,160,1,0,176,282,1
2026-05-04,DC002,SKU011,34,0,0,127,12,0,176,282,1
2026-05-05,DC002,SKU011,25,0,0,93,6,0,176,282,1
2026-05-06,DC002,SKU011,25,0,0,68,2,301,176,282,0
2026-05-07,DC002,SKU011,42,0,0,344,38,0,176,282,0
2026-05-08,DC002,SKU011,36,0,0,302,32,0,176,282,0
2026-05-09,DC002,SKU011,30,0,0,266,8,514,176,282,0
2026-05-10,DC002,SKU011,25,0,0,750,92,0,176,282,0
2026-05-11,DC002,SKU011,38,0,0,725,18,0,176,282,0
2026-05-12,DC002,SKU011,17,0,0,687,78,0,176,282,0
2026-05-13,DC002,SKU011,22,0,0,670,35,0,176,282,0
2026-05-14,DC002,SKU011,23,0,0,648,75,0,176,282,0
2026-05-15,DC002,SKU011,19,0,0,625,60,0,176,282,0
2026-05-16,DC002,SKU011,34,0,0,606,80,0,176,282,0
2026-05-17,DC002,SKU011,42,0,0,572,17,0,176,282,0
2026-05-18,DC002,SKU011,25,0,0,530,75,0,176,282,0
2026-05-19,DC002,SKU011,29,0,0,505,52,0,176,282,0
2026-05-20,DC002,SKU011,30,0,0,476,16,0,176,282,0
2026-05-21,DC002,SKU011,38,0,0,446,24,0,176,282,0
2026-05-22,DC002,SKU011,33,0,0,408,35,0,176,282,0
2026-05-23,DC002,SKU011,30,0,0,375,36,0,176,282,0
2026-05-24,DC002,SKU011,29,0,0,345,44,0,176,282,0
2026-05-25,DC002,SKU011,38,0,0,316,6,0,176,282,0
2026-05-26,DC002,SKU011,36,0,0,278,39,450,176,282,0
2026-05-27,DC002,SKU011,31,0,0,692,64,0,176,282,0
2026-05-28,DC002,SKU011,33,0,0,661,70,0,176,282,0
2026-05-29,DC002,SKU011,17,0,0,628,76,0,176,282,0
2026-05-30,DC002,SKU011,28,0,0,611,9,0,176,282,0
2026-05-31,DC002,SKU011,32,0,0,583,7,0,176,282,0
2026-06-01,DC002,SKU011,13,0,0,551,5,0,176,282,0
2026-06-02,DC002,SKU011,33,0,0,538,47,0,176,282,0
2026-06-03,DC002,SKU011,28,0,0,505,34,0,176,282,0
2026-06-04,DC002,SKU011,34,0,0,477,7,0,176,282,0
2026-06-05,DC002,SKU011,24,0,0,443,25,0,176,282,0
2026-06-06,DC002,SKU011,28,0,0,419,32,0,176,282,0
2026-06-07,DC002,SKU011,29,0,0,391,48,0,176,282,0
2026-06-08,DC002,SKU011,34,0,1,362,46,0,176,282,0
2026-06-09,DC002,SKU011,26,0,0,328,30,0,176,282,0
2026-06-10,DC002,SKU011,37,0,0,302,2,0,176,282,0
2026-06-11,DC002,SKU011,27,0,0,265,20,0,176,282,0
2026-06-12,DC002,SKU011,24,0,0,238,23,0,176,282,0
2026-06-13,DC002,SKU011,11,0,0,214,27,0,176,282,0
2026-06-14,DC002,SKU011,29,0,1,203,19,567,176,282,0
2026-06-15,DC002,SKU011,47,1,0,741,30,0,176,282,0
2026-06-16,DC002,SKU011,29,1,0,694,61,0,176,282,0
2026-06-17,DC002,SKU011,33,1,0,665,41,0,176,282,0
2026-06-18,DC002,SKU011,26,1,0,632,82,0,176,282,0
2026-06-19,DC002,SKU011,21,1,0,606,70,0,176,282,0
2026-06-20,DC002,SKU011,26,1,0,585,16,0,176,282,0
2026-06-21,DC002,SKU011,30,1,0,559,55,0,176,282,0
2026-06-22,DC002,SKU011,28,1,0,529,25,0,176,282,0
2026-06-23,DC002,SKU011,27,1,0,501,69,0,176,282,0
2026-06-24,DC002,SKU011,31,1,0,474,71,0,176,282,0
2026-06-25,DC002,SKU011,24,1,0,443,5,0,176,282,0
2026-06-26,DC002,SKU011,35,1,0,419,53,0,176,282,0
2026-06-27,DC002,SKU011,33,1,0,384,49,0,176,282,0
2026-06-28,DC002,SKU011,42,1,0,351,27,0,176,282,0
2026-06-29,DC002,SKU011,35,1,0,309,7,0,176,282,0
2026-06-30,DC002,SKU011,27,1,0,274,23,0,176,282,0
2026-07-01,DC002,SKU011,34,1,0,247,9,0,176,282,0
2026-07-02,DC002,SKU011,29,1,0,213,14,0,176,282,0
2026-07-03,DC002,SKU011,46,1,0,184,19,0,176,282,1
2026-07-04,DC002,SKU011,19,1,0,138,7,0,176,282,1
2026-07-05,DC002,SKU011,32,1,0,119,11,0,176,282,1
2026-07-06,DC002,SKU011,35,1,0,87,6,0,176,282,1
2026-07-07,DC002,SKU011,31,1,0,52,2,0,176,282,1
2026-07-08,DC002,SKU011,33,1,0,21,0,0,176,282,1
2026-07-09,DC002,SKU011,36,1,0,0,0,0,176,282,1
2026-07-10,DC002,SKU011,32,1,0,0,0,0,176,282,1
2026-07-11,DC002,SKU011,33,1,0,0,0,0,176,282,1
2026-07-12,DC002,SKU011,31,1,0,0,0,0,176,282,1
2026-07-13,DC002,SKU011,35,1,1,0,0,0,176,282,1
2026-07-14,DC002,SKU011,36,1,0,0,0,440,176,282,0
2026-07-15,DC002,SKU011,36,1,0,404,57,0,176,282,0
2026-07-16,DC002,SKU011,34,1,0,368,14,0,176,282,0
2026-07-17,DC002,SKU011,32,1,0,334,34,0,176,282,0
2026-07-18,DC002,SKU011,40,1,0,302,32,0,176,282,0
2026-07-19,DC002,SKU011,29,1,0,262,15,306,176,282,0
2026-07-20,DC002,SKU011,26,1,0,539,52,0,176,282,0
2026-07-21,DC002,SKU011,34,1,0,513,12,0,176,282,0
2026-07-22,DC002,SKU011,31,1,0,479,54,0,176,282,0
2026-07-23,DC002,SKU011,31,1,0,448,2,0,176,282,0
2026-07-24,DC002,SKU011,32,1,0,417,3,0,176,282,0
2026-07-25,DC002,SKU011,52,1,0,385,15,0,176,282,0
2026-07-26,DC002,SKU011,36,0,0,333,18,0,176,282,0
2026-07-27,DC002,SKU011,38,0,1,297,18,0,176,282,0
2026-07-28,DC002,SKU011,16,0,0,259,31,0,176,282,0
2026-07-29,DC002,SKU011,40,0,0,243,26,0,176,282,0
2026-07-30,DC002,SKU011,19,0,0,203,17,0,176,282,0
2026-07-31,DC002,SKU011,29,0,0,184,12,0,176,282,1
2026-08-01,DC002,SKU011,28,0,0,155,19,0,176,282,1
2026-08-02,DC002,SKU011,34,0,0,127,14,0,176,282,1
2026-08-03,DC002,SKU011,27,0,0,93,1,0,176,282,1
2026-08-04,DC002,SKU011,36,0,0,66,6,309,176,282,0
2026-08-05,DC002,SKU011,20,0,0,339,28,0,176,282,0
2026-08-06,DC002,SKU011,30,0,0,319,36,0,176,282,0
2026-08-07,DC002,SKU011,35,0,0,289,32,411,176,282,0
2026-08-08,DC002,SKU011,27,0,0,665,44,0,176,282,0
2026-08-09,DC002,SKU011,38,0,0,638,74,0,176,282,0
2026-08-10,DC002,SKU011,38,0,0,600,50,0,176,282,0
2026-08-11,DC002,SKU011,21,0,0,562,26,0,176,282,0
2026-08-12,DC002,SKU011,34,0,0,541,1,0,176,282,0
2026-08-13,DC002,SKU011,24,0,0,507,35,0,176,282,0
2026-04-16,DC002,SKU012,66,0,0,1365,75,0,320,512,0
2026-04-17,DC002,SKU012,59,0,0,1299,162,0,320,512,0
2026-04-18,DC002,SKU012,89,0,0,1240,46,0,320,512,0
2026-04-19,DC002,SKU012,88,0,0,1151,144,0,320,512,0
2026-04-20,DC002,SKU012,72,0,0,1063,9,0,320,512,0
2026-04-21,DC002,SKU012,25,0,0,991,72,0,320,512,0
2026-04-22,DC002,SKU012,74,0,0,966,136,0,320,512,0
2026-04-23,DC002,SKU012,79,0,0,892,125,0,320,512,0
2026-04-24,DC002,SKU012,71,0,0,813,78,0,320,512,0
2026-04-25,DC002,SKU012,79,0,1,742,80,0,320,512,0
2026-04-26,DC002,SKU012,72,0,0,663,66,0,320,512,0
2026-04-27,DC002,SKU012,91,0,0,591,8,0,320,512,0
2026-04-28,DC002,SKU012,82,0,0,500,45,784,320,512,0
2026-04-29,DC002,SKU012,38,0,0,1202,23,0,320,512,0
2026-04-30,DC002,SKU012,55,0,0,1164,85,0,320,512,0
2026-05-01,DC002,SKU012,83,0,0,1109,37,0,320,512,0
2026-05-02,DC002,SKU012,92,0,0,1026,138,0,320,512,0
2026-05-03,DC002,SKU012,76,0,0,934,108,0,320,512,0
2026-05-04,DC002,SKU012,63,0,0,858,18,0,320,512,0
2026-05-05,DC002,SKU012,59,0,0,795,78,0,320,512,0
2026-05-06,DC002,SKU012,66,0,1,736,47,0,320,512,0
2026-05-07,DC002,SKU012,78,0,0,670,43,0,320,512,0
2026-05-08,DC002,SKU012,62,0,0,592,67,0,320,512,0
2026-05-09,DC002,SKU012,52,0,0,530,32,0,320,512,0
2026-05-10,DC002,SKU012,92,0,0,478,43,1058,320,512,0
2026-05-11,DC002,SKU012,59,0,0,1444,110,0,320,512,0
2026-05-12,DC002,SKU012,62,0,0,1385,58,0,320,512,0
2026-05-13,DC002,SKU012,85,0,0,1323,173,0,320,512,0
2026-05-14,DC002,SKU012,39,0,0,1238,143,0,320,512,0
2026-05-15,DC002,SKU012,59,0,0,1199,63,0,320,512,0
2026-05-16,DC002,SKU012,68,0,0,1140,122,0,320,512,0
2026-05-17,DC002,SKU012,87,0,0,1072,145,0,320,512,0
2026-05-18,DC002,SKU012,81,0,0,985,40,0,320,512,0
2026-05-19,DC002,SKU012,59,0,0,904,41,0,320,512,0
2026-05-20,DC002,SKU012,97,0,0,845,113,0,320,512,0
2026-05-21,DC002,SKU012,56,0,0,748,22,0,320,512,0
2026-05-22,DC002,SKU012,51,0,0,692,9,0,320,512,0
2026-05-23,DC002,SKU012,56,0,0,641,10,0,320,512,0
2026-05-24,DC002,SKU012,44,0,0,585,53,0,320,512,0
2026-05-25,DC002,SKU012,45,0,0,541,61,0,320,512,0
2026-05-26,DC002,SKU012,60,0,0,496,70,0,320,512,0
2026-05-27,DC002,SKU012,70,0,0,436,46,0,320,512,0
2026-05-28,DC002,SKU012,97,0,0,366,2,947,320,512,0
2026-05-29,DC002,SKU012,72,0,0,1216,121,0,320,512,0
2026-05-30,DC002,SKU012,38,0,0,1144,94,0,320,512,0
2026-05-31,DC002,SKU012,59,0,0,1106,3,0,320,512,0
2026-06-01,DC002,SKU012,69,0,1,1047,16,0,320,512,0
2026-06-02,DC002,SKU012,68,0,0,978,68,0,320,512,0
2026-06-03,DC002,SKU012,45,0,0,910,48,0,320,512,0
2026-06-04,DC002,SKU012,108,0,0,865,78,0,320,512,0
2026-06-05,DC002,SKU012,62,0,0,757,50,0,320,512,0
2026-06-06,DC002,SKU012,71,0,0,695,87,0,320,512,0
2026-06-07,DC002,SKU012,73,0,1,624,82,0,320,512,0
2026-06-08,DC002,SKU012,68,0,0,551,13,0,320,512,0
2026-06-09,DC002,SKU012,46,0,0,483,62,0,320,512,0
2026-06-10,DC002,SKU012,54,0,0,437,11,0,320,512,0
2026-06-11,DC002,SKU012,73,0,0,383,54,765,320,512,0
2026-06-12,DC002,SKU012,62,0,0,1075,63,0,320,512,0
2026-06-13,DC002,SKU012,93,0,1,1013,121,0,320,512,0
2026-06-14,DC002,SKU012,34,0,0,920,15,0,320,512,0
2026-06-15,DC002,SKU012,103,1,0,886,102,0,320,512,0
2026-06-16,DC002,SKU012,128,1,0,783,89,0,320,512,0
2026-06-17,DC002,SKU012,110,1,0,655,41,0,320,512,0
2026-06-18,DC002,SKU012,64,1,0,545,28,0,320,512,0
2026-06-19,DC002,SKU012,80,1,0,481,66,0,320,512,0
2026-06-20,DC002,SKU012,125,1,0,401,28,0,320,512,0
2026-06-21,DC002,SKU012,129,1,0,276,25,0,320,512,1
2026-06-22,DC002,SKU012,77,1,0,147,10,1181,320,512,0
2026-06-23,DC002,SKU012,85,1,0,1251,31,0,320,512,0
2026-06-24,DC002,SKU012,88,1,0,1166,107,0,320,512,0
2026-06-25,DC002,SKU012,111,1,0,1078,111,0,320,512,0
2026-06-26,DC002,SKU012,68,1,0,967,79,0,320,512,0
2026-06-27,DC002,SKU012,116,1,0,899,56,0,320,512,0
2026-06-28,DC002,SKU012,85,1,0,783,69,0,320,512,0
2026-06-29,DC002,SKU012,94,1,0,698,41,0,320,512,0
2026-06-30,DC002,SKU012,160,1,0,604,37,0,320,512,0
2026-07-01,DC002,SKU012,96,1,1,444,20,0,320,512,0
2026-07-02,DC002,SKU012,65,1,0,348,39,0,320,512,1
2026-07-03,DC002,SKU012,122,1,0,283,15,1087,320,512,0
2026-07-04,DC002,SKU012,105,1,1,1248,88,0,320,512,0
2026-07-05,DC002,SKU012,93,1,0,1143,79,0,320,512,0
2026-07-06,DC002,SKU012,90,1,0,1050,79,0,320,512,0
2026-07-07,DC002,SKU012,70,1,0,960,78,0,320,512,0
2026-07-08,DC002,SKU012,114,1,0,890,59,0,320,512,0
2026-07-09,DC002,SKU012,81,1,0,776,100,0,320,512,0
2026-07-10,DC002,SKU012,87,1,0,695,64,0,320,512,0
2026-07-11,DC002,SKU012,107,1,1,608,9,0,320,512,0
2026-07-12,DC002,SKU012,88,1,0,501,23,0,320,512,0
2026-07-13,DC002,SKU012,84,1,0,413,38,0,320,512,0
2026-07-14,DC002,SKU012,85,1,0,329,1,1096,320,512,0
2026-07-15,DC002,SKU012,135,1,0,1340,36,0,320,512,0
2026-07-16,DC002,SKU012,73,1,0,1205,131,0,320,512,0
2026-07-17,DC002,SKU012,98,1,0,1132,66,0,320,512,0
2026-07-18,DC002,SKU012,120,1,0,1034,89,0,320,512,0
2026-07-19,DC002,SKU012,43,1,0,914,54,0,320,512,0
2026-07-20,DC002,SKU012,60,1,0,871,63,0,320,512,0
2026-07-21,DC002,SKU012,70,1,0,811,95,0,320,512,0
2026-07-22,DC002,SKU012,44,1,0,741,60,0,320,512,0
2026-07-23,DC002,SKU012,55,1,1,697,104,0,320,512,0
2026-07-24,DC002,SKU012,71,1,0,642,85,0,320,512,0
2026-07-25,DC002,SKU012,103,1,0,571,71,0,320,512,0
2026-07-26,DC002,SKU012,25,0,0,468,23,0,320,512,0
2026-07-27,DC002,SKU012,102,0,1,443,25,0,320,512,0
2026-07-28,DC002,SKU012,70,0,0,341,19,1111,320,512,0
2026-07-29,DC002,SKU012,94,0,0,1382,22,0,320,512,0
2026-07-30,DC002,SKU012,73,0,0,1288,107,0,320,512,0
2026-07-31,DC002,SKU012,85,0,0,1215,165,0,320,512,0
2026-08-01,DC002,SKU012,58,0,0,1130,100,0,320,512,0
2026-08-02,DC002,SKU012,63,0,0,1072,72,0,320,512,0
2026-08-03,DC002,SKU012,91,0,0,1009,77,0,320,512,0
2026-08-04,DC002,SKU012,76,0,0,918,24,0,320,512,0
2026-08-05,DC002,SKU012,66,0,0,842,102,0,320,512,0
2026-08-06,DC002,SKU012,88,0,0,776,100,0,320,512,0
2026-08-07,DC002,SKU012,104,0,0,688,12,0,320,512,0
2026-08-08,DC002,SKU012,35,0,0,584,76,0,320,512,0
2026-08-09,DC002,SKU012,54,0,0,549,21,0,320,512,0
2026-08-10,DC002,SKU012,55,0,1,495,56,0,320,512,0
2026-08-11,DC002,SKU012,64,0,0,440,5,0,320,512,0
2026-08-12,DC002,SKU012,73,0,0,376,51,0,320,512,0
2026-08-13,DC002,SKU012,46,0,0,303,4,0,320,512,1
2026-04-16,DC002,SKU013,73,0,0,1260,125,0,320,512,0
2026-04-17,DC002,SKU013,81,0,0,1187,7,0,320,512,0
2026-04-18,DC002,SKU013,55,0,0,1106,149,0,320,512,0
2026-04-19,DC002,SKU013,91,0,0,1051,46,0,320,512,0
2026-04-20,DC002,SKU013,61,0,0,960,18,0,320,512,0
2026-04-21,DC002,SKU013,82,0,0,899,88,0,320,512,0
2026-04-22,DC002,SKU013,52,0,0,817,96,0,320,512,0
2026-04-23,DC002,SKU013,78,0,0,765,19,0,320,512,0
2026-04-24,DC002,SKU013,87,0,1,687,24,0,320,512,0
2026-04-25,DC002,SKU013,56,0,0,600,87,0,320,512,0
2026-04-26,DC002,SKU013,59,0,1,544,3,0,320,512,0
2026-04-27,DC002,SKU013,76,0,0,485,10,0,320,512,0
2026-04-28,DC002,SKU013,58,0,0,409,21,0,320,512,0
2026-04-29,DC002,SKU013,85,0,0,351,47,0,320,512,1
2026-04-30,DC002,SKU013,44,0,0,266,24,0,320,512,1
2026-05-01,DC002,SKU013,36,0,0,222,13,0,320,512,1
2026-05-02,DC002,SKU013,85,0,0,186,7,811,320,512,0
2026-05-03,DC002,SKU013,52,0,0,912,2,0,320,512,0
2026-05-04,DC002,SKU013,76,0,0,860,9,0,320,512,0
2026-05-05,DC002,SKU013,31,0,0,784,104,0,320,512,0
2026-05-06,DC002,SKU013,37,0,0,753,96,0,320,512,0
2026-05-07,DC002,SKU013,45,0,0,716,67,0,320,512,0
2026-05-08,DC002,SKU013,50,0,0,671,57,0,320,512,0
2026-05-09,DC002,SKU013,78,0,0,621,64,0,320,512,0
2026-05-10,DC002,SKU013,55,0,1,543,18,0,320,512,0
2026-05-11,DC002,SKU013,53,0,0,488,2,785,320,512,0
2026-05-12,DC002,SKU013,36,0,0,1220,30,0,320,512,0
2026-05-13,DC002,SKU013,62,0,0,1184,89,0,320,512,0
2026-05-14,DC002,SKU013,59,0,0,1122,9,0,320,512,0
2026-05-15,DC002,SKU013,70,0,0,1063,52,0,320,512,0
2026-05-16,DC002,SKU013,68,0,0,993,115,0,320,512,0
2026-05-17,DC002,SKU013,33,0,0,925,36,0,320,512,0
2026-05-18,DC002,SKU013,72,0,0,892,120,0,320,512,0
2026-05-19,DC002,SKU013,58,0,0,820,16,0,320,512,0
2026-05-20,DC002,SKU013,55,0,0,762,16,0,320,512,0
2026-05-21,DC002,SKU013,48,0,0,707,100,0,320,512,0
2026-05-22,DC002,SKU013,80,0,0,659,84,0,320,512,0
2026-05-23,DC002,SKU013,33,0,0,579,59,0,320,512,0
2026-05-24,DC002,SKU013,53,0,0,546,6,0,320,512,0
2026-05-25,DC002,SKU013,39,0,0,493,18,0,320,512,0
2026-05-26,DC002,SKU013,59,0,0,454,38,0,320,512,0
2026-05-27,DC002,SKU013,77,0,0,395,11,0,320,512,0
2026-05-28,DC002,SKU013,64,0,0,318,9,0,320,512,1
2026-05-29,DC002,SKU013,50,0,0,254,17,0,320,512,1
2026-05-30,DC002,SKU013,81,0,0,204,8,0,320,512,1
2026-05-31,DC002,SKU013,74,0,0,123,5,0,320,512,1
2026-06-01,DC002,SKU013,61,0,0,49,6,0,320,512,1
2026-06-02,DC002,SKU013,44,0,0,0,0,0,320,512,1
2026-06-03,DC002,SKU013,66,0,0,0,0,0,320,512,1
2026-06-04,DC002,SKU013,66,0,0,0,0,0,320,512,1
2026-06-05,DC002,SKU013,35,0,0,0,0,0,320,512,1
2026-06-06,DC002,SKU013,66,0,0,0,0,0,320,512,1
2026-06-07,DC002,SKU013,57,0,1,0,0,0,320,512,1
2026-06-08,DC002,SKU013,48,0,0,0,0,927,320,512,0
2026-06-09,DC002,SKU013,41,0,0,879,74,0,320,512,0
2026-06-10,DC002,SKU013,76,0,0,838,91,0,320,512,0
2026-06-11,DC002,SKU013,34,0,0,762,73,0,320,512,0
2026-06-12,DC002,SKU013,89,0,0,728,0,0,320,512,0
2026-06-13,DC002,SKU013,58,0,0,639,83,0,320,512,0
2026-06-14,DC002,SKU013,39,0,0,581,41,0,320,512,0
2026-06-15,DC002,SKU013,41,1,0,542,29,0,320,512,0
2026-06-16,DC002,SKU013,53,1,0,501,74,0,320,512,0
2026-06-17,DC002,SKU013,52,1,0,448,16,0,320,512,0
2026-06-18,DC002,SKU013,53,1,0,396,13,0,320,512,0
2026-06-19,DC002,SKU013,63,1,0,343,22,0,320,512,0
2026-06-20,DC002,SKU013,69,1,0,280,12,0,320,512,1
2026-06-21,DC002,SKU013,81,1,0,211,24,0,320,512,1
2026-06-22,DC002,SKU013,56,1,0,130,1,0,320,512,1
2026-06-23,DC002,SKU013,60,1,0,74,9,0,320,512,1
2026-06-24,DC002,SKU013,57,1,0,14,0,0,320,512,1
2026-06-25,DC002,SKU013,69,1,0,0,0,0,320,512,1
2026-06-26,DC002,SKU013,54,1,0,0,0,0,320,512,1
2026-06-27,DC002,SKU013,26,1,0,0,0,0,320,512,1
2026-06-28,DC002,SKU013,67,1,0,0,0,0,320,512,1
2026-06-29,DC002,SKU013,64,1,1,0,0,612,320,512,0
2026-06-30,DC002,SKU013,64,1,0,548,51,0,320,512,0
2026-07-01,DC002,SKU013,77,1,0,484,59,0,320,512,0
2026-07-02,DC002,SKU013,36,1,0,407,26,0,320,512,0
2026-07-03,DC002,SKU013,36,1,0,371,9,1030,320,512,0
2026-07-04,DC002,SKU013,59,1,0,1365,49,0,320,512,0
2026-07-05,DC002,SKU013,27,1,0,1306,132,0,320,512,0
2026-07-06,DC002,SKU013,94,1,1,1279,23,0,320,512,0
2026-07-07,DC002,SKU013,40,1,0,1185,11,0,320,512,0
2026-07-08,DC002,SKU013,44,1,0,1145,118,0,320,512,0
2026-07-09,DC002,SKU013,47,1,0,1101,115,0,320,512,0
2026-07-10,DC002,SKU013,87,1,0,1054,123,0,320,512,0
2026-07-11,DC002,SKU013,56,1,0,967,134,0,320,512,0
2026-07-12,DC002,SKU013,59,1,0,911,27,0,320,512,0
2026-07-13,DC002,SKU013,69,1,0,852,105,0,320,512,0
2026-07-14,DC002,SKU013,52,1,0,783,11,0,320,512,0
2026-07-15,DC002,SKU013,71,1,0,731,0,0,320,512,0
2026-07-16,DC002,SKU013,64,1,1,660,46,0,320,512,0
2026-07-17,DC002,SKU013,69,1,0,596,6,0,320,512,0
2026-07-18,DC002,SKU013,88,1,0,527,30,1075,320,512,0
2026-07-19,DC002,SKU013,59,1,0,1514,20,0,320,512,0
2026-07-20,DC002,SKU013,45,1,0,1455,52,0,320,512,0
2026-07-21,DC002,SKU013,40,1,0,1410,116,0,320,512,0
2026-07-22,DC002,SKU013,46,1,0,1370,204,0,320,512,0
2026-07-23,DC002,SKU013,61,1,0,1324,165,0,320,512,0
2026-07-24,DC002,SKU013,56,1,0,1263,128,0,320,512,0
2026-07-25,DC002,SKU013,73,1,0,1207,175,0,320,512,0
2026-07-26,DC002,SKU013,60,0,0,1134,52,0,320,512,0
2026-07-27,DC002,SKU013,29,0,0,1074,141,0,320,512,0
2026-07-28,DC002,SKU013,91,0,0,1045,40,0,320,512,0
2026-07-29,DC002,SKU013,55,0,0,954,55,0,320,512,0
2026-07-30,DC002,SKU013,50,0,0,899,21,0,320,512,0
2026-07-31,DC002,SKU013,72,0,0,849,59,0,320,512,0
2026-08-01,DC002,SKU013,58,0,0,777,16,0,320,512,0
2026-08-02,DC002,SKU013,53,0,1,719,42,0,320,512,0
2026-08-03,DC002,SKU013,61,0,0,666,27,0,320,512,0
2026-08-04,DC002,SKU013,54,0,0,605,85,0,320,512,0
2026-08-05,DC002,SKU013,71,0,0,551,54,745,320,512,0
2026-08-06,DC002,SKU013,72,0,0,1225,78,0,320,512,0
2026-08-07,DC002,SKU013,60,0,0,1153,77,0,320,512,0
2026-08-08,DC002,SKU013,58,0,0,1093,145,0,320,512,0
2026-08-09,DC002,SKU013,64,0,0,1035,32,0,320,512,0
2026-08-10,DC002,SKU013,82,0,0,971,124,0,320,512,0
2026-08-11,DC002,SKU013,30,0,0,889,58,0,320,512,0
2026-08-12,DC002,SKU013,79,0,1,859,57,0,320,512,0
2026-08-13,DC002,SKU013,84,0,0,780,58,0,320,512,0
2026-04-16,DC002,SKU014,14,0,0,294,38,0,80,128,0
2026-04-17,DC002,SKU014,18,0,0,280,10,0,80,128,0
2026-04-18,DC002,SKU014,10,0,0,262,24,0,80,128,0
2026-04-19,DC002,SKU014,14,0,0,252,31,0,80,128,0
2026-04-20,DC002,SKU014,12,0,0,238,14,0,80,128,0
2026-04-21,DC002,SKU014,14,0,0,226,27,0,80,128,0
2026-04-22,DC002,SKU014,11,0,0,212,20,0,80,128,0
2026-04-23,DC002,SKU014,10,0,0,201,22,0,80,128,0
2026-04-24,DC002,SKU014,13,0,0,191,3,0,80,128,0
2026-04-25,DC002,SKU014,17,0,0,178,25,0,80,128,0
2026-04-26,DC002,SKU014,19,0,0,161,22,0,80,128,0
2026-04-27,DC002,SKU014,16,0,0,142,7,0,80,128,0
2026-04-28,DC002,SKU014,12,0,0,126,8,0,80,128,0
2026-04-29,DC002,SKU014,16,0,0,114,16,0,80,128,0
2026-04-30,DC002,SKU014,14,0,0,98,0,0,80,128,0
2026-05-01,DC002,SKU014,10,0,0,84,7,169,80,128,0
2026-05-02,DC002,SKU014,19,0,1,243,20,0,80,128,0
2026-05-03,DC002,SKU014,9,0,0,224,18,0,80,128,0
2026-05-04,DC002,SKU014,12,0,0,215,27,0,80,128,0
2026-05-05,DC002,SKU014,12,0,0,203,5,0,80,128,0
2026-05-06,DC002,SKU014,15,0,0,191,18,0,80,128,0
2026-05-07,DC002,SKU014,15,0,0,176,6,0,80,128,0
2026-05-08,DC002,SKU014,12,0,0,161,20,0,80,128,0
2026-05-09,DC002,SKU014,16,0,0,149,6,0,80,128,0
2026-05-10,DC002,SKU014,13,0,0,133,14,0,80,128,0
2026-05-11,DC002,SKU014,13,0,0,120,17,206,80,128,0
2026-05-12,DC002,SKU014,15,0,0,313,16,0,80,128,0
2026-05-13,DC002,SKU014,16,0,0,298,26,0,80,128,0
2026-05-14,DC002,SKU014,15,0,0,282,11,0,80,128,0
2026-05-15,DC002,SKU014,13,0,0,267,26,0,80,128,0
2026-05-16,DC002,SKU014,9,0,0,254,10,0,80,128,0
2026-05-17,DC002,SKU014,16,0,0,245,4,0,80,128,0
2026-05-18,DC002,SKU014,15,0,0,229,3,0,80,128,0
2026-05-19,DC002,SKU014,17,0,0,214,19,0,80,128,0
2026-05-20,DC002,SKU014,11,0,0,197,14,0,80,128,0
2026-05-21,DC002,SKU014,15,0,0,186,0,0,80,128,0
2026-05-22,DC002,SKU014,15,0,1,171,11,0,80,128,0
2026-05-23,DC002,SKU014,12,0,0,156,3,0,80,128,0
2026-05-24,DC002,SKU014,9,0,0,144,0,0,80,128,0
2026-05-25,DC002,SKU014,19,0,1,135,7,0,80,128,0
2026-05-26,DC002,SKU014,18,0,0,116,9,0,80,128,0
2026-05-27,DC002,SKU014,10,0,0,98,9,0,80,128,0
2026-05-28,DC002,SKU014,8,0,0,88,4,0,80,128,0
2026-05-29,DC002,SKU014,19,0,1,80,11,0,80,128,1
2026-05-30,DC002,SKU014,14,0,0,61,4,178,80,128,0
2026-05-31,DC002,SKU014,12,0,0,225,18,0,80,128,0
2026-06-01,DC002,SKU014,14,0,0,213,22,0,80,128,0
2026-06-02,DC002,SKU014,12,0,0,199,15,0,80,128,0
2026-06-03,DC002,SKU014,10,0,0,187,26,0,80,128,0
2026-06-04,DC002,SKU014,15,0,0,177,8,0,80,128,0
2026-06-05,DC002,SKU014,12,0,0,162,7,0,80,128,0
2026-06-06,DC002,SKU014,15,0,0,150,7,0,80,128,0
2026-06-07,DC002,SKU014,15,0,0,135,1,0,80,128,0
2026-06-08,DC002,SKU014,15,0,1,120,16,0,80,128,0
2026-06-09,DC002,SKU014,15,0,0,105,8,0,80,128,0
2026-06-10,DC002,SKU014,10,0,0,90,8,0,80,128,0
2026-06-11,DC002,SKU014,12,0,0,80,3,150,80,128,0
2026-06-12,DC002,SKU014,14,0,0,218,15,0,80,128,0
2026-06-13,DC002,SKU014,8,0,0,204,2,0,80,128,0
2026-06-14,DC002,SKU014,13,0,0,196,7,0,80,128,0
2026-06-15,DC002,SKU014,13,1,0,183,26,0,80,128,0
2026-06-16,DC002,SKU014,9,1,0,170,22,0,80,128,0
2026-06-17,DC002,SKU014,13,1,0,161,23,0,80,128,0
2026-06-18,DC002,SKU014,13,1,0,148,17,0,80,128,0
2026-06-19,DC002,SKU014,17,1,0,135,12,0,80,128,0
2026-06-20,DC002,SKU014,14,1,0,118,9,0,80,128,0
2026-06-21,DC002,SKU014,18,1,0,104,1,0,80,128,0
2026-06-22,DC002,SKU014,12,1,0,86,0,0,80,128,0
2026-06-23,DC002,SKU014,11,1,0,74,4,0,80,128,1
2026-06-24,DC002,SKU014,17,1,0,63,6,0,80,128,1
2026-06-25,DC002,SKU014,9,1,0,46,5,0,80,128,1
2026-06-26,DC002,SKU014,12,1,0,37,0,199,80,128,0
2026-06-27,DC002,SKU014,13,1,0,224,8,0,80,128,0
2026-06-28,DC002,SKU014,14,1,0,211,15,0,80,128,0
2026-06-29,DC002,SKU014,13,1,0,197,27,0,80,128,0
2026-06-30,DC002,SKU014,11,1,0,184,9,0,80,128,0
2026-07-01,DC002,SKU014,13,1,0,173,13,0,80,128,0
2026-07-02,DC002,SKU014,15,1,0,160,4,0,80,128,0
2026-07-03,DC002,SKU014,18,1,0,145,7,0,80,128,0
2026-07-04,DC002,SKU014,16,1,0,127,13,198,80,128,0
2026-07-05,DC002,SKU014,15,1,0,309,6,0,80,128,0
2026-07-06,DC002,SKU014,13,1,0,294,8,0,80,128,0
2026-07-07,DC002,SKU014,13,1,0,281,38,0,80,128,0
2026-07-08,DC002,SKU014,14,1,0,268,24,0,80,128,0
2026-07-09,DC002,SKU014,11,1,0,254,7,0,80,128,0
2026-07-10,DC002,SKU014,13,1,0,243,28,0,80,128,0
2026-07-11,DC002,SKU014,10,1,0,230,11,0,80,128,0
2026-07-12,DC002,SKU014,17,1,0,220,15,0,80,128,0
2026-07-13,DC002,SKU014,15,1,0,203,1,0,80,128,0
2026-07-14,DC002,SKU014,12,1,0,188,18,0,80,128,0
2026-07-15,DC002,SKU014,11,1,0,176,14,0,80,128,0
2026-07-16,DC002,SKU014,10,1,0,165,20,0,80,128,0
2026-07-17,DC002,SKU014,13,1,0,155,18,0,80,128,0
2026-07-18,DC002,SKU014,10,1,0,142,13,0,80,128,0
2026-07-19,DC002,SKU014,13,1,1,132,16,0,80,128,0
2026-07-20,DC002,SKU014,14,1,0,119,15,195,80,128,0
2026-07-21,DC002,SKU014,15,1,0,300,33,0,80,128,0
2026-07-22,DC002,SKU014,15,1,1,285,30,0,80,128,0
2026-07-23,DC002,SKU014,13,1,0,270,23,0,80,128,0
2026-07-24,DC002,SKU014,15,1,0,257,18,0,80,128,0
2026-07-25,DC002,SKU014,15,1,0,242,16,0,80,128,0
2026-07-26,DC002,SKU014,11,0,0,227,8,0,80,128,0
2026-07-27,DC002,SKU014,14,0,0,216,28,0,80,128,0
2026-07-28,DC002,SKU014,15,0,0,202,10,0,80,128,0
2026-07-29,DC002,SKU014,14,0,0,187,6,0,80,128,0
2026-07-30,DC002,SKU014,10,0,0,173,13,0,80,128,0
2026-07-31,DC002,SKU014,13,0,0,163,23,0,80,128,0
2026-08-01,DC002,SKU014,14,0,0,150,2,0,80,128,0
2026-08-02,DC002,SKU014,17,0,0,136,7,0,80,128,0
2026-08-03,DC002,SKU014,15,0,0,119,7,205,80,128,0
2026-08-04,DC002,SKU014,13,0,0,309,27,0,80,128,0
2026-08-05,DC002,SKU014,17,0,0,296,28,0,80,128,0
2026-08-06,DC002,SKU014,9,0,0,279,39,0,80,128,0
2026-08-07,DC002,SKU014,15,0,0,270,13,0,80,128,0
2026-08-08,DC002,SKU014,15,0,0,255,23,0,80,128,0
2026-08-09,DC002,SKU014,12,0,0,240,8,0,80,128,0
2026-08-10,DC002,SKU014,14,0,0,228,34,0,80,128,0
2026-08-11,DC002,SKU014,13,0,0,214,9,0,80,128,0
2026-08-12,DC002,SKU014,12,0,0,201,4,0,80,128,0
2026-08-13,DC002,SKU014,16,0,0,189,13,0,80,128,0
2026-04-16,DC002,SKU015,25,0,0,672,76,0,176,282,0
2026-04-17,DC002,SKU015,27,0,0,647,75,0,176,282,0
2026-04-18,DC002,SKU015,26,0,0,620,12,0,176,282,0
2026-04-19,DC002,SKU015,26,0,0,594,53,0,176,282,0
2026-04-20,DC002,SKU015,23,0,0,568,28,0,176,282,0
2026-04-21,DC002,SKU015,39,0,0,545,28,0,176,282,0
2026-04-22,DC002,SKU015,21,0,0,506,6,0,176,282,0
2026-04-23,DC002,SKU015,26,0,0,485,62,0,176,282,0
2026-04-24,DC002,SKU015,32,0,0,459,14,0,176,282,0
2026-04-25,DC002,SKU015,30,0,0,427,4,0,176,282,0
2026-04-26,DC002,SKU015,36,0,0,397,12,0,176,282,0
2026-04-27,DC002,SKU015,36,0,0,361,7,0,176,282,0
2026-04-28,DC002,SKU015,52,0,1,325,40,0,176,282,0
2026-04-29,DC002,SKU015,33,0,0,273,0,529,176,282,0
2026-04-30,DC002,SKU015,28,0,0,769,114,0,176,282,0
2026-05-01,DC002,SKU015,38,0,0,741,57,0,176,282,0
2026-05-02,DC002,SKU015,22,0,0,703,104,0,176,282,0
2026-05-03,DC002,SKU015,12,0,0,681,61,0,176,282,0
2026-05-04,DC002,SKU015,42,0,1,669,40,0,176,282,0
2026-05-05,DC002,SKU015,47,0,1,627,55,0,176,282,0
2026-05-06,DC002,SKU015,33,0,1,580,56,0,176,282,0
2026-05-07,DC002,SKU015,33,0,1,547,25,0,176,282,0
2026-05-08,DC002,SKU015,45,0,0,514,55,0,176,282,0
2026-05-09,DC002,SKU015,38,0,0,469,6,0,176,282,0
2026-05-10,DC002,SKU015,44,0,1,431,14,0,176,282,0
2026-05-11,DC002,SKU015,31,0,0,387,5,0,176,282,0
2026-05-12,DC002,SKU015,40,0,0,356,45,0,176,282,0
2026-05-13,DC002,SKU015,42,0,0,316,6,0,176,282,0
2026-05-14,DC002,SKU015,40,0,0,274,21,0,176,282,0
2026-05-15,DC002,SKU015,44,0,0,234,30,0,176,282,0
2026-05-16,DC002,SKU015,38,0,0,190,25,0,176,282,1
2026-05-17,DC002,SKU015,23,0,0,152,16,506,176,282,0
2026-05-18,DC002,SKU015,18,0,0,635,3,0,176,282,0
2026-05-19,DC002,SKU015,40,0,0,617,35,0,176,282,0
2026-05-20,DC002,SKU015,37,0,0,577,18,0,176,282,0
2026-05-21,DC002,SKU015,36,0,0,540,16,0,176,282,0
2026-05-22,DC002,SKU015,32,0,0,504,66,0,176,282,0
2026-05-23,DC002,SKU015,32,0,0,472,27,0,176,282,0
2026-05-24,DC002,SKU015,27,0,0,440,36,0,176,282,0
2026-05-25,DC002,SKU015,45,0,0,413,17,0,176,282,0
2026-05-26,DC002,SKU015,14,0,0,368,45,0,176,282,0
2026-05-27,DC002,SKU015,27,0,0,354,32,0,176,282,0
2026-05-28,DC002,SKU015,25,0,0,327,44,0,176,282,0
2026-05-29,DC002,SKU015,24,0,0,302,3,0,176,282,0
2026-05-30,DC002,SKU015,35,0,0,278,30,0,176,282,0
2026-05-31,DC002,SKU015,24,0,0,243,7,0,176,282,0
2026-06-01,DC002,SKU015,37,0,0,219,18,0,176,282,0
2026-06-02,DC002,SKU015,30,0,0,182,0,492,176,282,0
2026-06-03,DC002,SKU015,37,0,0,644,78,0,176,282,0
2026-06-04,DC002,SKU015,25,0,0,607,67,0,176,282,0
2026-06-05,DC002,SKU015,40,0,0,582,86,0,176,282,0
2026-06-06,DC002,SKU015,37,0,0,542,33,0,176,282,0
2026-06-07,DC002,SKU015,36,0,0,505,69,0,176,282,0
2026-06-08,DC002,SKU015,24,0,0,469,12,0,176,282,0
2026-06-09,DC002,SKU015,18,0,0,445,15,0,176,282,0
2026-06-10,DC002,SKU015,29,0,0,427,0,0,176,282,0
2026-06-11,DC002,SKU015,26,0,0,398,36,0,176,282,0
2026-06-12,DC002,SKU015,38,0,0,372,36,0,176,282,0
2026-06-13,DC002,SKU015,39,0,0,334,37,0,176,282,0
2026-06-14,DC002,SKU015,28,0,0,295,4,0,176,282,0
2026-06-15,DC002,SKU015,40,1,1,267,2,0,176,282,0
2026-06-16,DC002,SKU015,25,1,0,227,10,0,176,282,0
2026-06-17,DC002,SKU015,38,1,0,202,22,0,176,282,0
2026-06-18,DC002,SKU015,24,1,0,164,12,0,176,282,1
2026-06-19,DC002,SKU015,36,1,0,140,8,0,176,282,1
2026-06-20,DC002,SKU015,24,1,0,104,8,0,176,282,1
2026-06-21,DC002,SKU015,23,1,0,80,10,0,176,282,1
2026-06-22,DC002,SKU015,34,1,0,57,4,0,176,282,1
2026-06-23,DC002,SKU015,26,1,0,23,3,575,176,282,0
2026-06-24,DC002,SKU015,35,1,0,572,28,0,176,282,0
2026-06-25,DC002,SKU015,35,1,0,537,44,0,176,282,0
2026-06-26,DC002,SKU015,24,1,0,502,8,0,176,282,0
2026-06-27,DC002,SKU015,46,1,1,478,4,0,176,282,0
2026-06-28,DC002,SKU015,39,1,0,432,5,0,176,282,0
2026-06-29,DC002,SKU015,34,1,0,393,54,0,176,282,0
2026-06-30,DC002,SKU015,36,1,0,359,44,0,176,282,0
2026-07-01,DC002,SKU015,24,1,0,323,15,0,176,282,0
2026-07-02,DC002,SKU015,26,1,0,299,7,0,176,282,0
2026-07-03,DC002,SKU015,19,1,0,273,24,0,176,282,0
2026-07-04,DC002,SKU015,30,1,0,254,25,0,176,282,0
2026-07-05,DC002,SKU015,29,1,0,224,25,439,176,282,0
2026-07-06,DC002,SKU015,36,1,1,634,13,0,176,282,0
2026-07-07,DC002,SKU015,33,1,0,598,75,0,176,282,0
2026-07-08,DC002,SKU015,28,1,0,565,74,0,176,282,0
2026-07-09,DC002,SKU015,25,1,0,537,49,0,176,282,0
2026-07-10,DC002,SKU015,28,1,0,512,47,0,176,282,0
2026-07-11,DC002,SKU015,48,1,0,484,67,0,176,282,0
2026-07-12,DC002,SKU015,37,1,0,436,23,0,176,282,0
2026-07-13,DC002,SKU015,22,1,0,399,22,0,176,282,0
2026-07-14,DC002,SKU015,35,1,0,377,23,0,176,282,0
2026-07-15,DC002,SKU015,32,1,0,342,24,0,176,282,0
2026-07-16,DC002,SKU015,32,1,0,310,41,400,176,282,0
2026-07-17,DC002,SKU015,31,1,0,678,36,0,176,282,0
2026-07-18,DC002,SKU015,34,1,0,647,16,0,176,282,0
2026-07-19,DC002,SKU015,31,1,0,613,87,0,176,282,0
2026-07-20,DC002,SKU015,36,1,0,582,41,0,176,282,0
2026-07-21,DC002,SKU015,45,1,0,546,4,0,176,282,0
2026-07-22,DC002,SKU015,16,1,0,501,3,0,176,282,0
2026-07-23,DC002,SKU015,27,1,0,485,23,0,176,282,0
2026-07-24,DC002,SKU015,37,1,0,458,40,0,176,282,0
2026-07-25,DC002,SKU015,19,1,0,421,3,0,176,282,0
2026-07-26,DC002,SKU015,45,0,1,402,6,0,176,282,0
2026-07-27,DC002,SKU015,31,0,0,357,27,0,176,282,0
2026-07-28,DC002,SKU015,35,0,0,326,26,0,176,282,0
2026-07-29,DC002,SKU015,36,0,0,291,8,0,176,282,0
2026-07-30,DC002,SKU015,33,0,0,255,0,0,176,282,0
2026-07-31,DC002,SKU015,23,0,0,222,12,0,176,282,0
2026-08-01,DC002,SKU015,28,0,0,199,19,0,176,282,0
2026-08-02,DC002,SKU015,27,0,0,171,21,0,176,282,1
2026-08-03,DC002,SKU015,25,0,0,144,3,0,176,282,1
2026-08-04,DC002,SKU015,32,0,0,119,4,0,176,282,1
2026-08-05,DC002,SKU015,25,0,0,87,6,0,176,282,1
2026-08-06,DC002,SKU015,35,0,0,62,4,426,176,282,0
2026-08-07,DC002,SKU015,41,0,0,453,35,0,176,282,0
2026-08-08,DC002,SKU015,43,0,0,412,21,0,176,282,0
2026-08-09,DC002,SKU015,32,0,0,369,32,0,176,282,0
2026-08-10,DC002,SKU015,36,0,0,337,18,0,176,282,0
2026-08-11,DC002,SKU015,41,0,1,301,43,0,176,282,0
2026-08-12,DC002,SKU015,36,0,0,260,8,0,176,282,0
2026-08-13,DC002,SKU015,47,0,0,224,18,0,176,282,0
2026-04-16,DC003,SKU001,51,0,0,1045,48,0,320,512,0
2026-04-17,DC003,SKU001,46,0,0,994,116,0,320,512,0
2026-04-18,DC003,SKU001,37,0,0,948,139,0,320,512,0
2026-04-19,DC003,SKU001,55,0,0,911,14,0,320,512,0
2026-04-20,DC003,SKU001,75,0,0,856,104,0,320,512,0
2026-04-21,DC003,SKU001,80,0,0,781,104,0,320,512,0
2026-04-22,DC003,SKU001,21,0,0,701,64,0,320,512,0
2026-04-23,DC003,SKU001,65,0,1,680,51,0,320,512,0
2026-04-24,DC003,SKU001,50,0,0,615,86,0,320,512,0
2026-04-25,DC003,SKU001,35,0,0,565,30,0,320,512,0
2026-04-26,DC003,SKU001,86,0,0,530,63,0,320,512,0
2026-04-27,DC003,SKU001,59,0,0,444,35,0,320,512,0
2026-04-28,DC003,SKU001,61,0,0,385,3,706,320,512,0
2026-04-29,DC003,SKU001,78,0,0,1030,104,0,320,512,0
2026-04-30,DC003,SKU001,52,0,1,952,44,0,320,512,0
2026-05-01,DC003,SKU001,67,0,0,900,29,0,320,512,0
2026-05-02,DC003,SKU001,53,0,0,833,106,0,320,512,0
2026-05-03,DC003,SKU001,43,0,0,780,34,0,320,512,0
2026-05-04,DC003,SKU001,50,0,0,737,110,0,320,512,0
2026-05-05,DC003,SKU001,78,0,1,687,2,0,320,512,0
2026-05-06,DC003,SKU001,49,0,0,609,66,0,320,512,0
2026-05-07,DC003,SKU001,34,0,0,560,19,0,320,512,0
2026-05-08,DC003,SKU001,50,0,0,526,2,0,320,512,0
2026-05-09,DC003,SKU001,57,0,0,476,51,831,320,512,0
2026-05-10,DC003,SKU001,51,0,0,1250,170,0,320,512,0
2026-05-11,DC003,SKU001,63,0,0,1199,1,0,320,512,0
2026-05-12,DC003,SKU001,43,0,0,1136,18,0,320,512,0
2026-05-13,DC003,SKU001,55,0,0,1093,154,0,320,512,0
2026-05-14,DC003,SKU001,50,0,0,1038,6,0,320,512,0
2026-05-15,DC003,SKU001,67,0,0,988,2,0,320,512,0
2026-05-16,DC003,SKU001,58,0,0,921,88,0,320,512,0
2026-05-17,DC003,SKU001,37,0,0,863,23,0,320,512,0
2026-05-18,DC003,SKU001,68,0,0,826,66,0,320,512,0
2026-05-19,DC003,SKU001,60,0,0,758,111,0,320,512,0
2026-05-20,DC003,SKU001,62,0,0,698,0,0,320,512,0
2026-05-21,DC003,SKU001,97,0,1,636,19,0,320,512,0
2026-05-22,DC003,SKU001,43,0,0,539,29,0,320,512,0
2026-05-23,DC003,SKU001,40,0,0,496,3,0,320,512,0
2026-05-24,DC003,SKU001,83,0,0,456,56,0,320,512,0
2026-05-25,DC003,SKU001,43,0,0,373,53,0,320,512,0
2026-05-26,DC003,SKU001,40,0,0,330,27,0,320,512,1
2026-05-27,DC003,SKU001,61,0,0,290,40,0,320,512,1
2026-05-28,DC003,SKU001,47,0,0,229,20,0,320,512,1
2026-05-29,DC003,SKU001,67,0,1,182,22,0,320,512,1
2026-05-30,DC003,SKU001,42,0,0,115,16,0,320,512,1
2026-05-31,DC003,SKU001,46,0,0,73,6,0,320,512,1
2026-06-01,DC003,SKU001,42,0,0,27,3,849,320,512,0
2026-06-02,DC003,SKU001,78,0,0,834,78,0,320,512,0
2026-06-03,DC003,SKU001,68,0,0,756,107,0,320,512,0
2026-06-04,DC003,SKU001,61,0,0,688,17,0,320,512,0
2026-06-05,DC003,SKU001,41,0,0,627,0,0,320,512,0
2026-06-06,DC003,SKU001,65,0,0,586,85,0,320,512,0
2026-06-07,DC003,SKU001,47,0,0,521,13,1048,320,512,0
2026-06-08,DC003,SKU001,39,0,0,1522,37,0,320,512,0
2026-06-09,DC003,SKU001,58,0,1,1483,45,0,320,512,0
2026-06-10,DC003,SKU001,27,0,0,1425,42,0,320,512,0
2026-06-11,DC003,SKU001,67,0,0,1398,81,0,320,512,0
2026-06-12,DC003,SKU001,74,0,0,1331,193,0,320,512,0
2026-06-13,DC003,SKU001,56,0,0,1257,17,0,320,512,0
2026-06-14,DC003,SKU001,34,0,0,1201,104,0,320,512,0
2026-06-15,DC003,SKU001,75,1,0,1167,167,0,320,512,0
2026-06-16,DC003,SKU001,33,1,0,1092,107,0,320,512,0
2026-06-17,DC003,SKU001,79,1,1,1059,16,0,320,512,0
2026-06-18,DC003,SKU001,63,1,1,980,25,0,320,512,0
2026-06-19,DC003,SKU001,51,1,0,917,91,0,320,512,0
2026-06-20,DC003,SKU001,77,1,0,866,79,0,320,512,0
2026-06-21,DC003,SKU001,54,1,0,789,13,0,320,512,0
2026-06-22,DC003,SKU001,63,1,0,735,104,0,320,512,0
2026-06-23,DC003,SKU001,83,1,0,672,26,0,320,512,0
2026-06-24,DC003,SKU001,93,1,1,589,0,0,320,512,0
2026-06-25,DC003,SKU001,64,1,0,496,68,845,320,512,0
2026-06-26,DC003,SKU001,64,1,0,1277,104,0,320,512,0
2026-06-27,DC003,SKU001,61,1,0,1213,71,0,320,512,0
2026-06-28,DC003,SKU001,64,1,0,1152,97,0,320,512,0
2026-06-29,DC003,SKU001,25,1,0,1088,63,0,320,512,0
2026-06-30,DC003,SKU001,87,1,0,1063,34,0,320,512,0
2026-07-01,DC003,SKU001,59,1,0,976,43,0,320,512,0
2026-07-02,DC003,SKU001,92,1,0,917,12,0,320,512,0
2026-07-03,DC003,SKU001,76,1,1,825,62,0,320,512,0
2026-07-04,DC003,SKU001,65,1,0,749,26,0,320,512,0
2026-07-05,DC003,SKU001,59,1,0,684,7,0,320,512,0
2026-07-06,DC003,SKU001,84,1,0,625,52,0,320,512,0
2026-07-07,DC003,SKU001,67,1,0,541,28,0,320,512,0
2026-07-08,DC003,SKU001,69,1,0,474,0,0,320,512,0
2026-07-09,DC003,SKU001,67,1,0,405,55,0,320,512,0
2026-07-10,DC003,SKU001,88,1,0,338,7,0,320,512,0
2026-07-11,DC003,SKU001,59,1,0,250,34,804,320,512,0
2026-07-12,DC003,SKU001,59,1,0,995,99,0,320,512,0
2026-07-13,DC003,SKU001,50,1,0,936,137,0,320,512,0
2026-07-14,DC003,SKU001,35,1,0,886,119,0,320,512,0
2026-07-15,DC003,SKU001,58,1,0,851,91,0,320,512,0
2026-07-16,DC003,SKU001,42,1,0,793,32,0,320,512,0
2026-07-17,DC003,SKU001,102,1,1,751,2,0,320,512,0
2026-07-18,DC003,SKU001,62,1,0,649,90,0,320,512,0
2026-07-19,DC003,SKU001,84,1,0,587,59,0,320,512,0
2026-07-20,DC003,SKU001,82,1,0,503,12,0,320,512,0
2026-07-21,DC003,SKU001,59,1,0,421,21,0,320,512,0
2026-07-22,DC003,SKU001,95,1,0,362,14,740,320,512,0
2026-07-23,DC003,SKU001,89,1,1,1007,49,0,320,512,0
2026-07-24,DC003,SKU001,54,1,0,918,98,0,320,512,0
2026-07-25,DC003,SKU001,64,1,0,864,42,0,320,512,0
2026-07-26,DC003,SKU001,57,0,0,800,72,0,320,512,0
2026-07-27,DC003,SKU001,60,0,0,743,77,0,320,512,0
2026-07-28,DC003,SKU001,28,0,0,683,87,0,320,512,0
2026-07-29,DC003,SKU001,57,0,0,655,23,0,320,512,0
2026-07-30,DC003,SKU001,46,0,0,598,85,0,320,512,0
2026-07-31,DC003,SKU001,32,0,0,552,19,0,320,512,0
2026-08-01,DC003,SKU001,44,0,0,520,8,0,320,512,0
2026-08-02,DC003,SKU001,43,0,0,476,6,0,320,512,0
2026-08-03,DC003,SKU001,72,0,0,433,34,0,320,512,0
2026-08-04,DC003,SKU001,64,0,0,361,50,0,320,512,1
2026-08-05,DC003,SKU001,84,0,0,297,13,0,320,512,1
2026-08-06,DC003,SKU001,55,0,0,213,3,813,320,512,0
2026-08-07,DC003,SKU001,86,0,0,971,82,0,320,512,0
2026-08-08,DC003,SKU001,66,0,0,885,59,0,320,512,0
2026-08-09,DC003,SKU001,29,0,0,819,6,0,320,512,0
2026-08-10,DC003,SKU001,40,0,0,790,113,0,320,512,0
2026-08-11,DC003,SKU001,38,0,0,750,35,0,320,512,0
2026-08-12,DC003,SKU001,51,0,0,712,79,0,320,512,0
2026-08-13,DC003,SKU001,69,0,0,661,30,0,320,512,0
2026-04-16,DC003,SKU002,85,0,0,1235,8,0,320,512,0
2026-04-17,DC003,SKU002,56,0,0,1150,117,0,320,512,0
2026-04-18,DC003,SKU002,93,0,0,1094,32,0,320,512,0
2026-04-19,DC003,SKU002,19,0,0,1001,75,0,320,512,0
2026-04-20,DC003,SKU002,76,0,0,982,94,0,320,512,0
2026-04-21,DC003,SKU002,68,0,1,906,98,0,320,512,0
2026-04-22,DC003,SKU002,53,0,1,838,47,0,320,512,0
2026-04-23,DC003,SKU002,48,0,0,785,43,0,320,512,0
2026-04-24,DC003,SKU002,43,0,0,737,93,0,320,512,0
2026-04-25,DC003,SKU002,72,0,0,694,49,0,320,512,0
2026-04-26,DC003,SKU002,49,0,0,622,52,0,320,512,0
2026-04-27,DC003,SKU002,108,0,0,573,83,0,320,512,0
2026-04-28,DC003,SKU002,55,0,0,465,31,0,320,512,0
2026-04-29,DC003,SKU002,96,0,0,410,11,0,320,512,0
2026-04-30,DC003,SKU002,61,0,0,314,10,0,320,512,1
2026-05-01,DC003,SKU002,66,0,1,253,6,0,320,512,1
2026-05-02,DC003,SKU002,55,0,0,187,7,0,320,512,1
2026-05-03,DC003,SKU002,21,0,0,132,17,1196,320,512,0
2026-05-04,DC003,SKU002,49,0,0,1307,188,0,320,512,0
2026-05-05,DC003,SKU002,63,0,0,1258,142,0,320,512,0
2026-05-06,DC003,SKU002,75,0,0,1195,123,0,320,512,0
2026-05-07,DC003,SKU002,55,0,0,1120,133,0,320,512,0
2026-05-08,DC003,SKU002,50,0,0,1065,52,0,320,512,0
2026-05-09,DC003,SKU002,81,0,0,1015,142,0,320,512,0
2026-05-10,DC003,SKU002,17,0,0,934,134,0,320,512,0
2026-05-11,DC003,SKU002,73,0,0,917,107,0,320,512,0
2026-05-12,DC003,SKU002,25,0,0,844,94,0,320,512,0
2026-05-13,DC003,SKU002,44,0,0,819,92,0,320,512,0
2026-05-14,DC003,SKU002,59,0,0,775,66,0,320,512,0
2026-05-15,DC003,SKU002,82,0,0,716,20,0,320,512,0
2026-05-16,DC003,SKU002,82,0,0,634,16,0,320,512,0
2026-05-17,DC003,SKU002,69,0,0,552,68,722,320,512,0
2026-05-18,DC003,SKU002,55,0,0,1205,136,0,320,512,0
2026-05-19,DC003,SKU002,43,0,0,1150,100,0,320,512,0
2026-05-20,DC003,SKU002,56,0,0,1107,73,0,320,512,0
2026-05-21,DC003,SKU002,76,0,0,1051,93,0,320,512,0
2026-05-22,DC003,SKU002,58,0,0,975,3,0,320,512,0
2026-05-23,DC003,SKU002,24,0,0,917,94,0,320,512,0
2026-05-24,DC003,SKU002,73,0,0,893,1,0,320,512,0
2026-05-25,DC003,SKU002,79,0,0,820,11,0,320,512,0
2026-05-26,DC003,SKU002,65,0,0,741,75,0,320,512,0
2026-05-27,DC003,SKU002,69,0,0,676,44,0,320,512,0
2026-05-28,DC003,SKU002,54,0,0,607,40,0,320,512,0
2026-05-29,DC003,SKU002,50,0,0,553,31,0,320,512,0
2026-05-30,DC003,SKU002,60,0,0,503,53,1076,320,512,0
2026-05-31,DC003,SKU002,50,0,0,1519,12,0,320,512,0
2026-06-01,DC003,SKU002,66,0,0,1469,175,0,320,512,0
2026-06-02,DC003,SKU002,79,0,0,1403,124,0,320,512,0
2026-06-03,DC003,SKU002,33,0,0,1324,184,0,320,512,0
2026-06-04,DC003,SKU002,112,0,0,1291,52,0,320,512,0
2026-06-05,DC003,SKU002,54,0,0,1179,151,0,320,512,0
2026-06-06,DC003,SKU002,57,0,0,1125,145,0,320,512,0
2026-06-07,DC003,SKU002,72,0,0,1068,13,0,320,512,0
2026-06-08,DC003,SKU002,30,0,0,996,60,0,320,512,0
2026-06-09,DC003,SKU002,57,0,0,966,36,0,320,512,0
2026-06-10,DC003,SKU002,28,0,0,909,109,0,320,512,0
2026-06-11,DC003,SKU002,59,0,0,881,115,0,320,512,0
2026-06-12,DC003,SKU002,33,0,1,822,109,0,320,512,0
2026-06-13,DC003,SKU002,80,0,0,789,65,0,320,512,0
2026-06-14,DC003,SKU002,99,0,0,709,10,0,320,512,0
2026-06-15,DC003,SKU002,125,1,0,610,19,0,320,512,0
2026-06-16,DC003,SKU002,93,1,0,485,29,1143,320,512,0
2026-06-17,DC003,SKU002,69,1,0,1535,82,0,320,512,0
2026-06-18,DC003,SKU002,89,1,0,1466,122,0,320,512,0
2026-06-19,DC003,SKU002,49,1,0,1377,94,0,320,512,0
2026-06-20,DC003,SKU002,78,1,0,1328,169,0,320,512,0
2026-06-21,DC003,SKU002,156,1,0,1250,146,0,320,512,0
2026-06-22,DC003,SKU002,136,1,0,1094,79,0,320,512,0
2026-06-23,DC003,SKU002,64,1,0,958,19,0,320,512,0
2026-06-24,DC003,SKU002,101,1,0,894,102,0,320,512,0
2026-06-25,DC003,SKU002,68,1,0,793,50,0,320,512,0
2026-06-26,DC003,SKU002,68,1,0,725,95,0,320,512,0
2026-06-27,DC003,SKU002,124,1,0,657,23,0,320,512,0
2026-06-28,DC003,SKU002,36,1,1,533,75,778,320,512,0
2026-06-29,DC003,SKU002,78,1,0,1275,28,0,320,512,0
2026-06-30,DC003,SKU002,88,1,0,1197,122,0,320,512,0
2026-07-01,DC003,SKU002,129,1,0,1109,147,0,320,512,0
2026-07-02,DC003,SKU002,33,1,0,980,19,0,320,512,0
2026-07-03,DC003,SKU002,76,1,0,947,60,0,320,512,0
2026-07-04,DC003,SKU002,111,1,1,871,4,0,320,512,0
2026-07-05,DC003,SKU002,110,1,0,760,68,0,320,512,0
2026-07-06,DC003,SKU002,76,1,0,650,39,0,320,512,0
2026-07-07,DC003,SKU002,122,1,0,574,73,0,320,512,0
2026-07-08,DC003,SKU002,122,1,0,452,41,0,320,512,0
2026-07-09,DC003,SKU002,147,1,0,330,27,0,320,512,1
2026-07-10,DC003,SKU002,79,1,0,183,19,0,320,512,1
2026-07-11,DC003,SKU002,74,1,0,104,3,1013,320,512,0
2026-07-12,DC003,SKU002,139,1,0,1043,152,0,320,512,0
2026-07-13,DC003,SKU002,54,1,0,904,9,0,320,512,0
2026-07-14,DC003,SKU002,76,1,0,850,31,0,320,512,0
2026-07-15,DC003,SKU002,81,1,0,774,101,0,320,512,0
2026-07-16,DC003,SKU002,140,1,0,693,29,0,320,512,0
2026-07-17,DC003,SKU002,84,1,0,553,2,0,320,512,0
2026-07-18,DC003,SKU002,93,1,0,469,20,0,320,512,0
2026-07-19,DC003,SKU002,111,1,0,376,25,0,320,512,0
2026-07-20,DC003,SKU002,81,1,0,265,33,0,320,512,1
2026-07-21,DC003,SKU002,73,1,0,184,15,0,320,512,1
2026-07-22,DC003,SKU002,102,1,0,111,13,0,320,512,1
2026-07-23,DC003,SKU002,82,1,1,9,0,1265,320,512,0
2026-07-24,DC003,SKU002,102,1,0,1192,40,0,320,512,0
2026-07-25,DC003,SKU002,91,1,0,1090,121,0,320,512,0
2026-07-26,DC003,SKU002,68,0,0,999,71,0,320,512,0
2026-07-27,DC003,SKU002,34,0,0,931,136,0,320,512,0
2026-07-28,DC003,SKU002,72,0,0,897,55,0,320,512,0
2026-07-29,DC003,SKU002,57,0,0,825,23,0,320,512,0
2026-07-30,DC003,SKU002,70,0,0,768,64,0,320,512,0
2026-07-31,DC003,SKU002,54,0,0,698,48,0,320,512,0
2026-08-01,DC003,SKU002,60,0,0,644,21,0,320,512,0
2026-08-02,DC003,SKU002,54,0,0,584,29,0,320,512,0
2026-08-03,DC003,SKU002,53,0,0,530,76,0,320,512,0
2026-08-04,DC003,SKU002,58,0,0,477,62,0,320,512,0
2026-08-05,DC003,SKU002,71,0,0,419,41,0,320,512,0
2026-08-06,DC003,SKU002,87,0,0,348,11,829,320,512,0
2026-08-07,DC003,SKU002,82,0,0,1090,38,0,320,512,0
2026-08-08,DC003,SKU002,29,0,0,1008,124,0,320,512,0
2026-08-09,DC003,SKU002,80,0,0,979,68,0,320,512,0
2026-08-10,DC003,SKU002,61,0,1,899,131,0,320,512,0
2026-08-11,DC003,SKU002,64,0,0,838,61,0,320,512,0
2026-08-12,DC003,SKU002,93,0,0,774,22,0,320,512,0
2026-08-13,DC003,SKU002,75,0,0,681,83,0,320,512,0
2026-04-16,DC003,SKU003,75,0,0,1330,187,0,320,512,0
2026-04-17,DC003,SKU003,74,0,0,1255,107,0,320,512,0
2026-04-18,DC003,SKU003,50,0,0,1181,39,0,320,512,0
2026-04-19,DC003,SKU003,52,0,0,1131,14,0,320,512,0
2026-04-20,DC003,SKU003,48,0,0,1079,40,0,320,512,0
2026-04-21,DC003,SKU003,86,0,0,1031,117,0,320,512,0
2026-04-22,DC003,SKU003,86,0,0,945,114,0,320,512,0
2026-04-23,DC003,SKU003,73,0,0,859,1,0,320,512,0
2026-04-24,DC003,SKU003,97,0,0,786,14,0,320,512,0
2026-04-25,DC003,SKU003,67,0,0,689,28,0,320,512,0
2026-04-26,DC003,SKU003,74,0,0,622,0,0,320,512,0
2026-04-27,DC003,SKU003,64,0,0,548,14,0,320,512,0
2026-04-28,DC003,SKU003,53,0,0,484,35,0,320,512,0
2026-04-29,DC003,SKU003,52,0,0,431,11,0,320,512,0
2026-04-30,DC003,SKU003,100,0,0,379,13,0,320,512,0
2026-05-01,DC003,SKU003,46,0,1,279,1,0,320,512,1
2026-05-02,DC003,SKU003,78,0,0,233,34,0,320,512,1
2026-05-03,DC003,SKU003,54,0,0,155,22,0,320,512,1
2026-05-04,DC003,SKU003,58,0,0,101,7,0,320,512,1
2026-05-05,DC003,SKU003,77,0,0,43,2,1189,320,512,0
2026-05-06,DC003,SKU003,47,0,0,1155,24,0,320,512,0
2026-05-07,DC003,SKU003,72,0,0,1108,163,0,320,512,0
2026-05-08,DC003,SKU003,83,0,0,1036,11,0,320,512,0
2026-05-09,DC003,SKU003,62,0,0,953,74,0,320,512,0
2026-05-10,DC003,SKU003,48,0,0,891,40,0,320,512,0
2026-05-11,DC003,SKU003,49,0,0,843,91,0,320,512,0
2026-05-12,DC003,SKU003,57,0,0,794,73,0,320,512,0
2026-05-13,DC003,SKU003,85,0,0,737,86,0,320,512,0
2026-05-14,DC003,SKU003,86,0,0,652,39,0,320,512,0
2026-05-15,DC003,SKU003,91,0,1,566,43,0,320,512,0
2026-05-16,DC003,SKU003,76,0,0,475,34,0,320,512,0
2026-05-17,DC003,SKU003,72,0,0,399,6,0,320,512,0
2026-05-18,DC003,SKU003,82,0,0,327,37,0,320,512,1
2026-05-19,DC003,SKU003,49,0,0,245,34,0,320,512,1
2026-05-20,DC003,SKU003,51,0,0,196,28,878,320,512,0
2026-05-21,DC003,SKU003,74,0,0,1023,94,0,320,512,0
2026-05-22,DC003,SKU003,24,0,0,949,131,0,320,512,0
2026-05-23,DC003,SKU003,91,0,1,925,118,0,320,512,0
2026-05-24,DC003,SKU003,88,0,0,834,59,0,320,512,0
2026-05-25,DC003,SKU003,73,0,0,746,90,0,320,512,0
2026-05-26,DC003,SKU003,68,0,0,673,17,0,320,512,0
2026-05-27,DC003,SKU003,102,0,1,605,22,0,320,512,0
2026-05-28,DC003,SKU003,44,0,0,503,2,1282,320,512,0
2026-05-29,DC003,SKU003,74,0,0,1741,93,0,320,512,0
2026-05-30,DC003,SKU003,46,0,0,1667,169,0,320,512,0
2026-05-31,DC003,SKU003,78,0,0,1621,104,0,320,512,0
2026-06-01,DC003,SKU003,60,0,0,1543,21,0,320,512,0
2026-06-02,DC003,SKU003,55,0,0,1483,53,0,320,512,0
2026-06-03,DC003,SKU003,67,0,0,1428,114,0,320,512,0
2026-06-04,DC003,SKU003,54,0,0,1361,203,0,320,512,0
2026-06-05,DC003,SKU003,66,0,0,1307,126,0,320,512,0
2026-06-06,DC003,SKU003,55,0,0,1241,50,0,320,512,0
2026-06-07,DC003,SKU003,84,0,0,1186,171,0,320,512,0
2026-06-08,DC003,SKU003,88,0,0,1102,125,0,320,512,0
2026-06-09,DC003,SKU003,74,0,0,1014,116,0,320,512,0
2026-06-10,DC003,SKU003,42,0,0,940,111,0,320,512,0
2026-06-11,DC003,SKU003,37,0,0,898,1,0,320,512,0
2026-06-12,DC003,SKU003,89,0,0,861,14,0,320,512,0
2026-06-13,DC003,SKU003,52,0,0,772,111,0,320,512,0
2026-06-14,DC003,SKU003,50,0,0,720,1,0,320,512,0
2026-06-15,DC003,SKU003,92,1,0,670,19,0,320,512,0
2026-06-16,DC003,SKU003,69,1,0,578,74,0,320,512,0
2026-06-17,DC003,SKU003,25,1,0,509,57,762,320,512,0
2026-06-18,DC003,SKU003,86,1,0,1246,91,0,320,512,0
2026-06-19,DC003,SKU003,83,1,0,1160,103,0,320,512,0
2026-06-20,DC003,SKU003,106,1,0,1077,158,0,320,512,0
2026-06-21,DC003,SKU003,82,1,0,971,112,0,320,512,0
2026-06-22,DC003,SKU003,96,1,0,889,27,0,320,512,0
2026-06-23,DC003,SKU003,95,1,0,793,32,0,320,512,0
2026-06-24,DC003,SKU003,79,1,0,698,22,0,320,512,0
2026-06-25,DC003,SKU003,120,1,0,619,1,0,320,512,0
2026-06-26,DC003,SKU003,65,1,1,499,7,0,320,512,0
2026-06-27,DC003,SKU003,80,1,0,434,37,0,320,512,0
2026-06-28,DC003,SKU003,99,1,0,354,21,0,320,512,0
2026-06-29,DC003,SKU003,71,1,0,255,7,0,320,512,1
2026-06-30,DC003,SKU003,107,1,1,184,5,0,320,512,1
2026-07-01,DC003,SKU003,68,1,1,77,7,0,320,512,1
2026-07-02,DC003,SKU003,126,1,0,9,1,0,320,512,1
2026-07-03,DC003,SKU003,93,1,0,0,0,0,320,512,1
2026-07-04,DC003,SKU003,86,1,0,0,0,0,320,512,1
2026-07-05,DC003,SKU003,100,1,0,0,0,0,320,512,1
2026-07-06,DC003,SKU003,96,1,0,0,0,0,320,512,1
2026-07-07,DC003,SKU003,55,1,0,0,0,0,320,512,1
2026-07-08,DC003,SKU003,92,1,0,0,0,1142,320,512,0
2026-07-09,DC003,SKU003,79,1,0,1050,88,0,320,512,0
2026-07-10,DC003,SKU003,68,1,0,971,116,0,320,512,0
2026-07-11,DC003,SKU003,73,1,0,903,61,0,320,512,0
2026-07-12,DC003,SKU003,74,1,0,830,35,0,320,512,0
2026-07-13,DC003,SKU003,118,1,1,756,44,0,320,512,0
2026-07-14,DC003,SKU003,89,1,0,638,92,0,320,512,0
2026-07-15,DC003,SKU003,100,1,0,549,80,0,320,512,0
2026-07-16,DC003,SKU003,129,1,0,449,47,0,320,512,0
2026-07-17,DC003,SKU003,112,1,0,320,14,0,320,512,1
2026-07-18,DC003,SKU003,70,1,0,208,25,1280,320,512,0
2026-07-19,DC003,SKU003,92,1,0,1418,60,0,320,512,0
2026-07-20,DC003,SKU003,54,1,0,1326,69,0,320,512,0
2026-07-21,DC003,SKU003,68,1,1,1272,123,0,320,512,0
2026-07-22,DC003,SKU003,124,1,0,1204,121,0,320,512,0
2026-07-23,DC003,SKU003,70,1,0,1080,106,0,320,512,0
2026-07-24,DC003,SKU003,96,1,0,1010,4,0,320,512,0
2026-07-25,DC003,SKU003,57,1,0,914,96,0,320,512,0
2026-07-26,DC003,SKU003,21,0,0,857,40,0,320,512,0
2026-07-27,DC003,SKU003,99,0,1,836,43,0,320,512,0
2026-07-28,DC003,SKU003,105,0,0,737,59,0,320,512,0
2026-07-29,DC003,SKU003,114,0,0,632,62,0,320,512,0
2026-07-30,DC003,SKU003,73,0,0,518,10,1147,320,512,0
2026-07-31,DC003,SKU003,46,0,0,1592,180,0,320,512,0
2026-08-01,DC003,SKU003,63,0,0,1546,204,0,320,512,0
2026-08-02,DC003,SKU003,62,0,0,1483,110,0,320,512,0
2026-08-03,DC003,SKU003,73,0,0,1421,66,0,320,512,0
2026-08-04,DC003,SKU003,60,0,0,1348,156,0,320,512,0
2026-08-05,DC003,SKU003,59,0,1,1288,130,0,320,512,0
2026-08-06,DC003,SKU003,86,0,0,1229,14,0,320,512,0
2026-08-07,DC003,SKU003,36,0,0,1143,16,0,320,512,0
2026-08-08,DC003,SKU003,63,0,0,1107,93,0,320,512,0
2026-08-09,DC003,SKU003,86,0,0,1044,71,0,320,512,0
2026-08-10,DC003,SKU003,87,0,0,958,60,0,320,512,0
2026-08-11,DC003,SKU003,49,0,1,871,63,0,320,512,0
2026-08-12,DC003,SKU003,78,0,0,822,89,0,320,512,0
2026-08-13,DC003,SKU003,58,0,0,744,52,0,320,512,0
2026-04-16,DC003,SKU004,34,0,0,570,69,0,176,282,0
2026-04-17,DC003,SKU004,33,0,0,536,36,0,176,282,0
2026-04-18,DC003,SKU004,34,0,0,503,29,0,176,282,0
2026-04-19,DC003,SKU004,27,0,0,469,5,0,176,282,0
2026-04-20,DC003,SKU004,29,0,0,442,46,0,176,282,0
2026-04-21,DC003,SKU004,19,0,0,413,27,0,176,282,0
2026-04-22,DC003,SKU004,47,0,0,394,30,0,176,282,0
2026-04-23,DC003,SKU004,47,0,1,347,0,0,176,282,0
2026-04-24,DC003,SKU004,31,0,0,300,9,0,176,282,0
2026-04-25,DC003,SKU004,26,0,0,269,37,0,176,282,0
2026-04-26,DC003,SKU004,30,0,0,243,6,0,176,282,0
2026-04-27,DC003,SKU004,18,0,0,213,27,0,176,282,0
2026-04-28,DC003,SKU004,27,0,0,195,29,556,176,282,0
2026-04-29,DC003,SKU004,40,0,0,724,89,0,176,282,0
2026-04-30,DC003,SKU004,28,0,0,684,97,0,176,282,0
2026-05-01,DC003,SKU004,33,0,0,656,8,0,176,282,0
2026-05-02,DC003,SKU004,29,0,0,623,77,0,176,282,0
2026-05-03,DC003,SKU004,38,0,0,594,18,0,176,282,0
2026-05-04,DC003,SKU004,30,0,0,556,35,0,176,282,0
2026-05-05,DC003,SKU004,17,0,0,526,28,0,176,282,0
2026-05-06,DC003,SKU004,26,0,0,509,37,0,176,282,0
2026-05-07,DC003,SKU004,26,0,0,483,41,0,176,282,0
2026-05-08,DC003,SKU004,39,0,0,457,45,0,176,282,0
2026-05-09,DC003,SKU004,36,0,0,418,43,0,176,282,0
2026-05-10,DC003,SKU004,38,0,1,382,14,0,176,282,0
2026-05-11,DC003,SKU004,33,0,0,344,0,0,176,282,0
2026-05-12,DC003,SKU004,34,0,0,311,0,0,176,282,0
2026-05-13,DC003,SKU004,33,0,0,277,29,494,176,282,0
2026-05-14,DC003,SKU004,29,0,0,738,72,0,176,282,0
2026-05-15,DC003,SKU004,21,0,0,709,19,0,176,282,0
2026-05-16,DC003,SKU004,24,0,0,688,40,0,176,282,0
2026-05-17,DC003,SKU004,25,0,0,664,43,0,176,282,0
2026-05-18,DC003,SKU004,25,0,0,639,4,0,176,282,0
2026-05-19,DC003,SKU004,32,0,0,614,7,0,176,282,0
2026-05-20,DC003,SKU004,30,0,0,582,50,0,176,282,0
2026-05-21,DC003,SKU004,28,0,0,552,73,0,176,282,0
2026-05-22,DC003,SKU004,20,0,0,524,11,0,176,282,0
2026-05-23,DC003,SKU004,23,0,0,504,10,0,176,282,0
2026-05-24,DC003,SKU004,24,0,0,481,69,0,176,282,0
2026-05-25,DC003,SKU004,23,0,0,457,67,0,176,282,0
2026-05-26,DC003,SKU004,17,0,0,434,11,0,176,282,0
2026-05-27,DC003,SKU004,26,0,0,417,59,0,176,282,0
2026-05-28,DC003,SKU004,21,0,0,391,21,0,176,282,0
2026-05-29,DC003,SKU004,27,0,0,370,25,0,176,282,0
2026-05-30,DC003,SKU004,25,0,0,343,22,0,176,282,0
2026-05-31,DC003,SKU004,28,0,0,318,15,0,176,282,0
2026-06-01,DC003,SKU004,34,0,0,290,37,438,176,282,0
2026-06-02,DC003,SKU004,37,0,0,694,80,0,176,282,0
2026-06-03,DC003,SKU004,32,0,0,657,69,0,176,282,0
2026-06-04,DC003,SKU004,32,0,0,625,49,0,176,282,0
2026-06-05,DC003,SKU004,32,0,0,593,59,0,176,282,0
2026-06-06,DC003,SKU004,32,0,0,561,2,0,176,282,0
2026-06-07,DC003,SKU004,18,0,0,529,11,0,176,282,0
2026-06-08,DC003,SKU004,34,0,0,511,64,0,176,282,0
2026-06-09,DC003,SKU004,21,0,0,477,21,0,176,282,0
2026-06-10,DC003,SKU004,47,0,1,456,57,0,176,282,0
2026-06-11,DC003,SKU004,30,0,0,409,32,0,176,282,0
2026-06-12,DC003,SKU004,45,0,0,379,1,0,176,282,0
2026-06-13,DC003,SKU004,25,0,0,334,39,0,176,282,0
2026-06-14,DC003,SKU004,29,0,0,309,1,0,176,282,0
2026-06-15,DC003,SKU004,45,1,1,280,18,0,176,282,0
2026-06-16,DC003,SKU004,32,1,0,235,21,483,176,282,0
2026-06-17,DC003,SKU004,34,1,0,686,99,0,176,282,0
2026-06-18,DC003,SKU004,39,1,0,652,93,0,176,282,0
2026-06-19,DC003,SKU004,25,1,0,613,34,0,176,282,0
2026-06-20,DC003,SKU004,31,1,0,588,62,0,176,282,0
2026-06-21,DC003,SKU004,29,1,1,557,83,0,176,282,0
2026-06-22,DC003,SKU004,30,1,0,528,1,0,176,282,0
2026-06-23,DC003,SKU004,28,1,0,498,53,0,176,282,0
2026-06-24,DC003,SKU004,34,1,0,470,46,0,176,282,0
2026-06-25,DC003,SKU004,24,1,0,436,9,0,176,282,0
2026-06-26,DC003,SKU004,18,1,0,412,21,0,176,282,0
2026-06-27,DC003,SKU004,29,1,0,394,32,0,176,282,0
2026-06-28,DC003,SKU004,36,1,0,365,48,0,176,282,0
2026-06-29,DC003,SKU004,33,1,0,329,18,0,176,282,0
2026-06-30,DC003,SKU004,29,1,0,296,8,0,176,282,0
2026-07-01,DC003,SKU004,35,1,0,267,38,0,176,282,0
2026-07-02,DC003,SKU004,34,1,0,232,1,0,176,282,0
2026-07-03,DC003,SKU004,33,1,0,198,17,566,176,282,0
2026-07-04,DC003,SKU004,28,1,0,731,9,0,176,282,0
2026-07-05,DC003,SKU004,33,1,0,703,96,0,176,282,0
2026-07-06,DC003,SKU004,14,1,0,670,26,0,176,282,0
2026-07-07,DC003,SKU004,30,1,0,656,1,0,176,282,0
2026-07-08,DC003,SKU004,24,1,0,626,6,0,176,282,0
2026-07-09,DC003,SKU004,25,1,0,602,78,0,176,282,0
2026-07-10,DC003,SKU004,22,1,0,577,18,0,176,282,0
2026-07-11,DC003,SKU004,29,1,1,555,63,0,176,282,0
2026-07-12,DC003,SKU004,40,1,0,526,27,0,176,282,0
2026-07-13,DC003,SKU004,32,1,0,486,3,0,176,282,0
2026-07-14,DC003,SKU004,31,1,0,454,2,0,176,282,0
2026-07-15,DC003,SKU004,28,1,0,423,59,0,176,282,0
2026-07-16,DC003,SKU004,35,1,0,395,55,0,176,282,0
2026-07-17,DC003,SKU004,28,1,0,360,21,0,176,282,0
2026-07-18,DC003,SKU004,27,1,0,332,24,0,176,282,0
2026-07-19,DC003,SKU004,29,1,0,305,35,0,176,282,0
2026-07-20,DC003,SKU004,33,1,0,276,8,0,176,282,0
2026-07-21,DC003,SKU004,18,1,0,243,30,0,176,282,0
2026-07-22,DC003,SKU004,22,1,0,225,33,446,176,282,0
2026-07-23,DC003,SKU004,32,1,0,649,23,0,176,282,0
2026-07-24,DC003,SKU004,22,1,0,617,30,0,176,282,0
2026-07-25,DC003,SKU004,21,1,0,595,25,0,176,282,0
2026-07-26,DC003,SKU004,32,0,0,574,30,0,176,282,0
2026-07-27,DC003,SKU004,38,0,0,542,53,0,176,282,0
2026-07-28,DC003,SKU004,43,0,0,504,9,0,176,282,0
2026-07-29,DC003,SKU004,27,0,0,461,28,0,176,282,0
2026-07-30,DC003,SKU004,34,0,0,434,34,0,176,282,0
2026-07-31,DC003,SKU004,29,0,0,400,49,0,176,282,0
2026-08-01,DC003,SKU004,25,0,0,371,8,0,176,282,0
2026-08-02,DC003,SKU004,31,0,0,346,21,0,176,282,0
2026-08-03,DC003,SKU004,32,0,0,315,44,0,176,282,0
2026-08-04,DC003,SKU004,21,0,0,283,41,0,176,282,0
2026-08-05,DC003,SKU004,21,0,0,262,8,0,176,282,0
2026-08-06,DC003,SKU004,17,0,1,241,28,0,176,282,0
2026-08-07,DC003,SKU004,22,0,0,224,6,0,176,282,0
2026-08-08,DC003,SKU004,31,0,0,202,14,0,176,282,0
2026-08-09,DC003,SKU004,38,0,0,171,25,0,176,282,1
2026-08-10,DC003,SKU004,26,0,0,133,1,0,176,282,1
2026-08-11,DC003,SKU004,25,0,0,107,13,0,176,282,1
2026-08-12,DC003,SKU004,42,0,0,82,4,0,176,282,1
2026-08-13,DC003,SKU004,30,0,0,40,4,0,176,282,1
2026-04-16,DC003,SKU005,29,0,0,665,77,0,176,282,0
2026-04-17,DC003,SKU005,22,0,0,636,84,0,176,282,0
2026-04-18,DC003,SKU005,42,0,0,614,42,0,176,282,0
2026-04-19,DC003,SKU005,32,0,0,572,28,0,176,282,0
2026-04-20,DC003,SKU005,27,0,0,540,71,0,176,282,0
2026-04-21,DC003,SKU005,37,0,0,513,14,0,176,282,0
2026-04-22,DC003,SKU005,24,0,0,476,19,0,176,282,0
2026-04-23,DC003,SKU005,38,0,0,452,47,0,176,282,0
2026-04-24,DC003,SKU005,48,0,0,414,47,0,176,282,0
2026-04-25,DC003,SKU005,36,0,0,366,43,0,176,282,0
2026-04-26,DC003,SKU005,37,0,0,330,40,0,176,282,0
2026-04-27,DC003,SKU005,42,0,0,293,9,0,176,282,0
2026-04-28,DC003,SKU005,47,0,0,251,17,0,176,282,0
2026-04-29,DC003,SKU005,26,0,0,204,20,694,176,282,0
2026-04-30,DC003,SKU005,29,0,0,872,70,0,176,282,0
2026-05-01,DC003,SKU005,44,0,0,843,68,0,176,282,0
2026-05-02,DC003,SKU005,52,0,0,799,46,0,176,282,0
2026-05-03,DC003,SKU005,41,0,0,747,98,0,176,282,0
2026-05-04,DC003,SKU005,30,0,0,706,3,0,176,282,0
2026-05-05,DC003,SKU005,39,0,0,676,77,0,176,282,0
2026-05-06,DC003,SKU005,35,0,0,637,2,0,176,282,0
2026-05-07,DC003,SKU005,44,0,0,602,9,0,176,282,0
2026-05-08,DC003,SKU005,30,0,0,558,63,0,176,282,0
2026-05-09,DC003,SKU005,26,0,0,528,29,0,176,282,0
2026-05-10,DC003,SKU005,39,0,0,502,49,0,176,282,0
2026-05-11,DC003,SKU005,30,0,0,463,21,0,176,282,0
2026-05-12,DC003,SKU005,24,0,0,433,41,0,176,282,0
2026-05-13,DC003,SKU005,30,0,0,409,0,0,176,282,0
2026-05-14,DC003,SKU005,42,0,0,379,28,0,176,282,0
2026-05-15,DC003,SKU005,36,0,0,337,23,0,176,282,0
2026-05-16,DC003,SKU005,33,0,0,301,2,0,176,282,0
2026-05-17,DC003,SKU005,29,0,0,268,12,0,176,282,0
2026-05-18,DC003,SKU005,30,0,0,239,21,474,176,282,0
2026-05-19,DC003,SKU005,25,0,0,683,93,0,176,282,0
2026-05-20,DC003,SKU005,40,0,0,658,91,0,176,282,0
2026-05-21,DC003,SKU005,57,0,0,618,89,0,176,282,0
2026-05-22,DC003,SKU005,39,0,0,561,45,0,176,282,0
2026-05-23,DC003,SKU005,32,0,1,522,4,0,176,282,0
2026-05-24,DC003,SKU005,31,0,0,490,65,0,176,282,0
2026-05-25,DC003,SKU005,42,0,0,459,55,0,176,282,0
2026-05-26,DC003,SKU005,33,0,0,417,28,0,176,282,0
2026-05-27,DC003,SKU005,26,0,0,384,6,0,176,282,0
2026-05-28,DC003,SKU005,28,0,0,358,28,0,176,282,0
2026-05-29,DC003,SKU005,29,0,0,330,21,0,176,282,0
2026-05-30,DC003,SKU005,56,0,0,301,32,549,176,282,0
2026-05-31,DC003,SKU005,38,0,0,794,2,0,176,282,0
2026-06-01,DC003,SKU005,33,0,0,756,52,0,176,282,0
2026-06-02,DC003,SKU005,40,0,0,723,21,0,176,282,0
2026-06-03,DC003,SKU005,57,0,1,683,85,0,176,282,0
2026-06-04,DC003,SKU005,9,0,0,626,24,0,176,282,0
2026-06-05,DC003,SKU005,54,0,1,617,82,0,176,282,0
2026-06-06,DC003,SKU005,34,0,0,563,74,0,176,282,0
2026-06-07,DC003,SKU005,48,0,0,529,58,0,176,282,0
2026-06-08,DC003,SKU005,32,0,0,481,6,0,176,282,0
2026-06-09,DC003,SKU005,16,0,0,449,42,0,176,282,0
2026-06-10,DC003,SKU005,28,0,0,433,13,0,176,282,0
2026-06-11,DC003,SKU005,27,0,0,405,24,0,176,282,0
2026-06-12,DC003,SKU005,29,0,0,378,54,0,176,282,0
2026-06-13,DC003,SKU005,35,0,0,349,15,0,176,282,0
2026-06-14,DC003,SKU005,28,0,0,314,31,0,176,282,0
2026-06-15,DC003,SKU005,45,1,0,286,21,556,176,282,0
2026-06-16,DC003,SKU005,27,1,0,797,53,0,176,282,0
2026-06-17,DC003,SKU005,47,1,0,770,38,0,176,282,0
2026-06-18,DC003,SKU005,49,1,1,723,33,0,176,282,0
2026-06-19,DC003,SKU005,35,1,0,674,51,0,176,282,0
2026-06-20,DC003,SKU005,43,1,0,639,60,0,176,282,0
2026-06-21,DC003,SKU005,60,1,0,596,72,0,176,282,0
2026-06-22,DC003,SKU005,14,1,0,536,56,0,176,282,0
2026-06-23,DC003,SKU005,64,1,0,522,13,0,176,282,0
2026-06-24,DC003,SKU005,41,1,0,458,15,0,176,282,0
2026-06-25,DC003,SKU005,52,1,0,417,49,0,176,282,0
2026-06-26,DC003,SKU005,29,1,0,365,19,0,176,282,0
2026-06-27,DC003,SKU005,27,1,0,336,42,0,176,282,0
2026-06-28,DC003,SKU005,65,1,0,309,34,513,176,282,0
2026-06-29,DC003,SKU005,70,1,0,757,66,0,176,282,0
2026-06-30,DC003,SKU005,47,1,0,687,29,0,176,282,0
2026-07-01,DC003,SKU005,51,1,0,640,70,0,176,282,0
2026-07-02,DC003,SKU005,44,1,1,589,59,0,176,282,0
2026-07-03,DC003,SKU005,44,1,0,545,15,0,176,282,0
2026-07-04,DC003,SKU005,35,1,0,501,28,0,176,282,0
2026-07-05,DC003,SKU005,53,1,0,466,1,0,176,282,0
2026-07-06,DC003,SKU005,62,1,0,413,42,0,176,282,0
2026-07-07,DC003,SKU005,47,1,1,351,30,0,176,282,0
2026-07-08,DC003,SKU005,53,1,0,304,19,0,176,282,0
2026-07-09,DC003,SKU005,37,1,0,251,35,0,176,282,0
2026-07-10,DC003,SKU005,45,1,0,214,15,626,176,282,0
2026-07-11,DC003,SKU005,54,1,1,795,19,0,176,282,0
2026-07-12,DC003,SKU005,43,1,1,741,47,0,176,282,0
2026-07-13,DC003,SKU005,54,1,0,698,84,0,176,282,0
2026-07-14,DC003,SKU005,36,1,0,644,48,0,176,282,0
2026-07-15,DC003,SKU005,52,1,1,608,49,0,176,282,0
2026-07-16,DC003,SKU005,44,1,0,556,50,0,176,282,0
2026-07-17,DC003,SKU005,50,1,0,512,27,0,176,282,0
2026-07-18,DC003,SKU005,42,1,0,462,35,0,176,282,0
2026-07-19,DC003,SKU005,58,1,0,420,16,0,176,282,0
2026-07-20,DC003,SKU005,83,1,0,362,24,0,176,282,0
2026-07-21,DC003,SKU005,34,1,0,279,21,0,176,282,0
2026-07-22,DC003,SKU005,44,1,0,245,2,0,176,282,0
2026-07-23,DC003,SKU005,42,1,0,201,22,0,176,282,0
2026-07-24,DC003,SKU005,59,1,0,159,2,0,176,282,1
2026-07-25,DC003,SKU005,26,1,0,100,4,0,176,282,1
2026-07-26,DC003,SKU005,16,0,0,74,8,0,176,282,1
2026-07-27,DC003,SKU005,40,0,0,58,7,0,176,282,1
2026-07-28,DC003,SKU005,37,0,0,18,1,0,176,282,1
2026-07-29,DC003,SKU005,32,0,0,0,0,0,176,282,1
2026-07-30,DC003,SKU005,27,0,0,0,0,0,176,282,1
2026-07-31,DC003,SKU005,22,0,0,0,0,364,176,282,0
2026-08-01,DC003,SKU005,34,0,0,342,27,0,176,282,0
2026-08-02,DC003,SKU005,44,0,0,308,11,0,176,282,0
2026-08-03,DC003,SKU005,42,0,0,264,39,0,176,282,0
2026-08-04,DC003,SKU005,47,0,0,222,25,0,176,282,0
2026-08-05,DC003,SKU005,32,0,0,175,24,0,176,282,1
2026-08-06,DC003,SKU005,47,0,0,143,13,367,176,282,0
2026-08-07,DC003,SKU005,30,0,0,463,17,0,176,282,0
2026-08-08,DC003,SKU005,38,0,0,433,5,0,176,282,0
2026-08-09,DC003,SKU005,48,0,0,395,12,0,176,282,0
2026-08-10,DC003,SKU005,36,0,0,347,10,0,176,282,0
2026-08-11,DC003,SKU005,71,0,1,311,7,0,176,282,0
2026-08-12,DC003,SKU005,44,0,0,240,30,0,176,282,0
2026-08-13,DC003,SKU005,34,0,0,196,5,0,176,282,0
2026-04-16,DC003,SKU006,59,0,0,1235,163,0,320,512,0
2026-04-17,DC003,SKU006,68,0,0,1176,115,0,320,512,0
2026-04-18,DC003,SKU006,92,0,0,1108,157,0,320,512,0
2026-04-19,DC003,SKU006,47,0,1,1016,140,0,320,512,0
2026-04-20,DC003,SKU006,56,0,0,969,68,0,320,512,0
2026-04-21,DC003,SKU006,88,0,0,913,56,0,320,512,0
2026-04-22,DC003,SKU006,91,0,0,825,72,0,320,512,0
2026-04-23,DC003,SKU006,82,0,0,734,49,0,320,512,0
2026-04-24,DC003,SKU006,86,0,0,652,75,0,320,512,0
2026-04-25,DC003,SKU006,64,0,0,566,75,0,320,512,0
2026-04-26,DC003,SKU006,72,0,0,502,17,0,320,512,0
2026-04-27,DC003,SKU006,57,0,1,430,9,805,320,512,0
2026-04-28,DC003,SKU006,45,0,0,1178,167,0,320,512,0
2026-04-29,DC003,SKU006,71,0,0,1133,38,0,320,512,0
2026-04-30,DC003,SKU006,53,0,0,1062,54,0,320,512,0
2026-05-01,DC003,SKU006,78,0,1,1009,59,0,320,512,0
2026-05-02,DC003,SKU006,19,0,0,931,16,0,320,512,0
2026-05-03,DC003,SKU006,53,0,0,912,13,0,320,512,0
2026-05-04,DC003,SKU006,70,0,0,859,44,0,320,512,0
2026-05-05,DC003,SKU006,44,0,0,789,75,0,320,512,0
2026-05-06,DC003,SKU006,95,0,0,745,54,0,320,512,0
2026-05-07,DC003,SKU006,32,0,0,650,54,0,320,512,0
2026-05-08,DC003,SKU006,64,0,0,618,5,0,320,512,0
2026-05-09,DC003,SKU006,56,0,0,554,46,0,320,512,0
2026-05-10,DC003,SKU006,62,0,0,498,43,1147,320,512,0
2026-05-11,DC003,SKU006,51,0,0,1583,214,0,320,512,0
2026-05-12,DC003,SKU006,91,0,1,1532,154,0,320,512,0
2026-05-13,DC003,SKU006,55,0,0,1441,12,0,320,512,0
2026-05-14,DC003,SKU006,55,0,0,1386,106,0,320,512,0
2026-05-15,DC003,SKU006,66,0,0,1331,38,0,320,512,0
2026-05-16,DC003,SKU006,55,0,0,1265,162,0,320,512,0
2026-05-17,DC003,SKU006,107,0,0,1210,48,0,320,512,0
2026-05-18,DC003,SKU006,57,0,0,1103,4,0,320,512,0
2026-05-19,DC003,SKU006,70,0,0,1046,42,0,320,512,0
2026-05-20,DC003,SKU006,52,0,0,976,102,0,320,512,0
2026-05-21,DC003,SKU006,97,0,0,924,98,0,320,512,0
2026-05-22,DC003,SKU006,80,0,0,827,118,0,320,512,0
2026-05-23,DC003,SKU006,73,0,0,747,56,0,320,512,0
2026-05-24,DC003,SKU006,76,0,0,674,26,0,320,512,0
2026-05-25,DC003,SKU006,36,0,0,598,39,0,320,512,0
2026-05-26,DC003,SKU006,57,0,0,562,25,0,320,512,0
2026-05-27,DC003,SKU006,6,0,0,505,3,1028,320,512,0
2026-05-28,DC003,SKU006,48,0,0,1527,217,0,320,512,0
2026-05-29,DC003,SKU006,85,0,0,1479,72,0,320,512,0
2026-05-30,DC003,SKU006,48,0,0,1394,24,0,320,512,0
2026-05-31,DC003,SKU006,65,0,0,1346,156,0,320,512,0
2026-06-01,DC003,SKU006,72,0,0,1281,41,0,320,512,0
2026-06-02,DC003,SKU006,12,0,0,1209,177,0,320,512,0
2026-06-03,DC003,SKU006,55,0,1,1197,44,0,320,512,0
2026-06-04,DC003,SKU006,49,0,0,1142,140,0,320,512,0
2026-06-05,DC003,SKU006,68,0,0,1093,104,0,320,512,0
2026-06-06,DC003,SKU006,37,0,0,1025,66,0,320,512,0
2026-06-07,DC003,SKU006,15,0,0,988,117,0,320,512,0
2026-06-08,DC003,SKU006,59,0,0,973,19,0,320,512,0
2026-06-09,DC003,SKU006,66,0,0,914,117,0,320,512,0
2026-06-10,DC003,SKU006,98,0,1,848,66,0,320,512,0
2026-06-11,DC003,SKU006,54,0,0,750,97,0,320,512,0
2026-06-12,DC003,SKU006,36,0,0,696,103,0,320,512,0
2026-06-13,DC003,SKU006,57,0,0,660,82,0,320,512,0
2026-06-14,DC003,SKU006,46,0,0,603,16,0,320,512,0
2026-06-15,DC003,SKU006,87,1,0,557,8,0,320,512,0
2026-06-16,DC003,SKU006,111,1,0,470,26,0,320,512,0
2026-06-17,DC003,SKU006,47,1,0,359,51,773,320,512,0
2026-06-18,DC003,SKU006,158,1,0,1085,42,0,320,512,0
2026-06-19,DC003,SKU006,51,1,0,927,105,0,320,512,0
2026-06-20,DC003,SKU006,91,1,0,876,121,0,320,512,0
2026-06-21,DC003,SKU006,102,1,0,785,75,0,320,512,0
2026-06-22,DC003,SKU006,74,1,0,683,85,0,320,512,0
2026-06-23,DC003,SKU006,147,1,0,609,27,0,320,512,0
2026-06-24,DC003,SKU006,74,1,0,462,42,701,320,512,0
2026-06-25,DC003,SKU006,52,1,1,1089,122,0,320,512,0
2026-06-26,DC003,SKU006,122,1,0,1037,75,0,320,512,0
2026-06-27,DC003,SKU006,54,1,0,915,132,0,320,512,0
2026-06-28,DC003,SKU006,125,1,0,861,109,0,320,512,0
2026-06-29,DC003,SKU006,133,1,0,736,81,0,320,512,0
2026-06-30,DC003,SKU006,26,1,0,603,80,0,320,512,0
2026-07-01,DC003,SKU006,102,1,0,577,59,0,320,512,0
2026-07-02,DC003,SKU006,112,1,0,475,55,0,320,512,0
2026-07-03,DC003,SKU006,52,1,0,363,53,0,320,512,1
2026-07-04,DC003,SKU006,131,1,0,311,17,0,320,512,1
2026-07-05,DC003,SKU006,122,1,1,180,22,1295,320,512,0
2026-07-06,DC003,SKU006,93,1,0,1353,32,0,320,512,0
2026-07-07,DC003,SKU006,112,1,1,1260,4,0,320,512,0
2026-07-08,DC003,SKU006,80,1,0,1148,130,0,320,512,0
2026-07-09,DC003,SKU006,107,1,0,1068,8,0,320,512,0
2026-07-10,DC003,SKU006,110,1,0,961,32,0,320,512,0
2026-07-11,DC003,SKU006,61,1,0,851,124,0,320,512,0
2026-07-12,DC003,SKU006,101,1,0,790,6,0,320,512,0
2026-07-13,DC003,SKU006,133,1,0,689,54,0,320,512,0
2026-07-14,DC003,SKU006,108,1,0,556,2,0,320,512,0
2026-07-15,DC003,SKU006,67,1,0,448,47,0,320,512,0
2026-07-16,DC003,SKU006,87,1,0,381,0,0,320,512,0
2026-07-17,DC003,SKU006,121,1,0,294,10,0,320,512,1
2026-07-18,DC003,SKU006,40,1,1,173,12,0,320,512,1
2026-07-19,DC003,SKU006,124,1,0,133,11,0,320,512,1
2026-07-20,DC003,SKU006,72,1,0,9,0,0,320,512,1
2026-07-21,DC003,SKU006,97,1,1,0,0,911,320,512,0
2026-07-22,DC003,SKU006,118,1,0,814,76,0,320,512,0
2026-07-23,DC003,SKU006,73,1,0,696,68,0,320,512,0
2026-07-24,DC003,SKU006,88,1,0,623,67,0,320,512,0
2026-07-25,DC003,SKU006,94,1,0,535,25,1198,320,512,0
2026-07-26,DC003,SKU006,61,0,0,1639,161,0,320,512,0
2026-07-27,DC003,SKU006,60,0,0,1578,212,0,320,512,0
2026-07-28,DC003,SKU006,32,0,0,1518,188,0,320,512,0
2026-07-29,DC003,SKU006,27,0,0,1486,178,0,320,512,0
2026-07-30,DC003,SKU006,44,0,0,1459,149,0,320,512,0
2026-07-31,DC003,SKU006,69,0,0,1415,41,0,320,512,0
2026-08-01,DC003,SKU006,60,0,0,1346,50,0,320,512,0
2026-08-02,DC003,SKU006,45,0,0,1286,59,0,320,512,0
2026-08-03,DC003,SKU006,42,0,0,1241,103,0,320,512,0
2026-08-04,DC003,SKU006,86,0,0,1199,135,0,320,512,0
2026-08-05,DC003,SKU006,43,0,0,1113,66,0,320,512,0
2026-08-06,DC003,SKU006,38,0,0,1070,110,0,320,512,0
2026-08-07,DC003,SKU006,43,0,0,1032,109,0,320,512,0
2026-08-08,DC003,SKU006,104,0,0,989,10,0,320,512,0
2026-08-09,DC003,SKU006,87,0,0,885,37,0,320,512,0
2026-08-10,DC003,SKU006,66,0,0,798,86,0,320,512,0
2026-08-11,DC003,SKU006,70,0,0,732,6,0,320,512,0
2026-08-12,DC003,SKU006,65,0,0,662,59,0,320,512,0
2026-08-13,DC003,SKU006,41,0,0,597,30,0,320,512,0
2026-04-16,DC003,SKU007,48,0,0,1102,59,0,320,512,0
2026-04-17,DC003,SKU007,30,0,0,1054,37,0,320,512,0
2026-04-18,DC003,SKU007,36,0,0,1024,73,0,320,512,0
2026-04-19,DC003,SKU007,58,0,0,988,3,0,320,512,0
2026-04-20,DC003,SKU007,39,0,0,930,114,0,320,512,0
2026-04-21,DC003,SKU007,60,0,0,891,39,0,320,512,0
2026-04-22,DC003,SKU007,69,0,0,831,78,0,320,512,0
2026-04-23,DC003,SKU007,62,0,0,762,95,0,320,512,0
2026-04-24,DC003,SKU007,79,0,1,700,7,0,320,512,0
2026-04-25,DC003,SKU007,78,0,0,621,7,0,320,512,0
2026-04-26,DC003,SKU007,67,0,0,543,14,0,320,512,0
2026-04-27,DC003,SKU007,58,0,0,476,15,0,320,512,0
2026-04-28,DC003,SKU007,70,0,0,418,53,779,320,512,0
2026-04-29,DC003,SKU007,66,0,0,1127,84,0,320,512,0
2026-04-30,DC003,SKU007,25,0,0,1061,62,0,320,512,0
2026-05-01,DC003,SKU007,76,0,0,1036,63,0,320,512,0
2026-05-02,DC003,SKU007,70,0,1,960,52,0,320,512,0
2026-05-03,DC003,SKU007,59,0,0,890,88,0,320,512,0
2026-05-04,DC003,SKU007,48,0,0,831,59,0,320,512,0
2026-05-05,DC003,SKU007,78,0,0,783,34,0,320,512,0
2026-05-06,DC003,SKU007,62,0,0,705,49,0,320,512,0
2026-05-07,DC003,SKU007,66,0,0,643,5,0,320,512,0
2026-05-08,DC003,SKU007,92,0,0,577,0,0,320,512,0
2026-05-09,DC003,SKU007,46,0,0,485,26,0,320,512,0
2026-05-10,DC003,SKU007,62,0,0,439,46,0,320,512,0
2026-05-11,DC003,SKU007,52,0,0,377,4,0,320,512,0
2026-05-12,DC003,SKU007,54,0,0,325,43,0,320,512,1
2026-05-13,DC003,SKU007,51,0,0,271,21,0,320,512,1
2026-05-14,DC003,SKU007,54,0,0,220,24,0,320,512,1
2026-05-15,DC003,SKU007,56,0,0,166,16,0,320,512,1
2026-05-16,DC003,SKU007,68,0,1,110,5,616,320,512,0
2026-05-17,DC003,SKU007,78,0,0,658,79,0,320,512,0
2026-05-18,DC003,SKU007,58,0,0,580,19,0,320,512,0
2026-05-19,DC003,SKU007,71,0,0,522,16,0,320,512,0
2026-05-20,DC003,SKU007,27,0,0,451,10,0,320,512,0
2026-05-21,DC003,SKU007,60,0,0,424,36,0,320,512,0
2026-05-22,DC003,SKU007,62,0,0,364,25,0,320,512,0
2026-05-23,DC003,SKU007,39,0,0,302,34,0,320,512,1
2026-05-24,DC003,SKU007,61,0,0,263,4,0,320,512,1
2026-05-25,DC003,SKU007,36,0,0,202,12,598,320,512,0
2026-05-26,DC003,SKU007,81,0,0,764,75,0,320,512,0
2026-05-27,DC003,SKU007,70,0,0,683,29,0,320,512,0
2026-05-28,DC003,SKU007,65,0,0,613,18,0,320,512,0
2026-05-29,DC003,SKU007,68,0,0,548,79,0,320,512,0
2026-05-30,DC003,SKU007,45,0,0,480,56,0,320,512,0
2026-05-31,DC003,SKU007,47,0,0,435,36,0,320,512,0
2026-06-01,DC003,SKU007,45,0,0,388,50,0,320,512,0
2026-06-02,DC003,SKU007,38,0,0,343,36,0,320,512,1
2026-06-03,DC003,SKU007,75,0,0,305,36,0,320,512,1
2026-06-04,DC003,SKU007,54,0,0,230,11,0,320,512,1
2026-06-05,DC003,SKU007,39,0,0,176,25,0,320,512,1
2026-06-06,DC003,SKU007,21,0,0,137,0,0,320,512,1
2026-06-07,DC003,SKU007,65,0,0,116,8,0,320,512,1
2026-06-08,DC003,SKU007,68,0,0,51,2,0,320,512,1
2026-06-09,DC003,SKU007,65,0,0,0,0,663,320,512,0
2026-06-10,DC003,SKU007,78,0,1,598,21,0,320,512,0
2026-06-11,DC003,SKU007,70,0,0,520,19,0,320,512,0
2026-06-12,DC003,SKU007,44,0,0,450,16,0,320,512,0
2026-06-13,DC003,SKU007,57,0,0,406,23,0,320,512,0
2026-06-14,DC003,SKU007,43,0,0,349,28,938,320,512,0
2026-06-15,DC003,SKU007,97,1,1,1244,36,0,320,512,0
2026-06-16,DC003,SKU007,72,1,0,1147,156,0,320,512,0
2026-06-17,DC003,SKU007,69,1,0,1075,147,0,320,512,0
2026-06-18,DC003,SKU007,32,1,0,1006,123,0,320,512,0
2026-06-19,DC003,SKU007,82,1,1,974,135,0,320,512,0
2026-06-20,DC003,SKU007,68,1,0,892,31,0,320,512,0
2026-06-21,DC003,SKU007,66,1,0,824,65,0,320,512,0
2026-06-22,DC003,SKU007,43,1,0,758,32,0,320,512,0
2026-06-23,DC003,SKU007,64,1,0,715,66,0,320,512,0
2026-06-24,DC003,SKU007,69,1,0,651,29,0,320,512,0
2026-06-25,DC003,SKU007,52,1,0,582,18,0,320,512,0
2026-06-26,DC003,SKU007,56,1,0,530,33,921,320,512,0
2026-06-27,DC003,SKU007,78,1,0,1395,84,0,320,512,0
2026-06-28,DC003,SKU007,55,1,1,1317,151,0,320,512,0
2026-06-29,DC003,SKU007,101,1,1,1262,74,0,320,512,0
2026-06-30,DC003,SKU007,55,1,0,1161,132,0,320,512,0
2026-07-01,DC003,SKU007,54,1,0,1106,83,0,320,512,0
2026-07-02,DC003,SKU007,68,1,0,1052,40,0,320,512,0
2026-07-03,DC003,SKU007,45,1,0,984,59,0,320,512,0
2026-07-04,DC003,SKU007,29,1,0,939,129,0,320,512,0
2026-07-05,DC003,SKU007,80,1,0,910,87,0,320,512,0
2026-07-06,DC003,SKU007,66,1,1,830,11,0,320,512,0
2026-07-07,DC003,SKU007,92,1,1,764,35,0,320,512,0
2026-07-08,DC003,SKU007,55,1,0,672,91,0,320,512,0
2026-07-09,DC003,SKU007,39,1,0,617,10,0,320,512,0
2026-07-10,DC003,SKU007,85,1,1,578,9,0,320,512,0
2026-07-11,DC003,SKU007,47,1,0,493,10,946,320,512,0
2026-07-12,DC003,SKU007,59,1,0,1392,114,0,320,512,0
2026-07-13,DC003,SKU007,46,1,0,1333,45,0,320,512,0
2026-07-14,DC003,SKU007,54,1,0,1287,189,0,320,512,0
2026-07-15,DC003,SKU007,61,1,0,1233,6,0,320,512,0
2026-07-16,DC003,SKU007,68,1,0,1172,17,0,320,512,0
2026-07-17,DC003,SKU007,48,1,0,1104,106,0,320,512,0
2026-07-18,DC003,SKU007,36,1,0,1056,39,0,320,512,0
2026-07-19,DC003,SKU007,62,1,0,1020,122,0,320,512,0
2026-07-20,DC003,SKU007,56,1,0,958,28,0,320,512,0
2026-07-21,DC003,SKU007,51,1,0,902,49,0,320,512,0
2026-07-22,DC003,SKU007,50,1,0,851,16,0,320,512,0
2026-07-23,DC003,SKU007,30,1,0,801,68,0,320,512,0
2026-07-24,DC003,SKU007,57,1,0,771,50,0,320,512,0
2026-07-25,DC003,SKU007,61,1,0,714,94,0,320,512,0
2026-07-26,DC003,SKU007,53,0,0,653,11,0,320,512,0
2026-07-27,DC003,SKU007,97,0,1,600,33,0,320,512,0
2026-07-28,DC003,SKU007,69,0,0,503,53,0,320,512,0
2026-07-29,DC003,SKU007,75,0,1,434,37,738,320,512,0
2026-07-30,DC003,SKU007,63,0,0,1097,92,0,320,512,0
2026-07-31,DC003,SKU007,60,0,0,1034,46,0,320,512,0
2026-08-01,DC003,SKU007,53,0,0,974,18,0,320,512,0
2026-08-02,DC003,SKU007,71,0,0,921,68,0,320,512,0
2026-08-03,DC003,SKU007,60,0,0,850,113,0,320,512,0
2026-08-04,DC003,SKU007,55,0,0,790,43,0,320,512,0
2026-08-05,DC003,SKU007,78,0,1,735,64,0,320,512,0
2026-08-06,DC003,SKU007,49,0,0,657,43,0,320,512,0
2026-08-07,DC003,SKU007,64,0,0,608,60,0,320,512,0
2026-08-08,DC003,SKU007,55,0,0,544,23,0,320,512,0
2026-08-09,DC003,SKU007,62,0,0,489,33,866,320,512,0
2026-08-10,DC003,SKU007,58,0,0,1293,49,0,320,512,0
2026-08-11,DC003,SKU007,61,0,0,1235,14,0,320,512,0
2026-08-12,DC003,SKU007,38,0,0,1174,6,0,320,512,0
2026-08-13,DC003,SKU007,40,0,0,1136,91,0,320,512,0
2026-04-16,DC003,SKU008,8,0,0,266,7,0,80,128,0
2026-04-17,DC003,SKU008,14,0,0,258,7,0,80,128,0
2026-04-18,DC003,SKU008,14,0,0,244,34,0,80,128,0
2026-04-19,DC003,SKU008,9,0,1,230,17,0,80,128,0
2026-04-20,DC003,SKU008,9,0,0,221,13,0,80,128,0
2026-04-21,DC003,SKU008,15,0,0,212,28,0,80,128,0
2026-04-22,DC003,SKU008,16,0,1,197,6,0,80,128,0
2026-04-23,DC003,SKU008,12,0,0,181,6,0,80,128,0
2026-04-24,DC003,SKU008,13,0,0,169,6,0,80,128,0
2026-04-25,DC003,SKU008,12,0,0,156,17,0,80,128,0
2026-04-26,DC003,SKU008,9,0,0,144,12,0,80,128,0
2026-04-27,DC003,SKU008,12,0,0,135,15,0,80,128,0
2026-04-28,DC003,SKU008,12,0,0,123,0,0,80,128,0
2026-04-29,DC003,SKU008,9,0,0,111,14,0,80,128,0
2026-04-30,DC003,SKU008,13,0,0,102,13,196,80,128,0
2026-05-01,DC003,SKU008,16,0,1,285,15,0,80,128,0
2026-05-02,DC003,SKU008,15,0,0,269,17,0,80,128,0
2026-05-03,DC003,SKU008,13,0,0,254,22,0,80,128,0
2026-05-04,DC003,SKU008,14,0,0,241,8,0,80,128,0
2026-05-05,DC003,SKU008,9,0,0,227,16,0,80,128,0
2026-05-06,DC003,SKU008,10,0,0,218,4,0,80,128,0
2026-05-07,DC003,SKU008,10,0,0,208,23,0,80,128,0
2026-05-08,DC003,SKU008,12,0,0,198,16,0,80,128,0
2026-05-09,DC003,SKU008,14,0,0,186,16,0,80,128,0
2026-05-10,DC003,SKU008,10,0,0,172,14,0,80,128,0
2026-05-11,DC003,SKU008,17,0,0,162,9,0,80,128,0
2026-05-12,DC003,SKU008,14,0,0,145,15,0,80,128,0
2026-05-13,DC003,SKU008,16,0,0,131,9,0,80,128,0
2026-05-14,DC003,SKU008,15,0,0,115,15,0,80,128,0
2026-05-15,DC003,SKU008,11,0,0,100,7,0,80,128,0
2026-05-16,DC003,SKU008,17,0,0,89,7,0,80,128,0
2026-05-17,DC003,SKU008,11,0,0,72,10,0,80,128,1
2026-05-18,DC003,SKU008,14,0,0,61,6,0,80,128,1
2026-05-19,DC003,SKU008,13,0,0,47,0,206,80,128,0
2026-05-20,DC003,SKU008,14,0,1,240,18,0,80,128,0
2026-05-21,DC003,SKU008,13,0,0,226,1,0,80,128,0
2026-05-22,DC003,SKU008,14,0,0,213,31,0,80,128,0
2026-05-23,DC003,SKU008,9,0,0,199,29,0,80,128,0
2026-05-24,DC003,SKU008,19,0,0,190,3,0,80,128,0
2026-05-25,DC003,SKU008,13,0,0,171,20,0,80,128,0
2026-05-26,DC003,SKU008,16,0,0,158,6,0,80,128,0
2026-05-27,DC003,SKU008,16,0,0,142,9,0,80,128,0
2026-05-28,DC003,SKU008,13,0,0,126,14,0,80,128,0
2026-05-29,DC003,SKU008,16,0,0,113,13,0,80,128,0
2026-05-30,DC003,SKU008,17,0,0,97,13,219,80,128,0
2026-05-31,DC003,SKU008,10,0,0,299,33,0,80,128,0
2026-06-01,DC003,SKU008,17,0,0,289,36,0,80,128,0
2026-06-02,DC003,SKU008,15,0,0,272,14,0,80,128,0
2026-06-03,DC003,SKU008,12,0,0,257,13,0,80,128,0
2026-06-04,DC003,SKU008,13,0,0,245,4,0,80,128,0
2026-06-05,DC003,SKU008,14,0,0,232,2,0,80,128,0
2026-06-06,DC003,SKU008,13,0,0,218,3,0,80,128,0
2026-06-07,DC003,SKU008,18,0,1,205,29,0,80,128,0
2026-06-08,DC003,SKU008,9,0,0,187,24,0,80,128,0
2026-06-09,DC003,SKU008,13,0,0,178,20,0,80,128,0
2026-06-10,DC003,SKU008,16,0,1,165,13,0,80,128,0
2026-06-11,DC003,SKU008,15,0,0,149,12,0,80,128,0
2026-06-12,DC003,SKU008,15,0,0,134,12,0,80,128,0
2026-06-13,DC003,SKU008,18,0,0,119,7,0,80,128,0
2026-06-14,DC003,SKU008,16,0,0,101,7,0,80,128,0
2026-06-15,DC003,SKU008,15,1,0,85,0,0,80,128,0
2026-06-16,DC003,SKU008,20,1,1,70,8,0,80,128,1
2026-06-17,DC003,SKU008,13,1,0,50,1,0,80,128,1
2026-06-18,DC003,SKU008,10,1,0,37,4,0,80,128,1
2026-06-19,DC003,SKU008,10,1,0,27,0,0,80,128,1
2026-06-20,DC003,SKU008,11,1,0,17,0,0,80,128,1
2026-06-21,DC003,SKU008,16,1,0,6,0,0,80,128,1
2026-06-22,DC003,SKU008,14,1,0,0,0,0,80,128,1
2026-06-23,DC003,SKU008,13,1,0,0,0,0,80,128,1
2026-06-24,DC003,SKU008,9,1,0,0,0,0,80,128,1
2026-06-25,DC003,SKU008,10,1,0,0,0,0,80,128,1
2026-06-26,DC003,SKU008,13,1,0,0,0,0,80,128,1
2026-06-27,DC003,SKU008,15,1,0,0,0,0,80,128,1
2026-06-28,DC003,SKU008,16,1,0,0,0,0,80,128,1
2026-06-29,DC003,SKU008,9,1,0,0,0,0,80,128,1
2026-06-30,DC003,SKU008,15,1,0,0,0,0,80,128,1
2026-07-01,DC003,SKU008,14,1,1,0,0,0,80,128,1
2026-07-02,DC003,SKU008,12,1,0,0,0,0,80,128,1
2026-07-03,DC003,SKU008,17,1,0,0,0,0,80,128,1
2026-07-04,DC003,SKU008,13,1,0,0,0,0,80,128,1
2026-07-05,DC003,SKU008,14,1,0,0,0,0,80,128,1
2026-07-06,DC003,SKU008,12,1,0,0,0,0,80,128,1
2026-07-07,DC003,SKU008,9,1,0,0,0,0,80,128,1
2026-07-08,DC003,SKU008,20,1,0,0,0,0,80,128,1
2026-07-09,DC003,SKU008,9,1,0,0,0,235,80,128,0
2026-07-10,DC003,SKU008,12,1,0,226,30,0,80,128,0
2026-07-11,DC003,SKU008,16,1,0,214,1,0,80,128,0
2026-07-12,DC003,SKU008,19,1,0,198,18,0,80,128,0
2026-07-13,DC003,SKU008,19,1,0,179,1,0,80,128,0
2026-07-14,DC003,SKU008,14,1,0,160,18,0,80,128,0
2026-07-15,DC003,SKU008,11,1,0,146,21,0,80,128,0
2026-07-16,DC003,SKU008,19,1,1,135,18,0,80,128,0
2026-07-17,DC003,SKU008,14,1,0,116,1,0,80,128,0
2026-07-18,DC003,SKU008,13,1,0,102,4,0,80,128,0
2026-07-19,DC003,SKU008,15,1,0,89,4,0,80,128,0
2026-07-20,DC003,SKU008,14,1,0,74,0,0,80,128,1
2026-07-21,DC003,SKU008,13,1,0,60,0,0,80,128,1
2026-07-22,DC003,SKU008,14,1,0,47,5,0,80,128,1
2026-07-23,DC003,SKU008,13,1,0,33,3,0,80,128,1
2026-07-24,DC003,SKU008,16,1,0,20,0,215,80,128,0
2026-07-25,DC003,SKU008,18,1,0,219,22,0,80,128,0
2026-07-26,DC003,SKU008,13,0,1,201,10,0,80,128,0
2026-07-27,DC003,SKU008,13,0,0,188,1,0,80,128,0
2026-07-28,DC003,SKU008,13,0,0,175,19,0,80,128,0
2026-07-29,DC003,SKU008,18,0,0,162,22,0,80,128,0
2026-07-30,DC003,SKU008,13,0,0,144,4,0,80,128,0
2026-07-31,DC003,SKU008,14,0,0,131,13,0,80,128,0
2026-08-01,DC003,SKU008,15,0,0,117,12,0,80,128,0
2026-08-02,DC003,SKU008,12,0,0,102,3,0,80,128,0
2026-08-03,DC003,SKU008,15,0,0,90,8,0,80,128,0
2026-08-04,DC003,SKU008,13,0,0,75,2,0,80,128,1
2026-08-05,DC003,SKU008,17,0,0,62,5,142,80,128,0
2026-08-06,DC003,SKU008,15,0,0,187,23,0,80,128,0
2026-08-07,DC003,SKU008,12,0,0,172,8,0,80,128,0
2026-08-08,DC003,SKU008,14,0,0,160,15,0,80,128,0
2026-08-09,DC003,SKU008,16,0,0,146,13,0,80,128,0
2026-08-10,DC003,SKU008,17,0,0,130,11,0,80,128,0
2026-08-11,DC003,SKU008,9,0,0,113,6,0,80,128,0
2026-08-12,DC003,SKU008,11,0,0,104,7,0,80,128,0
2026-08-13,DC003,SKU008,12,0,0,93,3,0,80,128,0
2026-04-16,DC003,SKU009,33,0,0,608,21,0,176,282,0
2026-04-17,DC003,SKU009,33,0,0,575,0,0,176,282,0
2026-04-18,DC003,SKU009,41,0,0,542,75,0,176,282,0
2026-04-19,DC003,SKU009,37,0,0,501,72,0,176,282,0
2026-04-20,DC003,SKU009,36,0,0,464,26,0,176,282,0
2026-04-21,DC003,SKU009,20,0,1,428,46,0,176,282,0
2026-04-22,DC003,SKU009,26,0,0,408,31,0,176,282,0
2026-04-23,DC003,SKU009,40,0,0,382,0,0,176,282,0
2026-04-24,DC003,SKU009,32,0,0,342,50,0,176,282,0
2026-04-25,DC003,SKU009,43,0,1,310,27,0,176,282,0
2026-04-26,DC003,SKU009,29,0,0,267,10,0,176,282,0
2026-04-27,DC003,SKU009,39,0,0,238,0,0,176,282,0
2026-04-28,DC003,SKU009,28,0,0,199,1,0,176,282,0
2026-04-29,DC003,SKU009,20,0,0,171,10,0,176,282,1
2026-04-30,DC003,SKU009,28,0,0,151,10,0,176,282,1
2026-05-01,DC003,SKU009,29,0,0,123,1,0,176,282,1
2026-05-02,DC003,SKU009,39,0,0,94,2,535,176,282,0
2026-05-03,DC003,SKU009,32,0,0,590,1,0,176,282,0
2026-05-04,DC003,SKU009,38,0,0,558,14,0,176,282,0
2026-05-05,DC003,SKU009,21,0,0,520,37,0,176,282,0
2026-05-06,DC003,SKU009,32,0,0,499,59,0,176,282,0
2026-05-07,DC003,SKU009,36,0,0,467,31,0,176,282,0
2026-05-08,DC003,SKU009,30,0,0,431,12,0,176,282,0
2026-05-09,DC003,SKU009,34,0,0,401,54,0,176,282,0
2026-05-10,DC003,SKU009,41,0,0,367,42,0,176,282,0
2026-05-11,DC003,SKU009,38,0,0,326,19,0,176,282,0
2026-05-12,DC003,SKU009,42,0,0,288,14,0,176,282,0
2026-05-13,DC003,SKU009,37,0,0,246,9,0,176,282,0
2026-05-14,DC003,SKU009,23,0,0,209,18,0,176,282,0
2026-05-15,DC003,SKU009,38,0,0,186,8,0,176,282,0
2026-05-16,DC003,SKU009,25,0,0,148,14,0,176,282,1
2026-05-17,DC003,SKU009,24,0,0,123,12,0,176,282,1
2026-05-18,DC003,SKU009,27,0,0,99,10,620,176,282,0
2026-05-19,DC003,SKU009,28,0,0,692,89,0,176,282,0
2026-05-20,DC003,SKU009,39,0,0,664,15,0,176,282,0
2026-05-21,DC003,SKU009,35,0,1,625,73,0,176,282,0
2026-05-22,DC003,SKU009,31,0,1,590,59,0,176,282,0
2026-05-23,DC003,SKU009,45,0,1,559,70,0,176,282,0
2026-05-24,DC003,SKU009,24,0,0,514,5,0,176,282,0
2026-05-25,DC003,SKU009,37,0,0,490,12,0,176,282,0
2026-05-26,DC003,SKU009,26,0,0,453,38,0,176,282,0
2026-05-27,DC003,SKU009,23,0,0,427,24,0,176,282,0
2026-05-28,DC003,SKU009,26,0,0,404,32,0,176,282,0
2026-05-29,DC003,SKU009,19,0,0,378,44,0,176,282,0
2026-05-30,DC003,SKU009,21,0,1,359,34,0,176,282,0
2026-05-31,DC003,SKU009,23,0,0,338,25,0,176,282,0
2026-06-01,DC003,SKU009,29,0,0,315,14,0,176,282,0
2026-06-02,DC003,SKU009,23,0,0,286,18,0,176,282,0
2026-06-03,DC003,SKU009,36,0,0,263,11,0,176,282,0
2026-06-04,DC003,SKU009,29,0,0,227,14,438,176,282,0
2026-06-05,DC003,SKU009,23,0,0,636,11,0,176,282,0
2026-06-06,DC003,SKU009,27,0,0,613,40,0,176,282,0
2026-06-07,DC003,SKU009,39,0,0,586,48,0,176,282,0
2026-06-08,DC003,SKU009,31,0,0,547,75,0,176,282,0
2026-06-09,DC003,SKU009,35,0,0,516,42,0,176,282,0
2026-06-10,DC003,SKU009,35,0,0,481,45,0,176,282,0
2026-06-11,DC003,SKU009,27,0,0,446,64,0,176,282,0
2026-06-12,DC003,SKU009,34,0,0,419,39,0,176,282,0
2026-06-13,DC003,SKU009,29,0,0,385,38,0,176,282,0
2026-06-14,DC003,SKU009,23,0,0,356,20,0,176,282,0
2026-06-15,DC003,SKU009,43,1,0,333,27,0,176,282,0
2026-06-16,DC003,SKU009,29,1,0,290,22,0,176,282,0
2026-06-17,DC003,SKU009,30,1,1,261,6,0,176,282,0
2026-06-18,DC003,SKU009,31,1,0,231,33,0,176,282,0
2026-06-19,DC003,SKU009,35,1,0,200,24,0,176,282,0
2026-06-20,DC003,SKU009,56,1,1,165,18,0,176,282,1
2026-06-21,DC003,SKU009,48,1,0,109,16,0,176,282,1
2026-06-22,DC003,SKU009,35,1,0,61,1,0,176,282,1
2026-06-23,DC003,SKU009,36,1,0,26,0,0,176,282,1
2026-06-24,DC003,SKU009,35,1,0,0,0,0,176,282,1
2026-06-25,DC003,SKU009,28,1,0,0,0,0,176,282,1
2026-06-26,DC003,SKU009,40,1,0,0,0,0,176,282,1
2026-06-27,DC003,SKU009,27,1,1,0,0,0,176,282,1
2026-06-28,DC003,SKU009,21,1,0,0,0,0,176,282,1
2026-06-29,DC003,SKU009,42,1,0,0,0,0,176,282,1
2026-06-30,DC003,SKU009,41,1,0,0,0,0,176,282,1
2026-07-01,DC003,SKU009,47,1,0,0,0,0,176,282,1
2026-07-02,DC003,SKU009,39,1,0,0,0,0,176,282,1
2026-07-03,DC003,SKU009,20,1,0,0,0,503,176,282,0
2026-07-04,DC003,SKU009,33,1,0,483,13,0,176,282,0
2026-07-05,DC003,SKU009,40,1,0,450,28,0,176,282,0
2026-07-06,DC003,SKU009,34,1,0,410,29,0,176,282,0
2026-07-07,DC003,SKU009,44,1,0,376,31,0,176,282,0
2026-07-08,DC003,SKU009,31,1,0,332,7,0,176,282,0
2026-07-09,DC003,SKU009,25,1,0,301,17,0,176,282,0
2026-07-10,DC003,SKU009,31,1,0,276,34,431,176,282,0
2026-07-11,DC003,SKU009,22,1,0,676,85,0,176,282,0
2026-07-12,DC003,SKU009,38,1,0,654,48,0,176,282,0
2026-07-13,DC003,SKU009,30,1,0,616,12,0,176,282,0
2026-07-14,DC003,SKU009,35,1,0,586,2,0,176,282,0
2026-07-15,DC003,SKU009,43,1,1,551,72,0,176,282,0
2026-07-16,DC003,SKU009,30,1,0,508,43,0,176,282,0
2026-07-17,DC003,SKU009,33,1,1,478,62,0,176,282,0
2026-07-18,DC003,SKU009,35,1,0,445,15,0,176,282,0
2026-07-19,DC003,SKU009,37,1,0,410,44,0,176,282,0
2026-07-20,DC003,SKU009,33,1,0,373,32,0,176,282,0
2026-07-21,DC003,SKU009,23,1,0,340,31,0,176,282,0
2026-07-22,DC003,SKU009,45,1,0,317,1,0,176,282,0
2026-07-23,DC003,SKU009,33,1,0,272,3,0,176,282,0
2026-07-24,DC003,SKU009,36,1,0,239,8,0,176,282,0
2026-07-25,DC003,SKU009,27,1,0,203,21,0,176,282,0
2026-07-26,DC003,SKU009,53,0,0,176,4,0,176,282,1
2026-07-27,DC003,SKU009,30,0,0,123,12,592,176,282,0
2026-07-28,DC003,SKU009,55,0,1,685,15,0,176,282,0
2026-07-29,DC003,SKU009,29,0,0,630,87,0,176,282,0
2026-07-30,DC003,SKU009,33,0,0,601,54,0,176,282,0
2026-07-31,DC003,SKU009,26,0,0,568,42,0,176,282,0
2026-08-01,DC003,SKU009,40,0,0,542,77,0,176,282,0
2026-08-02,DC003,SKU009,25,0,0,502,22,0,176,282,0
2026-08-03,DC003,SKU009,26,0,0,477,22,0,176,282,0
2026-08-04,DC003,SKU009,41,0,0,451,49,0,176,282,0
2026-08-05,DC003,SKU009,36,0,0,410,1,0,176,282,0
2026-08-06,DC003,SKU009,39,0,1,374,32,0,176,282,0
2026-08-07,DC003,SKU009,50,0,1,335,12,0,176,282,0
2026-08-08,DC003,SKU009,53,0,0,285,35,0,176,282,0
2026-08-09,DC003,SKU009,32,0,0,232,31,0,176,282,0
2026-08-10,DC003,SKU009,32,0,0,200,25,574,176,282,0
2026-08-11,DC003,SKU009,21,0,0,742,89,0,176,282,0
2026-08-12,DC003,SKU009,31,0,0,721,73,0,176,282,0
2026-08-13,DC003,SKU009,22,0,0,690,44,0,176,282,0
2026-04-16,DC003,SKU010,16,0,0,266,2,0,80,128,0
2026-04-17,DC003,SKU010,23,0,0,250,6,0,80,128,0
2026-04-18,DC003,SKU010,12,0,0,227,17,0,80,128,0
2026-04-19,DC003,SKU010,15,0,0,215,24,0,80,128,0
2026-04-20,DC003,SKU010,17,0,0,200,16,0,80,128,0
2026-04-21,DC003,SKU010,16,0,0,183,17,0,80,128,0
2026-04-22,DC003,SKU010,9,0,0,167,9,0,80,128,0
2026-04-23,DC003,SKU010,11,0,0,158,1,0,80,128,0
2026-04-24,DC003,SKU010,21,0,0,147,8,0,80,128,0
2026-04-25,DC003,SKU010,13,0,0,126,16,0,80,128,0
2026-04-26,DC003,SKU010,11,0,0,113,2,163,80,128,0
2026-04-27,DC003,SKU010,21,0,1,265,35,0,80,128,0
2026-04-28,DC003,SKU010,16,0,0,244,28,0,80,128,0
2026-04-29,DC003,SKU010,15,0,0,228,33,0,80,128,0
2026-04-30,DC003,SKU010,14,0,0,213,21,0,80,128,0
2026-05-01,DC003,SKU010,12,0,0,199,11,0,80,128,0
2026-05-02,DC003,SKU010,14,0,0,187,22,0,80,128,0
2026-05-03,DC003,SKU010,11,0,0,173,13,0,80,128,0
2026-05-04,DC003,SKU010,14,0,0,162,1,0,80,128,0
2026-05-05,DC003,SKU010,11,0,0,148,0,0,80,128,0
2026-05-06,DC003,SKU010,20,0,0,137,0,0,80,128,0
2026-05-07,DC003,SKU010,17,0,0,117,14,0,80,128,0
2026-05-08,DC003,SKU010,18,0,0,100,0,0,80,128,0
2026-05-09,DC003,SKU010,16,0,0,82,10,0,80,128,1
2026-05-10,DC003,SKU010,18,0,0,66,7,0,80,128,1
2026-05-11,DC003,SKU010,17,0,0,48,2,0,80,128,1
2026-05-12,DC003,SKU010,17,0,1,31,3,0,80,128,1
2026-05-13,DC003,SKU010,14,0,0,14,0,0,80,128,1
2026-05-14,DC003,SKU010,8,0,0,0,0,0,80,128,1
2026-05-15,DC003,SKU010,12,0,0,0,0,0,80,128,1
2026-05-16,DC003,SKU010,12,0,0,0,0,233,80,128,0
2026-05-17,DC003,SKU010,16,0,0,221,29,0,80,128,0
2026-05-18,DC003,SKU010,17,0,1,205,19,0,80,128,0
2026-05-19,DC003,SKU010,17,0,0,188,12,0,80,128,0
2026-05-20,DC003,SKU010,14,0,0,171,20,0,80,128,0
2026-05-21,DC003,SKU010,9,0,0,157,13,0,80,128,0
2026-05-22,DC003,SKU010,15,0,0,148,12,0,80,128,0
2026-05-23,DC003,SKU010,13,0,0,133,4,0,80,128,0
2026-05-24,DC003,SKU010,13,0,0,120,14,0,80,128,0
2026-05-25,DC003,SKU010,14,0,0,107,1,0,80,128,0
2026-05-26,DC003,SKU010,12,0,0,93,2,0,80,128,0
2026-05-27,DC003,SKU010,15,0,0,81,8,0,80,128,1
2026-05-28,DC003,SKU010,15,0,0,66,1,208,80,128,0
2026-05-29,DC003,SKU010,14,0,0,259,12,0,80,128,0
2026-05-30,DC003,SKU010,15,0,0,245,5,0,80,128,0
2026-05-31,DC003,SKU010,16,0,0,230,25,0,80,128,0
2026-06-01,DC003,SKU010,13,0,0,214,25,0,80,128,0
2026-06-02,DC003,SKU010,13,0,0,201,9,0,80,128,0
2026-06-03,DC003,SKU010,9,0,0,188,7,0,80,128,0
2026-06-04,DC003,SKU010,13,0,0,179,13,0,80,128,0
2026-06-05,DC003,SKU010,13,0,0,166,11,0,80,128,0
2026-06-06,DC003,SKU010,13,0,0,153,2,0,80,128,0
2026-06-07,DC003,SKU010,15,0,0,140,1,0,80,128,0
2026-06-08,DC003,SKU010,13,0,0,125,18,0,80,128,0
2026-06-09,DC003,SKU010,12,0,0,112,14,0,80,128,0
2026-06-10,DC003,SKU010,12,0,0,100,11,0,80,128,0
2026-06-11,DC003,SKU010,15,0,0,88,7,244,80,128,0
2026-06-12,DC003,SKU010,16,0,0,317,14,0,80,128,0
2026-06-13,DC003,SKU010,15,0,0,301,7,0,80,128,0
2026-06-14,DC003,SKU010,14,0,0,286,10,0,80,128,0
2026-06-15,DC003,SKU010,14,1,0,272,32,0,80,128,0
2026-06-16,DC003,SKU010,11,1,0,258,36,0,80,128,0
2026-06-17,DC003,SKU010,11,1,0,247,32,0,80,128,0
2026-06-18,DC003,SKU010,11,1,0,236,2,0,80,128,0
2026-06-19,DC003,SKU010,11,1,0,225,12,0,80,128,0
2026-06-20,DC003,SKU010,14,1,0,214,17,0,80,128,0
2026-06-21,DC003,SKU010,11,1,0,200,24,0,80,128,0
2026-06-22,DC003,SKU010,15,1,0,189,25,0,80,128,0
2026-06-23,DC003,SKU010,8,1,0,174,24,0,80,128,0
2026-06-24,DC003,SKU010,11,1,0,166,23,0,80,128,0
2026-06-25,DC003,SKU010,11,1,0,155,6,0,80,128,0
2026-06-26,DC003,SKU010,14,1,0,144,6,0,80,128,0
2026-06-27,DC003,SKU010,16,1,0,130,5,0,80,128,0
2026-06-28,DC003,SKU010,16,1,0,114,0,0,80,128,0
2026-06-29,DC003,SKU010,14,1,0,98,9,0,80,128,0
2026-06-30,DC003,SKU010,15,1,0,84,5,0,80,128,1
2026-07-01,DC003,SKU010,17,1,0,69,1,276,80,128,0
2026-07-02,DC003,SKU010,13,1,0,328,25,0,80,128,0
2026-07-03,DC003,SKU010,15,1,0,315,4,0,80,128,0
2026-07-04,DC003,SKU010,11,1,0,300,25,0,80,128,0
2026-07-05,DC003,SKU010,10,1,0,289,24,0,80,128,0
2026-07-06,DC003,SKU010,14,1,0,279,8,0,80,128,0
2026-07-07,DC003,SKU010,13,1,1,265,18,0,80,128,0
2026-07-08,DC003,SKU010,14,1,0,252,27,0,80,128,0
2026-07-09,DC003,SKU010,19,1,1,238,31,0,80,128,0
2026-07-10,DC003,SKU010,13,1,1,219,26,0,80,128,0
2026-07-11,DC003,SKU010,15,1,0,206,23,0,80,128,0
2026-07-12,DC003,SKU010,14,1,0,191,10,0,80,128,0
2026-07-13,DC003,SKU010,9,1,0,177,15,0,80,128,0
2026-07-14,DC003,SKU010,16,1,0,168,3,0,80,128,0
2026-07-15,DC003,SKU010,14,1,0,152,10,0,80,128,0
2026-07-16,DC003,SKU010,14,1,0,138,2,0,80,128,0
2026-07-17,DC003,SKU010,18,1,0,124,14,0,80,128,0
2026-07-18,DC003,SKU010,14,1,0,106,15,235,80,128,0
2026-07-19,DC003,SKU010,16,1,0,327,45,0,80,128,0
2026-07-20,DC003,SKU010,12,1,0,311,10,0,80,128,0
2026-07-21,DC003,SKU010,15,1,0,299,15,0,80,128,0
2026-07-22,DC003,SKU010,20,1,1,284,32,0,80,128,0
2026-07-23,DC003,SKU010,14,1,0,264,32,0,80,128,0
2026-07-24,DC003,SKU010,15,1,0,250,23,0,80,128,0
2026-07-25,DC003,SKU010,14,1,0,235,14,0,80,128,0
2026-07-26,DC003,SKU010,16,0,0,221,9,0,80,128,0
2026-07-27,DC003,SKU010,11,0,0,205,16,0,80,128,0
2026-07-28,DC003,SKU010,11,0,0,194,23,0,80,128,0
2026-07-29,DC003,SKU010,10,0,0,183,8,0,80,128,0
2026-07-30,DC003,SKU010,14,0,0,173,20,0,80,128,0
2026-07-31,DC003,SKU010,15,0,0,159,5,0,80,128,0
2026-08-01,DC003,SKU010,10,0,0,144,20,0,80,128,0
2026-08-02,DC003,SKU010,15,0,0,134,14,0,80,128,0
2026-08-03,DC003,SKU010,16,0,0,119,11,0,80,128,0
2026-08-04,DC003,SKU010,11,0,0,103,5,210,80,128,0
2026-08-05,DC003,SKU010,16,0,0,302,45,0,80,128,0
2026-08-06,DC003,SKU010,12,0,0,286,35,0,80,128,0
2026-08-07,DC003,SKU010,17,0,0,274,28,0,80,128,0
2026-08-08,DC003,SKU010,19,0,0,257,22,0,80,128,0
2026-08-09,DC003,SKU010,16,0,0,238,32,0,80,128,0
2026-08-10,DC003,SKU010,12,0,0,222,14,0,80,128,0
2026-08-11,DC003,SKU010,16,0,0,210,0,0,80,128,0
2026-08-12,DC003,SKU010,9,0,0,194,22,0,80,128,0
2026-08-13,DC003,SKU010,12,0,0,185,27,0,80,128,0
2026-04-16,DC003,SKU011,16,0,0,570,19,0,176,282,0
2026-04-17,DC003,SKU011,27,0,0,554,34,0,176,282,0
2026-04-18,DC003,SKU011,34,0,0,527,27,0,176,282,0
2026-04-19,DC003,SKU011,23,0,0,493,10,0,176,282,0
2026-04-20,DC003,SKU011,30,0,0,470,6,0,176,282,0
2026-04-21,DC003,SKU011,23,0,0,440,37,0,176,282,0
2026-04-22,DC003,SKU011,16,0,0,417,6,0,176,282,0
2026-04-23,DC003,SKU011,20,0,0,401,30,0,176,282,0
2026-04-24,DC003,SKU011,35,0,0,381,42,0,176,282,0
2026-04-25,DC003,SKU011,33,0,0,346,32,0,176,282,0
2026-04-26,DC003,SKU011,23,0,0,313,6,0,176,282,0
2026-04-27,DC003,SKU011,40,0,0,290,26,0,176,282,0
2026-04-28,DC003,SKU011,42,0,1,250,22,0,176,282,0
2026-04-29,DC003,SKU011,30,0,0,208,17,0,176,282,0
2026-04-30,DC003,SKU011,31,0,0,178,16,0,176,282,1
2026-05-01,DC003,SKU011,23,0,0,147,16,0,176,282,1
2026-05-02,DC003,SKU011,39,0,0,124,17,460,176,282,0
2026-05-03,DC003,SKU011,26,0,0,545,18,0,176,282,0
2026-05-04,DC003,SKU011,34,0,0,519,75,0,176,282,0
2026-05-05,DC003,SKU011,33,0,0,485,43,0,176,282,0
2026-05-06,DC003,SKU011,35,0,0,452,53,0,176,282,0
2026-05-07,DC003,SKU011,19,0,1,417,60,0,176,282,0
2026-05-08,DC003,SKU011,35,0,0,398,23,0,176,282,0
2026-05-09,DC003,SKU011,35,0,0,363,21,0,176,282,0
2026-05-10,DC003,SKU011,25,0,0,328,27,0,176,282,0
2026-05-11,DC003,SKU011,23,0,0,303,19,0,176,282,0
2026-05-12,DC003,SKU011,30,0,0,280,15,0,176,282,0
2026-05-13,DC003,SKU011,38,0,0,250,19,0,176,282,0
2026-05-14,DC003,SKU011,25,0,0,212,11,0,176,282,0
2026-05-15,DC003,SKU011,20,0,0,187,9,0,176,282,0
2026-05-16,DC003,SKU011,35,0,0,167,13,0,176,282,1
2026-05-17,DC003,SKU011,23,0,0,132,4,0,176,282,1
2026-05-18,DC003,SKU011,36,0,0,109,13,0,176,282,1
2026-05-19,DC003,SKU011,31,0,0,73,4,0,176,282,1
2026-05-20,DC003,SKU011,41,0,1,42,3,0,176,282,1
2026-05-21,DC003,SKU011,18,0,0,1,0,0,176,282,1
2026-05-22,DC003,SKU011,36,0,0,0,0,0,176,282,1
2026-05-23,DC003,SKU011,31,0,0,0,0,484,176,282,0
2026-05-24,DC003,SKU011,48,0,1,453,37,0,176,282,0
2026-05-25,DC003,SKU011,30,0,0,405,47,0,176,282,0
2026-05-26,DC003,SKU011,35,0,0,375,9,0,176,282,0
2026-05-27,DC003,SKU011,40,0,0,340,10,0,176,282,0
2026-05-28,DC003,SKU011,36,0,0,300,35,0,176,282,0
2026-05-29,DC003,SKU011,37,0,0,264,26,0,176,282,0
2026-05-30,DC003,SKU011,23,0,0,227,26,0,176,282,0
2026-05-31,DC003,SKU011,32,0,0,204,4,0,176,282,0
2026-06-01,DC003,SKU011,23,0,0,172,20,0,176,282,1
2026-06-02,DC003,SKU011,24,0,0,149,5,0,176,282,1
2026-06-03,DC003,SKU011,21,0,0,125,3,0,176,282,1
2026-06-04,DC003,SKU011,41,0,1,104,10,0,176,282,1
2026-06-05,DC003,SKU011,27,0,0,63,9,0,176,282,1
2026-06-06,DC003,SKU011,14,0,0,36,4,450,176,282,0
2026-06-07,DC003,SKU011,34,0,0,472,33,0,176,282,0
2026-06-08,DC003,SKU011,39,0,0,438,15,0,176,282,0
2026-06-09,DC003,SKU011,26,0,0,399,58,0,176,282,0
2026-06-10,DC003,SKU011,39,0,0,373,35,0,176,282,0
2026-06-11,DC003,SKU011,35,0,0,334,33,0,176,282,0
2026-06-12,DC003,SKU011,35,0,0,299,21,441,176,282,0
2026-06-13,DC003,SKU011,22,0,0,705,24,0,176,282,0
2026-06-14,DC003,SKU011,32,0,1,683,94,0,176,282,0
2026-06-15,DC003,SKU011,35,1,0,651,61,0,176,282,0
2026-06-16,DC003,SKU011,13,1,0,616,16,0,176,282,0
2026-06-17,DC003,SKU011,29,1,0,603,2,0,176,282,0
2026-06-18,DC003,SKU011,31,1,0,574,2,0,176,282,0
2026-06-19,DC003,SKU011,32,1,0,543,81,0,176,282,0
2026-06-20,DC003,SKU011,28,1,0,511,2,0,176,282,0
2026-06-21,DC003,SKU011,11,1,0,483,43,0,176,282,0
2026-06-22,DC003,SKU011,26,1,0,472,66,0,176,282,0
2026-06-23,DC003,SKU011,34,1,0,446,9,0,176,282,0
2026-06-24,DC003,SKU011,32,1,0,412,6,0,176,282,0
2026-06-25,DC003,SKU011,15,1,0,380,24,0,176,282,0
2026-06-26,DC003,SKU011,31,1,0,365,8,0,176,282,0
2026-06-27,DC003,SKU011,27,1,0,334,26,0,176,282,0
2026-06-28,DC003,SKU011,25,1,0,307,18,0,176,282,0
2026-06-29,DC003,SKU011,27,1,1,282,9,0,176,282,0
2026-06-30,DC003,SKU011,33,1,1,255,17,0,176,282,0
2026-07-01,DC003,SKU011,39,1,0,222,10,0,176,282,0
2026-07-02,DC003,SKU011,25,1,0,183,9,408,176,282,0
2026-07-03,DC003,SKU011,24,1,0,566,50,0,176,282,0
2026-07-04,DC003,SKU011,33,1,0,542,56,0,176,282,0
2026-07-05,DC003,SKU011,27,1,0,509,34,0,176,282,0
2026-07-06,DC003,SKU011,35,1,0,482,61,0,176,282,0
2026-07-07,DC003,SKU011,30,1,0,447,32,0,176,282,0
2026-07-08,DC003,SKU011,17,1,0,417,29,0,176,282,0
2026-07-09,DC003,SKU011,24,1,0,400,55,0,176,282,0
2026-07-10,DC003,SKU011,28,1,1,376,34,0,176,282,0
2026-07-11,DC003,SKU011,43,1,0,348,9,0,176,282,0
2026-07-12,DC003,SKU011,30,1,0,305,6,0,176,282,0
2026-07-13,DC003,SKU011,30,1,0,275,27,0,176,282,0
2026-07-14,DC003,SKU011,24,1,0,245,19,0,176,282,0
2026-07-15,DC003,SKU011,44,1,0,221,13,0,176,282,0
2026-07-16,DC003,SKU011,39,1,0,177,14,0,176,282,1
2026-07-17,DC003,SKU011,30,1,0,138,13,0,176,282,1
2026-07-18,DC003,SKU011,37,1,0,108,14,0,176,282,1
2026-07-19,DC003,SKU011,28,1,0,71,5,0,176,282,1
2026-07-20,DC003,SKU011,33,1,0,43,6,0,176,282,1
2026-07-21,DC003,SKU011,29,1,0,10,1,0,176,282,1
2026-07-22,DC003,SKU011,40,1,0,0,0,418,176,282,0
2026-07-23,DC003,SKU011,28,1,0,378,20,0,176,282,0
2026-07-24,DC003,SKU011,31,1,0,350,36,0,176,282,0
2026-07-25,DC003,SKU011,39,1,0,319,26,0,176,282,0
2026-07-26,DC003,SKU011,41,0,0,280,30,0,176,282,0
2026-07-27,DC003,SKU011,31,0,0,239,27,0,176,282,0
2026-07-28,DC003,SKU011,31,0,0,208,18,437,176,282,0
2026-07-29,DC003,SKU011,30,0,0,614,46,0,176,282,0
2026-07-30,DC003,SKU011,28,0,0,584,9,0,176,282,0
2026-07-31,DC003,SKU011,21,0,0,556,54,0,176,282,0
2026-08-01,DC003,SKU011,23,0,0,535,29,0,176,282,0
2026-08-02,DC003,SKU011,36,0,0,512,17,0,176,282,0
2026-08-03,DC003,SKU011,25,0,0,476,55,0,176,282,0
2026-08-04,DC003,SKU011,29,0,0,451,56,0,176,282,0
2026-08-05,DC003,SKU011,29,0,0,422,20,0,176,282,0
2026-08-06,DC003,SKU011,30,0,0,393,1,0,176,282,0
2026-08-07,DC003,SKU011,22,0,0,363,4,0,176,282,0
2026-08-08,DC003,SKU011,19,0,0,341,2,0,176,282,0
2026-08-09,DC003,SKU011,14,0,0,322,36,0,176,282,0
2026-08-10,DC003,SKU011,23,0,0,308,19,0,176,282,0
2026-08-11,DC003,SKU011,40,0,0,285,40,309,176,282,0
2026-08-12,DC003,SKU011,9,0,0,554,53,0,176,282,0
2026-08-13,DC003,SKU011,19,0,0,545,51,0,176,282,0
2026-04-16,DC003,SKU012,64,0,0,1235,85,0,320,512,0
2026-04-17,DC003,SKU012,97,0,0,1171,80,0,320,512,0
2026-04-18,DC003,SKU012,90,0,0,1074,44,0,320,512,0
2026-04-19,DC003,SKU012,64,0,0,984,50,0,320,512,0
2026-04-20,DC003,SKU012,69,0,0,920,47,0,320,512,0
2026-04-21,DC003,SKU012,57,0,0,851,38,0,320,512,0
2026-04-22,DC003,SKU012,88,0,0,794,22,0,320,512,0
2026-04-23,DC003,SKU012,69,0,0,706,6,0,320,512,0
2026-04-24,DC003,SKU012,7,0,0,637,92,0,320,512,0
2026-04-25,DC003,SKU012,54,0,0,630,61,0,320,512,0
2026-04-26,DC003,SKU012,129,0,0,576,44,0,320,512,0
2026-04-27,DC003,SKU012,78,0,0,447,1,0,320,512,0
2026-04-28,DC003,SKU012,68,0,0,369,31,0,320,512,0
2026-04-29,DC003,SKU012,45,0,0,301,28,0,320,512,1
2026-04-30,DC003,SKU012,79,0,0,256,4,0,320,512,1
2026-05-01,DC003,SKU012,84,0,0,177,4,0,320,512,1
2026-05-02,DC003,SKU012,50,0,0,93,4,0,320,512,1
2026-05-03,DC003,SKU012,83,0,0,43,0,0,320,512,1
2026-05-04,DC003,SKU012,75,0,0,0,0,0,320,512,1
2026-05-05,DC003,SKU012,87,0,0,0,0,897,320,512,0
2026-05-06,DC003,SKU012,72,0,0,810,89,0,320,512,0
2026-05-07,DC003,SKU012,76,0,1,738,97,0,320,512,0
2026-05-08,DC003,SKU012,73,0,0,662,85,0,320,512,0
2026-05-09,DC003,SKU012,52,0,0,589,25,0,320,512,0
2026-05-10,DC003,SKU012,39,0,0,537,19,0,320,512,0
2026-05-11,DC003,SKU012,42,0,0,498,67,0,320,512,0
2026-05-12,DC003,SKU012,74,0,0,456,63,743,320,512,0
2026-05-13,DC003,SKU012,78,0,0,1125,103,0,320,512,0
2026-05-14,DC003,SKU012,41,0,0,1047,75,0,320,512,0
2026-05-15,DC003,SKU012,72,0,0,1006,65,0,320,512,0
2026-05-16,DC003,SKU012,26,0,0,934,42,0,320,512,0
2026-05-17,DC003,SKU012,53,0,0,908,3,0,320,512,0
2026-05-18,DC003,SKU012,56,0,0,855,5,0,320,512,0
2026-05-19,DC003,SKU012,84,0,0,799,31,0,320,512,0
2026-05-20,DC003,SKU012,91,0,0,715,31,0,320,512,0
2026-05-21,DC003,SKU012,50,0,0,624,38,0,320,512,0
2026-05-22,DC003,SKU012,88,0,0,574,52,0,320,512,0
2026-05-23,DC003,SKU012,47,0,0,486,11,0,320,512,0
2026-05-24,DC003,SKU012,86,0,0,439,11,0,320,512,0
2026-05-25,DC003,SKU012,37,0,1,353,40,0,320,512,1
2026-05-26,DC003,SKU012,81,0,0,316,13,1281,320,512,0
2026-05-27,DC003,SKU012,75,0,0,1516,189,0,320,512,0
2026-05-28,DC003,SKU012,108,0,1,1441,16,0,320,512,0
2026-05-29,DC003,SKU012,49,0,0,1333,85,0,320,512,0
2026-05-30,DC003,SKU012,59,0,1,1284,21,0,320,512,0
2026-05-31,DC003,SKU012,46,0,0,1225,44,0,320,512,0
2026-06-01,DC003,SKU012,63,0,0,1179,69,0,320,512,0
2026-06-02,DC003,SKU012,83,0,0,1116,152,0,320,512,0
2026-06-03,DC003,SKU012,128,0,1,1033,49,0,320,512,0
2026-06-04,DC003,SKU012,45,0,0,905,131,0,320,512,0
2026-06-05,DC003,SKU012,48,0,0,860,123,0,320,512,0
2026-06-06,DC003,SKU012,50,0,0,812,25,0,320,512,0
2026-06-07,DC003,SKU012,45,0,0,762,100,0,320,512,0
2026-06-08,DC003,SKU012,47,0,0,717,6,0,320,512,0
2026-06-09,DC003,SKU012,46,0,0,670,47,0,320,512,0
2026-06-10,DC003,SKU012,70,0,0,624,79,0,320,512,0
2026-06-11,DC003,SKU012,54,0,0,554,56,0,320,512,0
2026-06-12,DC003,SKU012,78,0,0,500,53,764,320,512,0
2026-06-13,DC003,SKU012,41,0,0,1186,32,0,320,512,0
2026-06-14,DC003,SKU012,94,0,1,1145,81,0,320,512,0
2026-06-15,DC003,SKU012,126,1,0,1051,112,0,320,512,0
2026-06-16,DC003,SKU012,79,1,0,925,1,0,320,512,0
2026-06-17,DC003,SKU012,83,1,0,846,44,0,320,512,0
2026-06-18,DC003,SKU012,44,1,0,763,96,0,320,512,0
2026-06-19,DC003,SKU012,65,1,0,719,107,0,320,512,0
2026-06-20,DC003,SKU012,86,1,0,654,68,0,320,512,0
2026-06-21,DC003,SKU012,107,1,0,568,14,0,320,512,0
2026-06-22,DC003,SKU012,90,1,0,461,10,0,320,512,0
2026-06-23,DC003,SKU012,94,1,1,371,28,0,320,512,0
2026-06-24,DC003,SKU012,87,1,1,277,39,0,320,512,1
2026-06-25,DC003,SKU012,103,1,0,190,6,0,320,512,1
2026-06-26,DC003,SKU012,131,1,0,87,5,0,320,512,1
2026-06-27,DC003,SKU012,146,1,0,0,0,996,320,512,0
2026-06-28,DC003,SKU012,82,1,0,850,67,0,320,512,0
2026-06-29,DC003,SKU012,71,1,0,768,79,0,320,512,0
2026-06-30,DC003,SKU012,121,1,0,697,65,0,320,512,0
2026-07-01,DC003,SKU012,70,1,0,576,75,0,320,512,0
2026-07-02,DC003,SKU012,97,1,0,506,4,0,320,512,0
2026-07-03,DC003,SKU012,88,1,0,409,57,0,320,512,0
2026-07-04,DC003,SKU012,78,1,0,321,27,0,320,512,1
2026-07-05,DC003,SKU012,90,1,0,243,33,787,320,512,0
2026-07-06,DC003,SKU012,83,1,0,940,114,0,320,512,0
2026-07-07,DC003,SKU012,91,1,0,857,84,0,320,512,0
2026-07-08,DC003,SKU012,107,1,0,766,89,0,320,512,0
2026-07-09,DC003,SKU012,85,1,0,659,84,0,320,512,0
2026-07-10,DC003,SKU012,74,1,0,574,44,0,320,512,0
2026-07-11,DC003,SKU012,105,1,0,500,34,0,320,512,0
2026-07-12,DC003,SKU012,119,1,0,395,38,0,320,512,0
2026-07-13,DC003,SKU012,38,1,0,276,12,0,320,512,1
2026-07-14,DC003,SKU012,125,1,0,238,15,0,320,512,1
2026-07-15,DC003,SKU012,68,1,0,113,6,0,320,512,1
2026-07-16,DC003,SKU012,90,1,0,45,2,0,320,512,1
2026-07-17,DC003,SKU012,101,1,1,0,0,0,320,512,1
2026-07-18,DC003,SKU012,83,1,0,0,0,0,320,512,1
2026-07-19,DC003,SKU012,52,1,0,0,0,680,320,512,0
2026-07-20,DC003,SKU012,37,1,0,628,6,0,320,512,0
2026-07-21,DC003,SKU012,51,1,0,591,47,0,320,512,0
2026-07-22,DC003,SKU012,93,1,0,540,35,0,320,512,0
2026-07-23,DC003,SKU012,101,1,0,447,12,0,320,512,0
2026-07-24,DC003,SKU012,69,1,0,346,23,0,320,512,0
2026-07-25,DC003,SKU012,134,1,0,277,25,0,320,512,1
2026-07-26,DC003,SKU012,71,0,0,143,14,0,320,512,1
2026-07-27,DC003,SKU012,51,0,0,72,7,0,320,512,1
2026-07-28,DC003,SKU012,17,0,0,21,1,0,320,512,1
2026-07-29,DC003,SKU012,75,0,0,4,0,0,320,512,1
2026-07-30,DC003,SKU012,45,0,0,0,0,1219,320,512,0
2026-07-31,DC003,SKU012,58,0,0,1174,10,0,320,512,0
2026-08-01,DC003,SKU012,79,0,0,1116,45,0,320,512,0
2026-08-02,DC003,SKU012,66,0,0,1037,137,0,320,512,0
2026-08-03,DC003,SKU012,68,0,0,971,112,0,320,512,0
2026-08-04,DC003,SKU012,66,0,0,903,84,0,320,512,0
2026-08-05,DC003,SKU012,101,0,0,837,31,0,320,512,0
2026-08-06,DC003,SKU012,64,0,0,736,77,0,320,512,0
2026-08-07,DC003,SKU012,77,0,0,672,66,0,320,512,0
2026-08-08,DC003,SKU012,62,0,0,595,5,0,320,512,0
2026-08-09,DC003,SKU012,84,0,0,533,53,0,320,512,0
2026-08-10,DC003,SKU012,71,0,0,449,55,0,320,512,0
2026-08-11,DC003,SKU012,57,0,0,378,37,0,320,512,0
2026-08-12,DC003,SKU012,38,0,0,321,3,0,320,512,1
2026-08-13,DC003,SKU012,24,0,0,283,42,0,320,512,1
2026-04-16,DC003,SKU013,69,0,0,1140,111,0,320,512,0
2026-04-17,DC003,SKU013,43,0,0,1071,133,0,320,512,0
2026-04-18,DC003,SKU013,35,0,0,1028,8,0,320,512,0
2026-04-19,DC003,SKU013,82,0,0,993,48,0,320,512,0
2026-04-20,DC003,SKU013,69,0,0,911,112,0,320,512,0
2026-04-21,DC003,SKU013,64,0,0,842,48,0,320,512,0
2026-04-22,DC003,SKU013,46,0,0,778,113,0,320,512,0
2026-04-23,DC003,SKU013,55,0,0,732,14,0,320,512,0
2026-04-24,DC003,SKU013,86,0,0,677,3,0,320,512,0
2026-04-25,DC003,SKU013,97,0,0,591,24,0,320,512,0
2026-04-26,DC003,SKU013,74,0,1,494,10,827,320,512,0
2026-04-27,DC003,SKU013,48,0,0,1247,20,0,320,512,0
2026-04-28,DC003,SKU013,41,0,0,1199,91,0,320,512,0
2026-04-29,DC003,SKU013,55,0,0,1158,8,0,320,512,0
2026-04-30,DC003,SKU013,54,0,0,1103,70,0,320,512,0
2026-05-01,DC003,SKU013,56,0,0,1049,113,0,320,512,0
2026-05-02,DC003,SKU013,68,0,0,993,54,0,320,512,0
2026-05-03,DC003,SKU013,81,0,0,925,95,0,320,512,0
2026-05-04,DC003,SKU013,87,0,0,844,62,0,320,512,0
2026-05-05,DC003,SKU013,55,0,0,757,46,0,320,512,0
2026-05-06,DC003,SKU013,80,0,0,702,92,0,320,512,0
2026-05-07,DC003,SKU013,48,0,0,622,21,0,320,512,0
2026-05-08,DC003,SKU013,39,0,0,574,62,0,320,512,0
2026-05-09,DC003,SKU013,43,0,0,535,4,0,320,512,0
2026-05-10,DC003,SKU013,45,0,0,492,46,0,320,512,0
2026-05-11,DC003,SKU013,78,0,0,447,60,0,320,512,0
2026-05-12,DC003,SKU013,49,0,0,369,39,789,320,512,0
2026-05-13,DC003,SKU013,31,0,0,1109,111,0,320,512,0
2026-05-14,DC003,SKU013,68,0,0,1078,110,0,320,512,0
2026-05-15,DC003,SKU013,69,0,0,1010,149,0,320,512,0
2026-05-16,DC003,SKU013,49,0,0,941,97,0,320,512,0
2026-05-17,DC003,SKU013,45,0,0,892,23,0,320,512,0
2026-05-18,DC003,SKU013,47,0,0,847,83,0,320,512,0
2026-05-19,DC003,SKU013,37,0,0,800,105,0,320,512,0
2026-05-20,DC003,SKU013,50,0,0,763,7,0,320,512,0
2026-05-21,DC003,SKU013,54,0,0,713,17,0,320,512,0
2026-05-22,DC003,SKU013,82,0,0,659,22,0,320,512,0
2026-05-23,DC003,SKU013,42,0,0,577,49,0,320,512,0
2026-05-24,DC003,SKU013,71,0,0,535,53,0,320,512,0
2026-05-25,DC003,SKU013,72,0,0,464,43,0,320,512,0
2026-05-26,DC003,SKU013,58,0,0,392,33,0,320,512,0
2026-05-27,DC003,SKU013,55,0,0,334,39,0,320,512,1
2026-05-28,DC003,SKU013,61,0,0,279,28,0,320,512,1
2026-05-29,DC003,SKU013,50,0,0,218,1,1021,320,512,0
2026-05-30,DC003,SKU013,74,0,0,1189,152,0,320,512,0
2026-05-31,DC003,SKU013,67,0,0,1115,81,0,320,512,0
2026-06-01,DC003,SKU013,70,0,0,1048,35,0,320,512,0
2026-06-02,DC003,SKU013,70,0,0,978,86,0,320,512,0
2026-06-03,DC003,SKU013,49,0,0,908,97,0,320,512,0
2026-06-04,DC003,SKU013,55,0,0,859,21,0,320,512,0
2026-06-05,DC003,SKU013,73,0,0,804,43,0,320,512,0
2026-06-06,DC003,SKU013,40,0,1,731,10,0,320,512,0
2026-06-07,DC003,SKU013,48,0,0,691,58,0,320,512,0
2026-06-08,DC003,SKU013,64,0,0,643,20,0,320,512,0
2026-06-09,DC003,SKU013,63,0,0,579,40,0,320,512,0
2026-06-10,DC003,SKU013,52,0,0,516,7,783,320,512,0
2026-06-11,DC003,SKU013,47,0,0,1247,56,0,320,512,0
2026-06-12,DC003,SKU013,34,0,0,1200,169,0,320,512,0
2026-06-13,DC003,SKU013,69,0,0,1166,89,0,320,512,0
2026-06-14,DC003,SKU013,77,0,0,1097,105,0,320,512,0
2026-06-15,DC003,SKU013,88,1,0,1020,119,0,320,512,0
2026-06-16,DC003,SKU013,41,1,0,932,93,0,320,512,0
2026-06-17,DC003,SKU013,54,1,0,891,96,0,320,512,0
2026-06-18,DC003,SKU013,58,1,0,837,33,0,320,512,0
2026-06-19,DC003,SKU013,78,1,0,779,64,0,320,512,0
2026-06-20,DC003,SKU013,70,1,1,701,102,0,320,512,0
2026-06-21,DC003,SKU013,26,1,0,631,43,0,320,512,0
2026-06-22,DC003,SKU013,47,1,0,605,59,0,320,512,0
2026-06-23,DC003,SKU013,85,1,1,558,15,0,320,512,0
2026-06-24,DC003,SKU013,80,1,0,473,61,0,320,512,0
2026-06-25,DC003,SKU013,87,1,0,393,28,0,320,512,0
2026-06-26,DC003,SKU013,60,1,0,306,39,0,320,512,1
2026-06-27,DC003,SKU013,46,1,0,246,8,0,320,512,1
2026-06-28,DC003,SKU013,67,1,0,200,7,0,320,512,1
2026-06-29,DC003,SKU013,41,1,0,133,2,0,320,512,1
2026-06-30,DC003,SKU013,65,1,0,92,6,0,320,512,1
2026-07-01,DC003,SKU013,67,1,0,27,3,830,320,512,0
2026-07-02,DC003,SKU013,58,1,0,790,72,0,320,512,0
2026-07-03,DC003,SKU013,69,1,0,732,55,0,320,512,0
2026-07-04,DC003,SKU013,70,1,0,663,74,0,320,512,0
2026-07-05,DC003,SKU013,68,1,0,593,68,0,320,512,0
2026-07-06,DC003,SKU013,54,1,0,525,4,0,320,512,0
2026-07-07,DC003,SKU013,60,1,0,471,11,607,320,512,0
2026-07-08,DC003,SKU013,41,1,0,1018,54,0,320,512,0
2026-07-09,DC003,SKU013,45,1,0,977,138,0,320,512,0
2026-07-10,DC003,SKU013,52,1,0,932,46,0,320,512,0
2026-07-11,DC003,SKU013,80,1,0,880,83,0,320,512,0
2026-07-12,DC003,SKU013,74,1,0,800,24,0,320,512,0
2026-07-13,DC003,SKU013,64,1,0,726,72,0,320,512,0
2026-07-14,DC003,SKU013,78,1,0,662,5,0,320,512,0
2026-07-15,DC003,SKU013,60,1,0,584,33,0,320,512,0
2026-07-16,DC003,SKU013,68,1,0,524,41,1041,320,512,0
2026-07-17,DC003,SKU013,56,1,0,1497,25,0,320,512,0
2026-07-18,DC003,SKU013,36,1,0,1441,81,0,320,512,0
2026-07-19,DC003,SKU013,65,1,0,1405,207,0,320,512,0
2026-07-20,DC003,SKU013,81,1,0,1340,11,0,320,512,0
2026-07-21,DC003,SKU013,94,1,1,1259,92,0,320,512,0
2026-07-22,DC003,SKU013,35,1,0,1165,166,0,320,512,0
2026-07-23,DC003,SKU013,68,1,0,1130,120,0,320,512,0
2026-07-24,DC003,SKU013,52,1,0,1062,91,0,320,512,0
2026-07-25,DC003,SKU013,85,1,0,1010,33,0,320,512,0
2026-07-26,DC003,SKU013,73,0,0,925,83,0,320,512,0
2026-07-27,DC003,SKU013,45,0,0,852,120,0,320,512,0
2026-07-28,DC003,SKU013,54,0,0,807,0,0,320,512,0
2026-07-29,DC003,SKU013,80,0,0,753,51,0,320,512,0
2026-07-30,DC003,SKU013,34,0,0,673,42,0,320,512,0
2026-07-31,DC003,SKU013,48,0,0,639,31,0,320,512,0
2026-08-01,DC003,SKU013,66,0,0,591,17,0,320,512,0
2026-08-02,DC003,SKU013,63,0,0,525,52,1122,320,512,0
2026-08-03,DC003,SKU013,41,0,0,1584,53,0,320,512,0
2026-08-04,DC003,SKU013,58,0,0,1543,29,0,320,512,0
2026-08-05,DC003,SKU013,8,0,0,1485,137,0,320,512,0
2026-08-06,DC003,SKU013,78,0,0,1477,125,0,320,512,0
2026-08-07,DC003,SKU013,52,0,0,1399,78,0,320,512,0
2026-08-08,DC003,SKU013,79,0,0,1347,88,0,320,512,0
2026-08-09,DC003,SKU013,60,0,0,1268,172,0,320,512,0
2026-08-10,DC003,SKU013,34,0,0,1208,110,0,320,512,0
2026-08-11,DC003,SKU013,67,0,0,1174,69,0,320,512,0
2026-08-12,DC003,SKU013,65,0,0,1107,89,0,320,512,0
2026-08-13,DC003,SKU013,67,0,0,1042,28,0,320,512,0
2026-04-16,DC003,SKU014,13,0,0,266,35,0,80,128,0
2026-04-17,DC003,SKU014,18,0,0,253,19,0,80,128,0
2026-04-18,DC003,SKU014,16,0,0,235,34,0,80,128,0
2026-04-19,DC003,SKU014,14,0,0,219,4,0,80,128,0
2026-04-20,DC003,SKU014,11,0,0,205,22,0,80,128,0
2026-04-21,DC003,SKU014,18,0,0,194,18,0,80,128,0
2026-04-22,DC003,SKU014,19,0,0,176,2,0,80,128,0
2026-04-23,DC003,SKU014,20,0,0,157,12,0,80,128,0
2026-04-24,DC003,SKU014,12,0,0,137,14,0,80,128,0
2026-04-25,DC003,SKU014,17,0,0,125,6,186,80,128,0
2026-04-26,DC003,SKU014,13,0,0,294,39,0,80,128,0
2026-04-27,DC003,SKU014,14,0,0,281,8,0,80,128,0
2026-04-28,DC003,SKU014,13,0,0,267,8,0,80,128,0
2026-04-29,DC003,SKU014,14,0,0,254,12,0,80,128,0
2026-04-30,DC003,SKU014,10,0,0,240,32,0,80,128,0
2026-05-01,DC003,SKU014,14,0,0,230,25,0,80,128,0
2026-05-02,DC003,SKU014,13,0,0,216,19,0,80,128,0
2026-05-03,DC003,SKU014,15,0,0,203,20,0,80,128,0
2026-05-04,DC003,SKU014,17,0,0,188,1,0,80,128,0
2026-05-05,DC003,SKU014,13,0,0,171,21,0,80,128,0
2026-05-06,DC003,SKU014,7,0,0,158,23,0,80,128,0
2026-05-07,DC003,SKU014,13,0,0,151,13,0,80,128,0
2026-05-08,DC003,SKU014,11,0,0,138,7,0,80,128,0
2026-05-09,DC003,SKU014,14,0,0,127,16,0,80,128,0
2026-05-10,DC003,SKU014,14,0,0,113,2,0,80,128,0
2026-05-11,DC003,SKU014,20,0,0,99,10,238,80,128,0
2026-05-12,DC003,SKU014,10,0,0,317,14,0,80,128,0
2026-05-13,DC003,SKU014,13,0,0,307,32,0,80,128,0
2026-05-14,DC003,SKU014,15,0,0,294,8,0,80,128,0
2026-05-15,DC003,SKU014,15,0,0,279,27,0,80,128,0
2026-05-16,DC003,SKU014,12,0,0,264,9,0,80,128,0
2026-05-17,DC003,SKU014,12,0,0,252,30,0,80,128,0
2026-05-18,DC003,SKU014,11,0,0,240,19,0,80,128,0
2026-05-19,DC003,SKU014,10,0,0,229,22,0,80,128,0
2026-05-20,DC003,SKU014,16,0,0,219,5,0,80,128,0
2026-05-21,DC003,SKU014,15,0,0,203,16,0,80,128,0
2026-05-22,DC003,SKU014,15,0,0,188,11,0,80,128,0
2026-05-23,DC003,SKU014,10,0,0,173,15,0,80,128,0
2026-05-24,DC003,SKU014,13,0,0,163,5,0,80,128,0
2026-05-25,DC003,SKU014,16,0,0,150,14,0,80,128,0
2026-05-26,DC003,SKU014,15,0,0,134,14,169,80,128,0
2026-05-27,DC003,SKU014,13,0,0,288,31,0,80,128,0
2026-05-28,DC003,SKU014,16,0,0,275,29,0,80,128,0
2026-05-29,DC003,SKU014,11,0,0,259,21,0,80,128,0
2026-05-30,DC003,SKU014,17,0,0,248,30,0,80,128,0
2026-05-31,DC003,SKU014,13,0,0,231,27,0,80,128,0
2026-06-01,DC003,SKU014,17,0,0,218,16,0,80,128,0
2026-06-02,DC003,SKU014,12,0,0,201,15,0,80,128,0
2026-06-03,DC003,SKU014,10,0,0,189,7,0,80,128,0
2026-06-04,DC003,SKU014,17,0,0,179,20,0,80,128,0
2026-06-05,DC003,SKU014,17,0,0,162,18,0,80,128,0
2026-06-06,DC003,SKU014,15,0,0,145,20,272,80,128,0
2026-06-07,DC003,SKU014,11,0,0,402,32,0,80,128,0
2026-06-08,DC003,SKU014,14,0,0,391,58,0,80,128,0
2026-06-09,DC003,SKU014,13,0,0,377,56,0,80,128,0
2026-06-10,DC003,SKU014,14,0,0,364,46,0,80,128,0
2026-06-11,DC003,SKU014,15,0,0,350,49,0,80,128,0
2026-06-12,DC003,SKU014,14,0,0,335,40,0,80,128,0
2026-06-13,DC003,SKU014,16,0,0,321,4,0,80,128,0
2026-06-14,DC003,SKU014,18,0,0,305,4,0,80,128,0
2026-06-15,DC003,SKU014,13,1,0,287,15,0,80,128,0
2026-06-16,DC003,SKU014,10,1,0,274,29,0,80,128,0
2026-06-17,DC003,SKU014,5,1,0,264,15,0,80,128,0
2026-06-18,DC003,SKU014,17,1,0,259,12,0,80,128,0
2026-06-19,DC003,SKU014,11,1,0,242,30,0,80,128,0
2026-06-20,DC003,SKU014,17,1,0,231,24,0,80,128,0
2026-06-21,DC003,SKU014,11,1,1,214,26,0,80,128,0
2026-06-22,DC003,SKU014,10,1,0,203,14,0,80,128,0
2026-06-23,DC003,SKU014,14,1,0,193,0,0,80,128,0
2026-06-24,DC003,SKU014,19,1,0,179,24,0,80,128,0
2026-06-25,DC003,SKU014,13,1,0,160,12,0,80,128,0
2026-06-26,DC003,SKU014,13,1,0,147,19,0,80,128,0
2026-06-27,DC003,SKU014,14,1,0,134,17,0,80,128,0
2026-06-28,DC003,SKU014,16,1,0,120,16,0,80,128,0
2026-06-29,DC003,SKU014,17,1,0,104,15,265,80,128,0
2026-06-30,DC003,SKU014,12,1,1,352,19,0,80,128,0
2026-07-01,DC003,SKU014,8,1,0,340,6,0,80,128,0
2026-07-02,DC003,SKU014,15,1,0,332,10,0,80,128,0
2026-07-03,DC003,SKU014,15,1,0,317,31,0,80,128,0
2026-07-04,DC003,SKU014,11,1,1,302,10,0,80,128,0
2026-07-05,DC003,SKU014,16,1,0,291,34,0,80,128,0
2026-07-06,DC003,SKU014,13,1,0,275,13,0,80,128,0
2026-07-07,DC003,SKU014,14,1,0,262,30,0,80,128,0
2026-07-08,DC003,SKU014,17,1,0,248,21,0,80,128,0
2026-07-09,DC003,SKU014,11,1,0,231,27,0,80,128,0
2026-07-10,DC003,SKU014,15,1,0,220,27,0,80,128,0
2026-07-11,DC003,SKU014,15,1,0,205,20,0,80,128,0
2026-07-12,DC003,SKU014,14,1,0,190,26,0,80,128,0
2026-07-13,DC003,SKU014,19,1,0,176,20,0,80,128,0
2026-07-14,DC003,SKU014,10,1,0,157,22,0,80,128,0
2026-07-15,DC003,SKU014,18,1,0,147,19,0,80,128,0
2026-07-16,DC003,SKU014,16,1,0,129,18,0,80,128,0
2026-07-17,DC003,SKU014,8,1,0,113,4,0,80,128,0
2026-07-18,DC003,SKU014,9,1,0,105,4,254,80,128,0
2026-07-19,DC003,SKU014,13,1,0,350,4,0,80,128,0
2026-07-20,DC003,SKU014,11,1,0,337,6,0,80,128,0
2026-07-21,DC003,SKU014,12,1,0,326,43,0,80,128,0
2026-07-22,DC003,SKU014,9,1,0,314,29,0,80,128,0
2026-07-23,DC003,SKU014,16,1,0,305,24,0,80,128,0
2026-07-24,DC003,SKU014,14,1,0,289,38,0,80,128,0
2026-07-25,DC003,SKU014,15,1,0,275,10,0,80,128,0
2026-07-26,DC003,SKU014,13,0,0,260,37,0,80,128,0
2026-07-27,DC003,SKU014,19,0,0,247,32,0,80,128,0
2026-07-28,DC003,SKU014,16,0,0,228,21,0,80,128,0
2026-07-29,DC003,SKU014,7,0,0,212,24,0,80,128,0
2026-07-30,DC003,SKU014,11,0,0,205,30,0,80,128,0
2026-07-31,DC003,SKU014,9,0,0,194,16,0,80,128,0
2026-08-01,DC003,SKU014,15,0,1,185,4,0,80,128,0
2026-08-02,DC003,SKU014,12,0,0,170,20,0,80,128,0
2026-08-03,DC003,SKU014,12,0,0,158,10,0,80,128,0
2026-08-04,DC003,SKU014,21,0,1,146,1,0,80,128,0
2026-08-05,DC003,SKU014,11,0,0,125,17,278,80,128,0
2026-08-06,DC003,SKU014,18,0,0,392,19,0,80,128,0
2026-08-07,DC003,SKU014,10,0,0,374,40,0,80,128,0
2026-08-08,DC003,SKU014,14,0,0,364,5,0,80,128,0
2026-08-09,DC003,SKU014,14,0,0,350,24,0,80,128,0
2026-08-10,DC003,SKU014,8,0,0,336,33,0,80,128,0
2026-08-11,DC003,SKU014,15,0,0,328,28,0,80,128,0
2026-08-12,DC003,SKU014,7,0,0,313,23,0,80,128,0
2026-08-13,DC003,SKU014,13,0,0,306,22,0,80,128,0
2026-04-16,DC003,SKU015,50,0,1,608,71,0,176,282,0
2026-04-17,DC003,SKU015,30,0,0,558,20,0,176,282,0
2026-04-18,DC003,SKU015,42,0,0,528,38,0,176,282,0
2026-04-19,DC003,SKU015,39,0,0,486,59,0,176,282,0
2026-04-20,DC003,SKU015,31,0,0,447,4,0,176,282,0
2026-04-21,DC003,SKU015,33,0,0,416,2,0,176,282,0
2026-04-22,DC003,SKU015,41,0,0,383,28,0,176,282,0
2026-04-23,DC003,SKU015,31,0,1,342,31,0,176,282,0
2026-04-24,DC003,SKU015,31,0,0,311,33,563,176,282,0
2026-04-25,DC003,SKU015,38,0,0,843,114,0,176,282,0
2026-04-26,DC003,SKU015,55,0,1,805,11,0,176,282,0
2026-04-27,DC003,SKU015,27,0,0,750,105,0,176,282,0
2026-04-28,DC003,SKU015,36,0,0,723,54,0,176,282,0
2026-04-29,DC003,SKU015,44,0,0,687,13,0,176,282,0
2026-04-30,DC003,SKU015,23,0,0,643,86,0,176,282,0
2026-05-01,DC003,SKU015,38,0,0,620,75,0,176,282,0
2026-05-02,DC003,SKU015,34,0,0,582,12,0,176,282,0
2026-05-03,DC003,SKU015,39,0,0,548,15,0,176,282,0
2026-05-04,DC003,SKU015,33,0,0,509,36,0,176,282,0
2026-05-05,DC003,SKU015,20,0,0,476,17,0,176,282,0
2026-05-06,DC003,SKU015,24,0,0,456,60,0,176,282,0
2026-05-07,DC003,SKU015,42,0,0,432,46,0,176,282,0
2026-05-08,DC003,SKU015,30,0,0,390,21,0,176,282,0
2026-05-09,DC003,SKU015,32,0,0,360,35,0,176,282,0
2026-05-10,DC003,SKU015,30,0,0,328,4,0,176,282,0
2026-05-11,DC003,SKU015,23,0,0,298,0,0,176,282,0
2026-05-12,DC003,SKU015,41,0,0,275,2,403,176,282,0
2026-05-13,DC003,SKU015,32,0,0,637,76,0,176,282,0
2026-05-14,DC003,SKU015,32,0,0,605,40,0,176,282,0
2026-05-15,DC003,SKU015,30,0,0,573,58,0,176,282,0
2026-05-16,DC003,SKU015,35,0,0,543,58,0,176,282,0
2026-05-17,DC003,SKU015,27,0,0,508,5,0,176,282,0
2026-05-18,DC003,SKU015,34,0,1,481,8,0,176,282,0
2026-05-19,DC003,SKU015,20,0,0,447,60,0,176,282,0
2026-05-20,DC003,SKU015,30,0,0,427,43,0,176,282,0
2026-05-21,DC003,SKU015,36,0,0,397,36,0,176,282,0
2026-05-22,DC003,SKU015,37,0,0,361,18,0,176,282,0
2026-05-23,DC003,SKU015,32,0,0,324,19,0,176,282,0
2026-05-24,DC003,SKU015,37,0,0,292,1,0,176,282,0
2026-05-25,DC003,SKU015,32,0,0,255,12,483,176,282,0
2026-05-26,DC003,SKU015,29,0,0,706,43,0,176,282,0
2026-05-27,DC003,SKU015,29,0,0,677,32,0,176,282,0
2026-05-28,DC003,SKU015,31,0,0,648,96,0,176,282,0
2026-05-29,DC003,SKU015,37,0,0,617,6,0,176,282,0
2026-05-30,DC003,SKU015,33,0,0,580,73,0,176,282,0
2026-05-31,DC003,SKU015,37,0,0,547,36,0,176,282,0
2026-06-01,DC003,SKU015,35,0,1,510,9,0,176,282,0
2026-06-02,DC003,SKU015,22,0,0,475,31,0,176,282,0
2026-06-03,DC003,SKU015,12,0,0,453,43,0,176,282,0
2026-06-04,DC003,SKU015,23,0,0,441,7,0,176,282,0
2026-06-05,DC003,SKU015,32,0,0,418,48,0,176,282,0
2026-06-06,DC003,SKU015,41,0,0,386,47,0,176,282,0
2026-06-07,DC003,SKU015,25,0,0,345,46,0,176,282,0
2026-06-08,DC003,SKU015,34,0,0,320,36,0,176,282,0
2026-06-09,DC003,SKU015,34,0,1,286,9,0,176,282,0
2026-06-10,DC003,SKU015,34,0,0,252,24,0,176,282,0
2026-06-11,DC003,SKU015,36,0,0,218,5,0,176,282,0
2026-06-12,DC003,SKU015,33,0,0,182,12,0,176,282,1
2026-06-13,DC003,SKU015,32,0,0,149,8,0,176,282,1
2026-06-14,DC003,SKU015,50,0,0,117,6,0,176,282,1
2026-06-15,DC003,SKU015,33,1,0,67,8,330,176,282,0
2026-06-16,DC003,SKU015,22,1,0,364,53,0,176,282,0
2026-06-17,DC003,SKU015,37,1,0,342,22,0,176,282,0
2026-06-18,DC003,SKU015,33,1,0,305,13,0,176,282,0
2026-06-19,DC003,SKU015,21,1,0,272,25,0,176,282,0
2026-06-20,DC003,SKU015,43,1,0,251,10,611,176,282,0
2026-06-21,DC003,SKU015,36,1,0,819,15,0,176,282,0
2026-06-22,DC003,SKU015,46,1,0,783,33,0,176,282,0
2026-06-23,DC003,SKU015,45,1,0,737,12,0,176,282,0
2026-06-24,DC003,SKU015,33,1,0,692,99,0,176,282,0
2026-06-25,DC003,SKU015,24,1,0,659,12,0,176,282,0
2026-06-26,DC003,SKU015,27,1,0,635,61,0,176,282,0
2026-06-27,DC003,SKU015,24,1,0,608,73,0,176,282,0
2026-06-28,DC003,SKU015,33,1,0,584,1,0,176,282,0
2026-06-29,DC003,SKU015,35,1,0,551,19,0,176,282,0
2026-06-30,DC003,SKU015,34,1,0,516,14,0,176,282,0
2026-07-01,DC003,SKU015,26,1,0,482,51,0,176,282,0
2026-07-02,DC003,SKU015,32,1,0,456,56,0,176,282,0
2026-07-03,DC003,SKU015,34,1,0,424,12,0,176,282,0
2026-07-04,DC003,SKU015,41,1,0,390,41,0,176,282,0
2026-07-05,DC003,SKU015,18,1,0,349,35,0,176,282,0
2026-07-06,DC003,SKU015,34,1,0,331,8,0,176,282,0
2026-07-07,DC003,SKU015,22,1,0,297,0,0,176,282,0
2026-07-08,DC003,SKU015,33,1,0,275,35,457,176,282,0
2026-07-09,DC003,SKU015,36,1,0,699,3,0,176,282,0
2026-07-10,DC003,SKU015,31,1,0,663,63,0,176,282,0
2026-07-11,DC003,SKU015,23,1,0,632,82,0,176,282,0
2026-07-12,DC003,SKU015,32,1,0,609,57,0,176,282,0
2026-07-13,DC003,SKU015,25,1,0,577,43,0,176,282,0
2026-07-14,DC003,SKU015,28,1,0,552,14,0,176,282,0
2026-07-15,DC003,SKU015,23,1,0,524,26,0,176,282,0
2026-07-16,DC003,SKU015,28,1,0,501,54,0,176,282,0
2026-07-17,DC003,SKU015,23,1,0,473,64,0,176,282,0
2026-07-18,DC003,SKU015,32,1,0,450,46,0,176,282,0
2026-07-19,DC003,SKU015,58,1,1,418,62,0,176,282,0
2026-07-20,DC003,SKU015,36,1,0,360,46,0,176,282,0
2026-07-21,DC003,SKU015,39,1,1,324,38,0,176,282,0
2026-07-22,DC003,SKU015,35,1,0,285,13,0,176,282,0
2026-07-23,DC003,SKU015,39,1,0,250,1,360,176,282,0
2026-07-24,DC003,SKU015,29,1,0,571,85,0,176,282,0
2026-07-25,DC003,SKU015,37,1,0,542,62,0,176,282,0
2026-07-26,DC003,SKU015,41,0,0,505,75,0,176,282,0
2026-07-27,DC003,SKU015,33,0,1,464,31,0,176,282,0
2026-07-28,DC003,SKU015,21,0,0,431,36,0,176,282,0
2026-07-29,DC003,SKU015,23,0,1,410,59,0,176,282,0
2026-07-30,DC003,SKU015,18,0,0,387,36,0,176,282,0
2026-07-31,DC003,SKU015,36,0,0,369,13,0,176,282,0
2026-08-01,DC003,SKU015,41,0,0,333,36,0,176,282,0
2026-08-02,DC003,SKU015,31,0,0,292,25,0,176,282,0
2026-08-03,DC003,SKU015,22,0,0,261,29,0,176,282,0
2026-08-04,DC003,SKU015,38,0,0,239,19,0,176,282,0
2026-08-05,DC003,SKU015,25,0,0,201,27,0,176,282,1
2026-08-06,DC003,SKU015,20,0,0,176,8,0,176,282,1
2026-08-07,DC003,SKU015,33,0,0,156,0,0,176,282,1
2026-08-08,DC003,SKU015,31,0,0,123,17,0,176,282,1
2026-08-09,DC003,SKU015,39,0,1,92,3,0,176,282,1
2026-08-10,DC003,SKU015,31,0,1,53,2,595,176,282,0
2026-08-11,DC003,SKU015,32,0,0,617,83,0,176,282,0
2026-08-12,DC003,SKU015,32,0,0,585,56,0,176,282,0
2026-08-13,DC003,SKU015,35,0,0,553,40,0,176,282,0
2026-04-16,DC004,SKU001,70,0,0,935,110,0,320,512,0
2026-04-17,DC004,SKU001,62,0,0,865,84,0,320,512,0
2026-04-18,DC004,SKU001,79,0,0,803,120,0,320,512,0
2026-04-19,DC004,SKU001,79,0,1,724,9,0,320,512,0
2026-04-20,DC004,SKU001,85,0,1,645,81,0,320,512,0
2026-04-21,DC004,SKU001,49,0,0,560,75,0,320,512,0
2026-04-22,DC004,SKU001,67,0,0,511,26,0,320,512,0
2026-04-23,DC004,SKU001,69,0,0,444,4,0,320,512,0
2026-04-24,DC004,SKU001,71,0,0,375,39,0,320,512,0
2026-04-25,DC004,SKU001,42,0,0,304,26,0,320,512,1
2026-04-26,DC004,SKU001,52,0,0,262,35,0,320,512,1
2026-04-27,DC004,SKU001,55,0,0,210,27,0,320,512,1
2026-04-28,DC004,SKU001,36,0,0,155,20,0,320,512,1
2026-04-29,DC004,SKU001,24,0,0,119,10,0,320,512,1
2026-04-30,DC004,SKU001,64,0,0,95,4,0,320,512,1
2026-05-01,DC004,SKU001,64,0,0,31,2,0,320,512,1
2026-05-02,DC004,SKU001,44,0,0,0,0,710,320,512,0
2026-05-03,DC004,SKU001,67,0,0,666,34,0,320,512,0
2026-05-04,DC004,SKU001,55,0,0,599,33,0,320,512,0
2026-05-05,DC004,SKU001,45,0,0,544,34,0,320,512,0
2026-05-06,DC004,SKU001,62,0,0,499,69,0,320,512,0
2026-05-07,DC004,SKU001,41,0,0,437,8,0,320,512,0
2026-05-08,DC004,SKU001,54,0,0,396,21,0,320,512,0
2026-05-09,DC004,SKU001,52,0,0,342,4,0,320,512,0
2026-05-10,DC004,SKU001,75,0,0,290,19,940,320,512,0
2026-05-11,DC004,SKU001,51,0,0,1155,89,0,320,512,0
2026-05-12,DC004,SKU001,48,0,0,1104,38,0,320,512,0
2026-05-13,DC004,SKU001,47,0,0,1056,147,0,320,512,0
2026-05-14,DC004,SKU001,46,0,0,1009,58,0,320,512,0
2026-05-15,DC004,SKU001,43,0,0,963,63,0,320,512,0
2026-05-16,DC004,SKU001,33,0,0,920,10,0,320,512,0
2026-05-17,DC004,SKU001,72,0,1,887,33,0,320,512,0
2026-05-18,DC004,SKU001,70,0,0,815,87,0,320,512,0
2026-05-19,DC004,SKU001,45,0,0,745,95,0,320,512,0
2026-05-20,DC004,SKU001,51,0,0,700,42,0,320,512,0
2026-05-21,DC004,SKU001,67,0,0,649,9,0,320,512,0
2026-05-22,DC004,SKU001,49,0,0,582,27,0,320,512,0
2026-05-23,DC004,SKU001,51,0,1,533,12,0,320,512,0
2026-05-24,DC004,SKU001,77,0,1,482,24,905,320,512,0
2026-05-25,DC004,SKU001,49,0,0,1310,45,0,320,512,0
2026-05-26,DC004,SKU001,32,0,0,1261,176,0,320,512,0
2026-05-27,DC004,SKU001,55,0,0,1229,150,0,320,512,0
2026-05-28,DC004,SKU001,35,0,0,1174,156,0,320,512,0
2026-05-29,DC004,SKU001,47,0,0,1139,71,0,320,512,0
2026-05-30,DC004,SKU001,51,0,0,1092,103,0,320,512,0
2026-05-31,DC004,SKU001,38,0,0,1041,55,0,320,512,0
2026-06-01,DC004,SKU001,68,0,1,1003,145,0,320,512,0
2026-06-02,DC004,SKU001,56,0,0,935,76,0,320,512,0
2026-06-03,DC004,SKU001,70,0,0,879,111,0,320,512,0
2026-06-04,DC004,SKU001,84,0,1,809,26,0,320,512,0
2026-06-05,DC004,SKU001,59,0,0,725,44,0,320,512,0
2026-06-06,DC004,SKU001,64,0,0,666,73,0,320,512,0
2026-06-07,DC004,SKU001,33,0,0,602,83,0,320,512,0
2026-06-08,DC004,SKU001,65,0,0,569,67,739,320,512,0
2026-06-09,DC004,SKU001,55,0,0,1243,89,0,320,512,0
2026-06-10,DC004,SKU001,46,0,0,1188,50,0,320,512,0
2026-06-11,DC004,SKU001,56,0,0,1142,17,0,320,512,0
2026-06-12,DC004,SKU001,65,0,0,1086,162,0,320,512,0
2026-06-13,DC004,SKU001,36,0,0,1021,135,0,320,512,0
2026-06-14,DC004,SKU001,80,0,0,985,88,0,320,512,0
2026-06-15,DC004,SKU001,75,1,1,905,126,0,320,512,0
2026-06-16,DC004,SKU001,84,1,0,830,86,0,320,512,0
2026-06-17,DC004,SKU001,62,1,1,746,39,0,320,512,0
2026-06-18,DC004,SKU001,87,1,0,684,15,0,320,512,0
2026-06-19,DC004,SKU001,79,1,0,597,32,0,320,512,0
2026-06-20,DC004,SKU001,61,1,0,518,6,0,320,512,0
2026-06-21,DC004,SKU001,74,1,0,457,58,0,320,512,0
2026-06-22,DC004,SKU001,66,1,0,383,11,0,320,512,0
2026-06-23,DC004,SKU001,54,1,1,317,34,0,320,512,1
2026-06-24,DC004,SKU001,55,1,0,263,20,954,320,512,0
2026-06-25,DC004,SKU001,69,1,0,1162,131,0,320,512,0
2026-06-26,DC004,SKU001,81,1,0,1093,25,0,320,512,0
2026-06-27,DC004,SKU001,63,1,0,1012,71,0,320,512,0
2026-06-28,DC004,SKU001,58,1,0,949,61,0,320,512,0
2026-06-29,DC004,SKU001,50,1,0,891,7,0,320,512,0
2026-06-30,DC004,SKU001,77,1,0,841,88,0,320,512,0
2026-07-01,DC004,SKU001,80,1,0,764,43,0,320,512,0
2026-07-02,DC004,SKU001,62,1,0,684,61,0,320,512,0
2026-07-03,DC004,SKU001,104,1,1,622,16,0,320,512,0
2026-07-04,DC004,SKU001,55,1,0,518,22,0,320,512,0
2026-07-05,DC004,SKU001,69,1,0,463,19,0,320,512,0
2026-07-06,DC004,SKU001,92,1,0,394,17,920,320,512,0
2026-07-07,DC004,SKU001,50,1,0,1222,18,0,320,512,0
2026-07-08,DC004,SKU001,97,1,0,1172,89,0,320,512,0
2026-07-09,DC004,SKU001,45,1,0,1075,21,0,320,512,0
2026-07-10,DC004,SKU001,73,1,0,1030,35,0,320,512,0
2026-07-11,DC004,SKU001,68,1,0,957,69,0,320,512,0
2026-07-12,DC004,SKU001,83,1,0,889,126,0,320,512,0
2026-07-13,DC004,SKU001,72,1,0,806,17,0,320,512,0
2026-07-14,DC004,SKU001,86,1,0,734,53,0,320,512,0
2026-07-15,DC004,SKU001,70,1,0,648,66,0,320,512,0
2026-07-16,DC004,SKU001,40,1,0,578,74,0,320,512,0
2026-07-17,DC004,SKU001,94,1,0,538,38,643,320,512,0
2026-07-18,DC004,SKU001,88,1,0,1087,141,0,320,512,0
2026-07-19,DC004,SKU001,83,1,0,999,30,0,320,512,0
2026-07-20,DC004,SKU001,95,1,0,916,95,0,320,512,0
2026-07-21,DC004,SKU001,59,1,0,821,75,0,320,512,0
2026-07-22,DC004,SKU001,78,1,0,762,10,0,320,512,0
2026-07-23,DC004,SKU001,28,1,0,684,85,0,320,512,0
2026-07-24,DC004,SKU001,48,1,0,656,6,0,320,512,0
2026-07-25,DC004,SKU001,75,1,1,608,65,0,320,512,0
2026-07-26,DC004,SKU001,47,0,0,533,51,0,320,512,0
2026-07-27,DC004,SKU001,77,0,0,486,34,0,320,512,0
2026-07-28,DC004,SKU001,67,0,0,409,59,0,320,512,0
2026-07-29,DC004,SKU001,43,0,0,342,28,0,320,512,1
2026-07-30,DC004,SKU001,54,0,0,299,20,770,320,512,0
2026-07-31,DC004,SKU001,30,0,0,1015,75,0,320,512,0
2026-08-01,DC004,SKU001,59,0,0,985,39,0,320,512,0
2026-08-02,DC004,SKU001,64,0,0,926,69,0,320,512,0
2026-08-03,DC004,SKU001,70,0,0,862,64,0,320,512,0
2026-08-04,DC004,SKU001,54,0,0,792,62,0,320,512,0
2026-08-05,DC004,SKU001,20,0,0,738,78,0,320,512,0
2026-08-06,DC004,SKU001,30,0,0,718,57,0,320,512,0
2026-08-07,DC004,SKU001,38,0,0,688,91,0,320,512,0
2026-08-08,DC004,SKU001,59,0,0,650,94,0,320,512,0
2026-08-09,DC004,SKU001,62,0,0,591,85,578,320,512,0
2026-08-10,DC004,SKU001,54,0,0,1107,35,0,320,512,0
2026-08-11,DC004,SKU001,58,0,0,1053,102,0,320,512,0
2026-08-12,DC004,SKU001,50,0,0,995,48,0,320,512,0
2026-08-13,DC004,SKU001,63,0,0,945,55,0,320,512,0
2026-04-16,DC004,SKU002,52,0,0,1105,145,0,320,512,0
2026-04-17,DC004,SKU002,90,0,0,1053,3,0,320,512,0
2026-04-18,DC004,SKU002,68,0,0,963,56,0,320,512,0
2026-04-19,DC004,SKU002,101,0,0,895,43,0,320,512,0
2026-04-20,DC004,SKU002,69,0,0,794,32,0,320,512,0
2026-04-21,DC004,SKU002,59,0,1,725,60,0,320,512,0
2026-04-22,DC004,SKU002,50,0,0,666,89,0,320,512,0
2026-04-23,DC004,SKU002,62,0,0,616,10,0,320,512,0
2026-04-24,DC004,SKU002,51,0,0,554,50,0,320,512,0
2026-04-25,DC004,SKU002,64,0,0,503,15,0,320,512,0
2026-04-26,DC004,SKU002,114,0,0,439,16,0,320,512,0
2026-04-27,DC004,SKU002,58,0,0,325,0,0,320,512,0
2026-04-28,DC004,SKU002,59,0,0,267,21,0,320,512,1
2026-04-29,DC004,SKU002,76,0,0,208,29,0,320,512,1
2026-04-30,DC004,SKU002,16,0,0,132,18,0,320,512,1
2026-05-01,DC004,SKU002,64,0,0,116,11,0,320,512,1
2026-05-02,DC004,SKU002,68,0,0,52,6,0,320,512,1
2026-05-03,DC004,SKU002,74,0,0,0,0,0,320,512,1
2026-05-04,DC004,SKU002,65,0,0,0,0,0,320,512,1
2026-05-05,DC004,SKU002,40,0,0,0,0,0,320,512,1
2026-05-06,DC004,SKU002,93,0,0,0,0,0,320,512,1
2026-05-07,DC004,SKU002,72,0,0,0,0,752,320,512,0
2026-05-08,DC004,SKU002,45,0,1,680,6,0,320,512,0
2026-05-09,DC004,SKU002,53,0,0,635,26,0,320,512,0
2026-05-10,DC004,SKU002,69,0,0,582,18,0,320,512,0
2026-05-11,DC004,SKU002,67,0,0,513,59,0,320,512,0
2026-05-12,DC004,SKU002,104,0,0,446,41,0,320,512,0
2026-05-13,DC004,SKU002,76,0,0,342,18,0,320,512,0
2026-05-14,DC004,SKU002,60,0,0,266,14,0,320,512,1
2026-05-15,DC004,SKU002,72,0,1,206,29,0,320,512,1
2026-05-16,DC004,SKU002,72,0,0,134,10,0,320,512,1
2026-05-17,DC004,SKU002,42,0,0,62,5,0,320,512,1
2026-05-18,DC004,SKU002,48,0,0,20,1,0,320,512,1
2026-05-19,DC004,SKU002,82,0,0,0,0,719,320,512,0
2026-05-20,DC004,SKU002,29,0,0,637,67,0,320,512,0
2026-05-21,DC004,SKU002,51,0,0,608,71,0,320,512,0
2026-05-22,DC004,SKU002,70,0,0,557,30,0,320,512,0
2026-05-23,DC004,SKU002,53,0,0,487,61,0,320,512,0
2026-05-24,DC004,SKU002,41,0,0,434,37,0,320,512,0
2026-05-25,DC004,SKU002,46,0,1,393,34,0,320,512,0
2026-05-26,DC004,SKU002,82,0,0,347,12,0,320,512,0
2026-05-27,DC004,SKU002,48,0,0,265,9,0,320,512,1
2026-05-28,DC004,SKU002,44,0,0,217,2,0,320,512,1
2026-05-29,DC004,SKU002,56,0,0,173,21,0,320,512,1
2026-05-30,DC004,SKU002,49,0,0,117,8,0,320,512,1
2026-05-31,DC004,SKU002,55,0,0,68,9,0,320,512,1
2026-06-01,DC004,SKU002,73,0,0,13,0,0,320,512,1
2026-06-02,DC004,SKU002,71,0,0,0,0,1098,320,512,0
2026-06-03,DC004,SKU002,47,0,0,1027,96,0,320,512,0
2026-06-04,DC004,SKU002,83,0,0,980,47,0,320,512,0
2026-06-05,DC004,SKU002,85,0,0,897,102,0,320,512,0
2026-06-06,DC004,SKU002,67,0,0,812,2,0,320,512,0
2026-06-07,DC004,SKU002,62,0,0,745,99,0,320,512,0
2026-06-08,DC004,SKU002,48,0,0,683,87,0,320,512,0
2026-06-09,DC004,SKU002,79,0,0,635,40,0,320,512,0
2026-06-10,DC004,SKU002,59,0,0,556,19,0,320,512,0
2026-06-11,DC004,SKU002,94,0,0,497,6,0,320,512,0
2026-06-12,DC004,SKU002,73,0,0,403,53,847,320,512,0
2026-06-13,DC004,SKU002,75,0,0,1177,32,0,320,512,0
2026-06-14,DC004,SKU002,49,0,0,1102,109,0,320,512,0
2026-06-15,DC004,SKU002,98,1,0,1053,36,0,320,512,0
2026-06-16,DC004,SKU002,71,1,0,955,4,0,320,512,0
2026-06-17,DC004,SKU002,58,1,0,884,119,0,320,512,0
2026-06-18,DC004,SKU002,54,1,0,826,120,0,320,512,0
2026-06-19,DC004,SKU002,68,1,0,772,37,0,320,512,0
2026-06-20,DC004,SKU002,58,1,0,704,71,0,320,512,0
2026-06-21,DC004,SKU002,61,1,0,646,2,0,320,512,0
2026-06-22,DC004,SKU002,79,1,0,585,9,0,320,512,0
2026-06-23,DC004,SKU002,97,1,0,506,29,1178,320,512,0
2026-06-24,DC004,SKU002,73,1,0,1587,56,0,320,512,0
2026-06-25,DC004,SKU002,111,1,0,1514,65,0,320,512,0
2026-06-26,DC004,SKU002,132,1,1,1403,180,0,320,512,0
2026-06-27,DC004,SKU002,90,1,0,1271,173,0,320,512,0
2026-06-28,DC004,SKU002,58,1,1,1181,135,0,320,512,0
2026-06-29,DC004,SKU002,130,1,0,1123,162,0,320,512,0
2026-06-30,DC004,SKU002,76,1,0,993,21,0,320,512,0
2026-07-01,DC004,SKU002,70,1,0,917,78,0,320,512,0
2026-07-02,DC004,SKU002,139,1,0,847,98,0,320,512,0
2026-07-03,DC004,SKU002,43,1,0,708,67,0,320,512,0
2026-07-04,DC004,SKU002,72,1,0,665,59,0,320,512,0
2026-07-05,DC004,SKU002,86,1,0,593,61,0,320,512,0
2026-07-06,DC004,SKU002,57,1,0,507,37,919,320,512,0
2026-07-07,DC004,SKU002,133,1,0,1369,104,0,320,512,0
2026-07-08,DC004,SKU002,69,1,0,1236,147,0,320,512,0
2026-07-09,DC004,SKU002,50,1,0,1167,11,0,320,512,0
2026-07-10,DC004,SKU002,92,1,0,1117,83,0,320,512,0
2026-07-11,DC004,SKU002,112,1,0,1025,62,0,320,512,0
2026-07-12,DC004,SKU002,113,1,0,913,79,0,320,512,0
2026-07-13,DC004,SKU002,104,1,0,800,23,0,320,512,0
2026-07-14,DC004,SKU002,92,1,0,696,5,0,320,512,0
2026-07-15,DC004,SKU002,111,1,0,604,11,0,320,512,0
2026-07-16,DC004,SKU002,50,1,0,493,61,0,320,512,0
2026-07-17,DC004,SKU002,139,1,0,443,37,0,320,512,0
2026-07-18,DC004,SKU002,88,1,0,304,21,882,320,512,0
2026-07-19,DC004,SKU002,145,1,0,1098,30,0,320,512,0
2026-07-20,DC004,SKU002,118,1,0,953,10,0,320,512,0
2026-07-21,DC004,SKU002,56,1,0,835,6,0,320,512,0
2026-07-22,DC004,SKU002,118,1,0,779,36,0,320,512,0
2026-07-23,DC004,SKU002,98,1,1,661,17,0,320,512,0
2026-07-24,DC004,SKU002,83,1,0,563,27,0,320,512,0
2026-07-25,DC004,SKU002,88,1,0,480,49,0,320,512,0
2026-07-26,DC004,SKU002,39,0,0,392,54,970,320,512,0
2026-07-27,DC004,SKU002,77,0,0,1323,51,0,320,512,0
2026-07-28,DC004,SKU002,39,0,0,1246,85,0,320,512,0
2026-07-29,DC004,SKU002,48,0,0,1207,111,0,320,512,0
2026-07-30,DC004,SKU002,44,0,0,1159,117,0,320,512,0
2026-07-31,DC004,SKU002,38,0,0,1115,75,0,320,512,0
2026-08-01,DC004,SKU002,49,0,0,1077,73,0,320,512,0
2026-08-02,DC004,SKU002,46,0,0,1028,134,0,320,512,0
2026-08-03,DC004,SKU002,70,0,1,982,46,0,320,512,0
2026-08-04,DC004,SKU002,68,0,0,912,124,0,320,512,0
2026-08-05,DC004,SKU002,74,0,0,844,62,0,320,512,0
2026-08-06,DC004,SKU002,53,0,0,770,81,0,320,512,0
2026-08-07,DC004,SKU002,62,0,1,717,5,0,320,512,0
2026-08-08,DC004,SKU002,91,0,0,655,36,0,320,512,0
2026-08-09,DC004,SKU002,88,0,0,564,45,0,320,512,0
2026-08-10,DC004,SKU002,62,0,0,476,34,1214,320,512,0
2026-08-11,DC004,SKU002,53,0,0,1628,191,0,320,512,0
2026-08-12,DC004,SKU002,40,0,0,1575,52,0,320,512,0
2026-08-13,DC004,SKU002,87,0,1,1535,55,0,320,512,0
2026-04-16,DC004,SKU003,61,0,0,1190,134,0,320,512,0
2026-04-17,DC004,SKU003,90,0,0,1129,132,0,320,512,0
2026-04-18,DC004,SKU003,80,0,0,1039,96,0,320,512,0
2026-04-19,DC004,SKU003,62,0,0,959,93,0,320,512,0
2026-04-20,DC004,SKU003,75,0,0,897,99,0,320,512,0
2026-04-21,DC004,SKU003,70,0,0,822,101,0,320,512,0
2026-04-22,DC004,SKU003,60,0,0,752,32,0,320,512,0
2026-04-23,DC004,SKU003,86,0,0,692,97,0,320,512,0
2026-04-24,DC004,SKU003,42,0,0,606,47,0,320,512,0
2026-04-25,DC004,SKU003,81,0,0,564,68,0,320,512,0
2026-04-26,DC004,SKU003,92,0,0,483,24,0,320,512,0
2026-04-27,DC004,SKU003,61,0,0,391,4,0,320,512,0
2026-04-28,DC004,SKU003,94,0,0,330,42,0,320,512,1
2026-04-29,DC004,SKU003,70,0,0,236,2,1117,320,512,0
2026-04-30,DC004,SKU003,30,0,0,1283,77,0,320,512,0
2026-05-01,DC004,SKU003,61,0,0,1253,111,0,320,512,0
2026-05-02,DC004,SKU003,56,0,0,1192,47,0,320,512,0
2026-05-03,DC004,SKU003,87,0,0,1136,143,0,320,512,0
2026-05-04,DC004,SKU003,90,0,1,1049,100,0,320,512,0
2026-05-05,DC004,SKU003,66,0,0,959,31,0,320,512,0
2026-05-06,DC004,SKU003,64,0,0,893,56,0,320,512,0
2026-05-07,DC004,SKU003,79,0,0,829,95,0,320,512,0
2026-05-08,DC004,SKU003,87,0,0,750,36,0,320,512,0
2026-05-09,DC004,SKU003,70,0,0,663,70,0,320,512,0
2026-05-10,DC004,SKU003,60,0,0,593,58,0,320,512,0
2026-05-11,DC004,SKU003,102,0,1,533,48,0,320,512,0
2026-05-12,DC004,SKU003,73,0,0,431,53,0,320,512,0
2026-05-13,DC004,SKU003,41,0,0,358,14,0,320,512,0
2026-05-14,DC004,SKU003,55,0,0,317,46,0,320,512,1
2026-05-15,DC004,SKU003,77,0,0,262,15,0,320,512,1
2026-05-16,DC004,SKU003,57,0,0,185,21,0,320,512,1
2026-05-17,DC004,SKU003,62,0,0,128,4,0,320,512,1
2026-05-18,DC004,SKU003,92,0,0,66,3,0,320,512,1
2026-05-19,DC004,SKU003,71,0,1,0,0,0,320,512,1
2026-05-20,DC004,SKU003,56,0,0,0,0,0,320,512,1
2026-05-21,DC004,SKU003,68,0,0,0,0,0,320,512,1
2026-05-22,DC004,SKU003,70,0,0,0,0,0,320,512,1
2026-05-23,DC004,SKU003,82,0,0,0,0,0,320,512,1
2026-05-24,DC004,SKU003,95,0,0,0,0,0,320,512,1
2026-05-25,DC004,SKU003,66,0,0,0,0,0,320,512,1
2026-05-26,DC004,SKU003,77,0,0,0,0,0,320,512,1
2026-05-27,DC004,SKU003,59,0,0,0,0,962,320,512,0
2026-05-28,DC004,SKU003,96,0,0,903,59,0,320,512,0
2026-05-29,DC004,SKU003,62,0,0,807,67,0,320,512,0
2026-05-30,DC004,SKU003,61,0,0,745,91,0,320,512,0
2026-05-31,DC004,SKU003,85,0,0,684,30,0,320,512,0
2026-06-01,DC004,SKU003,95,0,0,599,20,0,320,512,0
2026-06-02,DC004,SKU003,40,0,0,504,43,0,320,512,0
2026-06-03,DC004,SKU003,99,0,1,464,2,0,320,512,0
2026-06-04,DC004,SKU003,61,0,0,365,22,0,320,512,0
2026-06-05,DC004,SKU003,53,0,0,304,43,0,320,512,1
2026-06-06,DC004,SKU003,95,0,0,251,16,0,320,512,1
2026-06-07,DC004,SKU003,56,0,0,156,5,0,320,512,1
2026-06-08,DC004,SKU003,102,0,0,100,7,0,320,512,1
2026-06-09,DC004,SKU003,63,0,0,0,0,0,320,512,1
2026-06-10,DC004,SKU003,83,0,0,0,0,0,320,512,1
2026-06-11,DC004,SKU003,71,0,0,0,0,0,320,512,1
2026-06-12,DC004,SKU003,102,0,1,0,0,705,320,512,0
2026-06-13,DC004,SKU003,53,0,0,603,76,0,320,512,0
2026-06-14,DC004,SKU003,22,0,0,550,50,0,320,512,0
2026-06-15,DC004,SKU003,72,1,0,528,22,0,320,512,0
2026-06-16,DC004,SKU003,67,1,0,456,46,803,320,512,0
2026-06-17,DC004,SKU003,89,1,0,1192,120,0,320,512,0
2026-06-18,DC004,SKU003,93,1,0,1103,103,0,320,512,0
2026-06-19,DC004,SKU003,33,1,0,1010,67,0,320,512,0
2026-06-20,DC004,SKU003,108,1,0,977,18,0,320,512,0
2026-06-21,DC004,SKU003,79,1,0,869,116,0,320,512,0
2026-06-22,DC004,SKU003,74,1,0,790,16,0,320,512,0
2026-06-23,DC004,SKU003,83,1,0,716,5,0,320,512,0
2026-06-24,DC004,SKU003,81,1,0,633,76,0,320,512,0
2026-06-25,DC004,SKU003,56,1,0,552,28,0,320,512,0
2026-06-26,DC004,SKU003,99,1,0,496,6,0,320,512,0
2026-06-27,DC004,SKU003,75,1,0,397,20,0,320,512,0
2026-06-28,DC004,SKU003,110,1,0,322,11,0,320,512,1
2026-06-29,DC004,SKU003,91,1,0,212,22,0,320,512,1
2026-06-30,DC004,SKU003,71,1,0,121,0,0,320,512,1
2026-07-01,DC004,SKU003,76,1,0,50,0,0,320,512,1
2026-07-02,DC004,SKU003,19,1,0,0,0,0,320,512,1
2026-07-03,DC004,SKU003,75,1,0,0,0,0,320,512,1
2026-07-04,DC004,SKU003,74,1,0,0,0,0,320,512,1
2026-07-05,DC004,SKU003,116,1,0,0,0,0,320,512,1
2026-07-06,DC004,SKU003,128,1,0,0,0,0,320,512,1
2026-07-07,DC004,SKU003,42,1,0,0,0,0,320,512,1
2026-07-08,DC004,SKU003,87,1,0,0,0,0,320,512,1
2026-07-09,DC004,SKU003,47,1,0,0,0,0,320,512,1
2026-07-10,DC004,SKU003,87,1,0,0,0,996,320,512,0
2026-07-11,DC004,SKU003,82,1,0,909,2,0,320,512,0
2026-07-12,DC004,SKU003,74,1,0,827,79,0,320,512,0
2026-07-13,DC004,SKU003,142,1,1,753,88,0,320,512,0
2026-07-14,DC004,SKU003,115,1,1,611,83,0,320,512,0
2026-07-15,DC004,SKU003,68,1,0,496,3,0,320,512,0
2026-07-16,DC004,SKU003,155,1,0,428,49,0,320,512,0
2026-07-17,DC004,SKU003,123,1,0,273,24,0,320,512,1
2026-07-18,DC004,SKU003,92,1,0,150,7,0,320,512,1
2026-07-19,DC004,SKU003,68,1,0,58,0,0,320,512,1
2026-07-20,DC004,SKU003,100,1,0,0,0,0,320,512,1
2026-07-21,DC004,SKU003,87,1,0,0,0,0,320,512,1
2026-07-22,DC004,SKU003,138,1,0,0,0,935,320,512,0
2026-07-23,DC004,SKU003,112,1,0,797,41,0,320,512,0
2026-07-24,DC004,SKU003,84,1,0,685,88,0,320,512,0
2026-07-25,DC004,SKU003,115,1,0,601,44,0,320,512,0
2026-07-26,DC004,SKU003,72,0,0,486,6,983,320,512,0
2026-07-27,DC004,SKU003,61,0,0,1397,202,0,320,512,0
2026-07-28,DC004,SKU003,86,0,0,1336,78,0,320,512,0
2026-07-29,DC004,SKU003,79,0,0,1250,68,0,320,512,0
2026-07-30,DC004,SKU003,90,0,0,1171,158,0,320,512,0
2026-07-31,DC004,SKU003,51,0,0,1081,47,0,320,512,0
2026-08-01,DC004,SKU003,65,0,0,1030,67,0,320,512,0
2026-08-02,DC004,SKU003,90,0,0,965,87,0,320,512,0
2026-08-03,DC004,SKU003,69,0,0,875,51,0,320,512,0
2026-08-04,DC004,SKU003,97,0,1,806,102,0,320,512,0
2026-08-05,DC004,SKU003,88,0,0,709,14,0,320,512,0
2026-08-06,DC004,SKU003,68,0,0,621,80,0,320,512,0
2026-08-07,DC004,SKU003,74,0,0,553,27,0,320,512,0
2026-08-08,DC004,SKU003,78,0,0,479,4,0,320,512,0
2026-08-09,DC004,SKU003,74,0,1,401,41,0,320,512,0
2026-08-10,DC004,SKU003,45,0,0,327,35,0,320,512,1
2026-08-11,DC004,SKU003,59,0,0,282,20,817,320,512,0
2026-08-12,DC004,SKU003,40,0,0,1040,48,0,320,512,0
2026-08-13,DC004,SKU003,73,0,0,1000,127,0,320,512,0
2026-04-16,DC004,SKU004,44,0,0,510,28,0,176,282,0
2026-04-17,DC004,SKU004,30,0,1,466,28,0,176,282,0
2026-04-18,DC004,SKU004,35,0,0,436,9,0,176,282,0
2026-04-19,DC004,SKU004,26,0,0,401,7,0,176,282,0
2026-04-20,DC004,SKU004,26,0,0,375,30,0,176,282,0
2026-04-21,DC004,SKU004,13,0,0,349,27,0,176,282,0
2026-04-22,DC004,SKU004,36,0,0,336,27,0,176,282,0
2026-04-23,DC004,SKU004,26,0,0,300,42,0,176,282,0
2026-04-24,DC004,SKU004,23,0,0,274,11,0,176,282,0
2026-04-25,DC004,SKU004,39,0,0,251,23,0,176,282,0
2026-04-26,DC004,SKU004,35,0,0,212,24,0,176,282,0
2026-04-27,DC004,SKU004,28,0,0,177,11,0,176,282,1
2026-04-28,DC004,SKU004,19,0,0,149,9,0,176,282,1
2026-04-29,DC004,SKU004,32,0,0,130,14,421,176,282,0
2026-04-30,DC004,SKU004,38,0,0,519,26,0,176,282,0
2026-05-01,DC004,SKU004,29,0,0,481,15,0,176,282,0
2026-05-02,DC004,SKU004,38,0,1,452,15,0,176,282,0
2026-05-03,DC004,SKU004,33,0,0,414,31,0,176,282,0
2026-05-04,DC004,SKU004,8,0,0,381,25,0,176,282,0
2026-05-05,DC004,SKU004,33,0,0,373,29,0,176,282,0
2026-05-06,DC004,SKU004,32,0,0,340,30,0,176,282,0
2026-05-07,DC004,SKU004,27,0,0,308,44,0,176,282,0
2026-05-08,DC004,SKU004,23,0,0,281,16,0,176,282,0
2026-05-09,DC004,SKU004,26,0,0,258,21,0,176,282,0
2026-05-10,DC004,SKU004,21,0,0,232,20,0,176,282,0
2026-05-11,DC004,SKU004,30,0,0,211,18,0,176,282,0
2026-05-12,DC004,SKU004,40,0,0,181,9,579,176,282,0
2026-05-13,DC004,SKU004,28,0,0,720,68,0,176,282,0
2026-05-14,DC004,SKU004,24,0,0,692,87,0,176,282,0
2026-05-15,DC004,SKU004,31,0,0,668,36,0,176,282,0
2026-05-16,DC004,SKU004,32,0,0,637,85,0,176,282,0
2026-05-17,DC004,SKU004,37,0,1,605,15,0,176,282,0
2026-05-18,DC004,SKU004,24,0,0,568,42,0,176,282,0
2026-05-19,DC004,SKU004,32,0,0,544,17,0,176,282,0
2026-05-20,DC004,SKU004,19,0,0,512,55,0,176,282,0
2026-05-21,DC004,SKU004,36,0,0,493,69,0,176,282,0
2026-05-22,DC004,SKU004,35,0,0,457,36,0,176,282,0
2026-05-23,DC004,SKU004,40,0,0,422,0,0,176,282,0
2026-05-24,DC004,SKU004,21,0,0,382,52,0,176,282,0
2026-05-25,DC004,SKU004,31,0,0,361,25,0,176,282,0
2026-05-26,DC004,SKU004,43,0,0,330,0,0,176,282,0
2026-05-27,DC004,SKU004,18,0,0,287,5,0,176,282,0
2026-05-28,DC004,SKU004,17,0,0,269,18,577,176,282,0
2026-05-29,DC004,SKU004,34,0,1,829,107,0,176,282,0
2026-05-30,DC004,SKU004,20,0,0,795,115,0,176,282,0
2026-05-31,DC004,SKU004,35,0,0,775,68,0,176,282,0
2026-06-01,DC004,SKU004,30,0,0,740,109,0,176,282,0
2026-06-02,DC004,SKU004,36,0,0,710,22,0,176,282,0
2026-06-03,DC004,SKU004,21,0,0,674,76,0,176,282,0
2026-06-04,DC004,SKU004,21,0,0,653,3,0,176,282,0
2026-06-05,DC004,SKU004,26,0,0,632,50,0,176,282,0
2026-06-06,DC004,SKU004,34,0,0,606,23,0,176,282,0
2026-06-07,DC004,SKU004,28,0,0,572,44,0,176,282,0
2026-06-08,DC004,SKU004,34,0,0,544,71,0,176,282,0
2026-06-09,DC004,SKU004,27,0,0,510,32,0,176,282,0
2026-06-10,DC004,SKU004,18,0,0,483,12,0,176,282,0
2026-06-11,DC004,SKU004,30,0,0,465,46,0,176,282,0
2026-06-12,DC004,SKU004,37,0,0,435,4,0,176,282,0
2026-06-13,DC004,SKU004,28,0,0,398,56,0,176,282,0
2026-06-14,DC004,SKU004,32,0,0,370,17,0,176,282,0
2026-06-15,DC004,SKU004,30,1,0,338,44,0,176,282,0
2026-06-16,DC004,SKU004,48,1,1,308,42,565,176,282,0
2026-06-17,DC004,SKU004,33,1,0,825,21,0,176,282,0
2026-06-18,DC004,SKU004,36,1,0,792,29,0,176,282,0
2026-06-19,DC004,SKU004,30,1,0,756,94,0,176,282,0
2026-06-20,DC004,SKU004,19,1,0,726,59,0,176,282,0
2026-06-21,DC004,SKU004,34,1,0,707,45,0,176,282,0
2026-06-22,DC004,SKU004,37,1,0,673,71,0,176,282,0
2026-06-23,DC004,SKU004,46,1,0,636,65,0,176,282,0
2026-06-24,DC004,SKU004,29,1,0,590,49,0,176,282,0
2026-06-25,DC004,SKU004,30,1,0,561,19,0,176,282,0
2026-06-26,DC004,SKU004,32,1,0,531,73,0,176,282,0
2026-06-27,DC004,SKU004,26,1,0,499,3,0,176,282,0
2026-06-28,DC004,SKU004,29,1,0,473,44,0,176,282,0
2026-06-29,DC004,SKU004,39,1,0,444,1,0,176,282,0
2026-06-30,DC004,SKU004,35,1,0,405,21,0,176,282,0
2026-07-01,DC004,SKU004,31,1,0,370,45,0,176,282,0
2026-07-02,DC004,SKU004,25,1,0,339,41,0,176,282,0
2026-07-03,DC004,SKU004,24,1,0,314,46,364,176,282,0
2026-07-04,DC004,SKU004,36,1,0,654,95,0,176,282,0
2026-07-05,DC004,SKU004,33,1,0,618,48,0,176,282,0
2026-07-06,DC004,SKU004,38,1,0,585,61,0,176,282,0
2026-07-07,DC004,SKU004,22,1,0,547,70,0,176,282,0
2026-07-08,DC004,SKU004,21,1,0,525,74,0,176,282,0
2026-07-09,DC004,SKU004,28,1,0,504,54,0,176,282,0
2026-07-10,DC004,SKU004,33,1,0,476,44,0,176,282,0
2026-07-11,DC004,SKU004,32,1,0,443,19,0,176,282,0
2026-07-12,DC004,SKU004,28,1,0,411,6,0,176,282,0
2026-07-13,DC004,SKU004,23,1,0,383,52,0,176,282,0
2026-07-14,DC004,SKU004,24,1,0,360,7,0,176,282,0
2026-07-15,DC004,SKU004,31,1,0,336,33,0,176,282,0
2026-07-16,DC004,SKU004,38,1,0,305,31,528,176,282,0
2026-07-17,DC004,SKU004,26,1,1,795,98,0,176,282,0
2026-07-18,DC004,SKU004,29,1,0,769,52,0,176,282,0
2026-07-19,DC004,SKU004,29,1,0,740,87,0,176,282,0
2026-07-20,DC004,SKU004,48,1,1,711,20,0,176,282,0
2026-07-21,DC004,SKU004,22,1,0,663,82,0,176,282,0
2026-07-22,DC004,SKU004,49,1,1,641,18,0,176,282,0
2026-07-23,DC004,SKU004,39,1,0,592,11,0,176,282,0
2026-07-24,DC004,SKU004,36,1,0,553,28,0,176,282,0
2026-07-25,DC004,SKU004,19,1,0,517,65,0,176,282,0
2026-07-26,DC004,SKU004,30,0,0,498,29,0,176,282,0
2026-07-27,DC004,SKU004,35,0,0,468,21,0,176,282,0
2026-07-28,DC004,SKU004,22,0,0,433,14,0,176,282,0
2026-07-29,DC004,SKU004,29,0,1,411,31,0,176,282,0
2026-07-30,DC004,SKU004,25,0,0,382,43,0,176,282,0
2026-07-31,DC004,SKU004,34,0,0,357,52,0,176,282,0
2026-08-01,DC004,SKU004,41,0,0,323,42,0,176,282,0
2026-08-02,DC004,SKU004,30,0,0,282,9,0,176,282,0
2026-08-03,DC004,SKU004,27,0,0,252,21,0,176,282,0
2026-08-04,DC004,SKU004,37,0,0,225,10,0,176,282,0
2026-08-05,DC004,SKU004,31,0,0,188,7,0,176,282,0
2026-08-06,DC004,SKU004,42,0,0,157,8,0,176,282,1
2026-08-07,DC004,SKU004,37,0,0,115,2,0,176,282,1
2026-08-08,DC004,SKU004,35,0,1,78,0,496,176,282,0
2026-08-09,DC004,SKU004,35,0,1,539,35,0,176,282,0
2026-08-10,DC004,SKU004,25,0,0,504,69,0,176,282,0
2026-08-11,DC004,SKU004,36,0,0,479,5,0,176,282,0
2026-08-12,DC004,SKU004,29,0,0,443,44,0,176,282,0
2026-08-13,DC004,SKU004,37,0,0,414,12,0,176,282,0
2026-04-16,DC004,SKU005,42,0,0,595,0,0,176,282,0
2026-04-17,DC004,SKU005,34,0,0,553,4,0,176,282,0
2026-04-18,DC004,SKU005,47,0,0,519,4,0,176,282,0
2026-04-19,DC004,SKU005,44,0,0,472,41,0,176,282,0
2026-04-20,DC004,SKU005,46,0,1,428,33,0,176,282,0
2026-04-21,DC004,SKU005,27,0,0,382,30,0,176,282,0
2026-04-22,DC004,SKU005,32,0,0,355,42,0,176,282,0
2026-04-23,DC004,SKU005,25,0,0,323,30,0,176,282,0
2026-04-24,DC004,SKU005,35,0,0,298,35,0,176,282,0
2026-04-25,DC004,SKU005,21,0,0,263,13,0,176,282,0
2026-04-26,DC004,SKU005,34,0,0,242,23,0,176,282,0
2026-04-27,DC004,SKU005,32,0,0,208,30,0,176,282,0
2026-04-28,DC004,SKU005,51,0,0,176,18,0,176,282,1
2026-04-29,DC004,SKU005,46,0,0,125,18,0,176,282,1
2026-04-30,DC004,SKU005,36,0,0,79,8,537,176,282,0
2026-05-01,DC004,SKU005,39,0,0,580,60,0,176,282,0
2026-05-02,DC004,SKU005,36,0,0,541,11,0,176,282,0
2026-05-03,DC004,SKU005,32,0,0,505,24,0,176,282,0
2026-05-04,DC004,SKU005,38,0,0,473,41,0,176,282,0
2026-05-05,DC004,SKU005,32,0,0,435,37,0,176,282,0
2026-05-06,DC004,SKU005,28,0,0,403,18,0,176,282,0
2026-05-07,DC004,SKU005,49,0,0,375,47,0,176,282,0
2026-05-08,DC004,SKU005,31,0,1,326,7,0,176,282,0
2026-05-09,DC004,SKU005,25,0,0,295,0,0,176,282,0
2026-05-10,DC004,SKU005,33,0,0,270,14,0,176,282,0
2026-05-11,DC004,SKU005,38,0,0,237,28,655,176,282,0
2026-05-12,DC004,SKU005,31,0,0,854,2,0,176,282,0
2026-05-13,DC004,SKU005,37,0,0,823,106,0,176,282,0
2026-05-14,DC004,SKU005,34,0,0,786,82,0,176,282,0
2026-05-15,DC004,SKU005,34,0,0,752,19,0,176,282,0
2026-05-16,DC004,SKU005,58,0,1,718,76,0,176,282,0
2026-05-17,DC004,SKU005,19,0,0,660,60,0,176,282,0
2026-05-18,DC004,SKU005,44,0,0,641,81,0,176,282,0
2026-05-19,DC004,SKU005,27,0,0,597,22,0,176,282,0
2026-05-20,DC004,SKU005,25,0,0,570,9,0,176,282,0
2026-05-21,DC004,SKU005,33,0,0,545,35,0,176,282,0
2026-05-22,DC004,SKU005,42,0,0,512,55,0,176,282,0
2026-05-23,DC004,SKU005,40,0,0,470,48,0,176,282,0
2026-05-24,DC004,SKU005,33,0,1,430,53,0,176,282,0
2026-05-25,DC004,SKU005,20,0,0,397,0,0,176,282,0
2026-05-26,DC004,SKU005,40,0,0,377,53,0,176,282,0
2026-05-27,DC004,SKU005,34,0,0,337,9,0,176,282,0
2026-05-28,DC004,SKU005,35,0,0,303,11,0,176,282,0
2026-05-29,DC004,SKU005,25,0,0,268,14,0,176,282,0
2026-05-30,DC004,SKU005,40,0,0,243,31,0,176,282,0
2026-05-31,DC004,SKU005,33,0,0,203,2,0,176,282,0
2026-06-01,DC004,SKU005,33,0,0,170,4,0,176,282,1
2026-06-02,DC004,SKU005,63,0,0,137,13,542,176,282,0
2026-06-03,DC004,SKU005,29,0,0,616,25,0,176,282,0
2026-06-04,DC004,SKU005,29,0,0,587,53,0,176,282,0
2026-06-05,DC004,SKU005,39,0,0,558,62,0,176,282,0
2026-06-06,DC004,SKU005,32,0,0,519,7,0,176,282,0
2026-06-07,DC004,SKU005,34,0,0,487,24,0,176,282,0
2026-06-08,DC004,SKU005,36,0,0,453,54,0,176,282,0
2026-06-09,DC004,SKU005,27,0,0,417,27,0,176,282,0
2026-06-10,DC004,SKU005,19,0,0,390,29,0,176,282,0
2026-06-11,DC004,SKU005,39,0,0,371,5,0,176,282,0
2026-06-12,DC004,SKU005,39,0,0,332,5,0,176,282,0
2026-06-13,DC004,SKU005,44,0,0,293,43,0,176,282,0
2026-06-14,DC004,SKU005,36,0,0,249,28,408,176,282,0
2026-06-15,DC004,SKU005,36,1,0,621,29,0,176,282,0
2026-06-16,DC004,SKU005,42,1,0,585,84,0,176,282,0
2026-06-17,DC004,SKU005,52,1,0,543,73,0,176,282,0
2026-06-18,DC004,SKU005,47,1,0,491,66,0,176,282,0
2026-06-19,DC004,SKU005,38,1,0,444,44,0,176,282,0
2026-06-20,DC004,SKU005,38,1,0,406,40,0,176,282,0
2026-06-21,DC004,SKU005,30,1,0,368,34,0,176,282,0
2026-06-22,DC004,SKU005,48,1,0,338,29,0,176,282,0
2026-06-23,DC004,SKU005,59,1,0,290,43,0,176,282,0
2026-06-24,DC004,SKU005,52,1,0,231,6,0,176,282,0
2026-06-25,DC004,SKU005,38,1,0,179,4,0,176,282,1
2026-06-26,DC004,SKU005,37,1,0,141,1,0,176,282,1
2026-06-27,DC004,SKU005,32,1,0,104,4,0,176,282,1
2026-06-28,DC004,SKU005,31,1,0,72,5,0,176,282,1
2026-06-29,DC004,SKU005,50,1,0,41,5,377,176,282,0
2026-06-30,DC004,SKU005,25,1,0,368,35,0,176,282,0
2026-07-01,DC004,SKU005,56,1,0,343,47,0,176,282,0
2026-07-02,DC004,SKU005,62,1,0,287,32,547,176,282,0
2026-07-03,DC004,SKU005,59,1,0,772,0,0,176,282,0
2026-07-04,DC004,SKU005,42,1,0,713,23,0,176,282,0
2026-07-05,DC004,SKU005,50,1,0,671,15,0,176,282,0
2026-07-06,DC004,SKU005,50,1,0,621,1,0,176,282,0
2026-07-07,DC004,SKU005,49,1,0,571,62,0,176,282,0
2026-07-08,DC004,SKU005,67,1,0,522,41,0,176,282,0
2026-07-09,DC004,SKU005,49,1,0,455,23,0,176,282,0
2026-07-10,DC004,SKU005,48,1,0,406,19,0,176,282,0
2026-07-11,DC004,SKU005,63,1,0,358,10,0,176,282,0
2026-07-12,DC004,SKU005,49,1,0,295,26,622,176,282,0
2026-07-13,DC004,SKU005,50,1,0,868,53,0,176,282,0
2026-07-14,DC004,SKU005,30,1,0,818,107,0,176,282,0
2026-07-15,DC004,SKU005,30,1,0,788,31,0,176,282,0
2026-07-16,DC004,SKU005,33,1,0,758,91,0,176,282,0
2026-07-17,DC004,SKU005,45,1,0,725,7,0,176,282,0
2026-07-18,DC004,SKU005,30,1,0,680,52,0,176,282,0
2026-07-19,DC004,SKU005,53,1,0,650,8,0,176,282,0
2026-07-20,DC004,SKU005,43,1,0,597,33,0,176,282,0
2026-07-21,DC004,SKU005,40,1,0,554,69,0,176,282,0
2026-07-22,DC004,SKU005,50,1,0,514,2,0,176,282,0
2026-07-23,DC004,SKU005,63,1,0,464,51,0,176,282,0
2026-07-24,DC004,SKU005,60,1,0,401,39,0,176,282,0
2026-07-25,DC004,SKU005,28,1,0,341,46,0,176,282,0
2026-07-26,DC004,SKU005,47,0,1,313,17,0,176,282,0
2026-07-27,DC004,SKU005,31,0,0,266,2,0,176,282,0
2026-07-28,DC004,SKU005,34,0,0,235,19,0,176,282,0
2026-07-29,DC004,SKU005,31,0,0,201,5,601,176,282,0
2026-07-30,DC004,SKU005,20,0,0,771,108,0,176,282,0
2026-07-31,DC004,SKU005,37,0,0,751,87,0,176,282,0
2026-08-01,DC004,SKU005,28,0,0,714,101,0,176,282,0
2026-08-02,DC004,SKU005,25,0,0,686,95,0,176,282,0
2026-08-03,DC004,SKU005,42,0,0,661,89,0,176,282,0
2026-08-04,DC004,SKU005,36,0,0,619,0,0,176,282,0
2026-08-05,DC004,SKU005,33,0,0,583,22,0,176,282,0
2026-08-06,DC004,SKU005,44,0,0,550,30,0,176,282,0
2026-08-07,DC004,SKU005,55,0,1,506,63,0,176,282,0
2026-08-08,DC004,SKU005,46,0,0,451,32,0,176,282,0
2026-08-09,DC004,SKU005,20,0,0,405,8,0,176,282,0
2026-08-10,DC004,SKU005,36,0,0,385,4,0,176,282,0
2026-08-11,DC004,SKU005,26,0,0,349,44,0,176,282,0
2026-08-12,DC004,SKU005,37,0,1,323,7,0,176,282,0
2026-08-13,DC004,SKU005,46,0,0,286,39,653,176,282,0
2026-04-16,DC004,SKU006,64,0,0,1105,135,0,320,512,0
2026-04-17,DC004,SKU006,54,0,0,1041,76,0,320,512,0
2026-04-18,DC004,SKU006,74,0,0,987,121,0,320,512,0
2026-04-19,DC004,SKU006,80,0,0,913,92,0,320,512,0
2026-04-20,DC004,SKU006,82,0,0,833,32,0,320,512,0
2026-04-21,DC004,SKU006,27,0,0,751,31,0,320,512,0
2026-04-22,DC004,SKU006,81,0,0,724,41,0,320,512,0
2026-04-23,DC004,SKU006,56,0,0,643,16,0,320,512,0
2026-04-24,DC004,SKU006,93,0,0,587,18,0,320,512,0
2026-04-25,DC004,SKU006,95,0,0,494,63,662,320,512,0
2026-04-26,DC004,SKU006,52,0,0,1061,68,0,320,512,0
2026-04-27,DC004,SKU006,110,0,0,1009,13,0,320,512,0
2026-04-28,DC004,SKU006,42,0,0,899,75,0,320,512,0
2026-04-29,DC004,SKU006,73,0,0,857,2,0,320,512,0
2026-04-30,DC004,SKU006,84,0,0,784,21,0,320,512,0
2026-05-01,DC004,SKU006,100,0,0,700,5,0,320,512,0
2026-05-02,DC004,SKU006,103,0,0,600,80,0,320,512,0
2026-05-03,DC004,SKU006,78,0,0,497,73,0,320,512,0
2026-05-04,DC004,SKU006,58,0,0,419,3,0,320,512,0
2026-05-05,DC004,SKU006,68,0,0,361,44,0,320,512,1
2026-05-06,DC004,SKU006,75,0,0,293,3,0,320,512,1
2026-05-07,DC004,SKU006,69,0,0,218,10,0,320,512,1
2026-05-08,DC004,SKU006,77,0,1,149,2,1200,320,512,0
2026-05-09,DC004,SKU006,58,0,0,1272,120,0,320,512,0
2026-05-10,DC004,SKU006,68,0,0,1214,95,0,320,512,0
2026-05-11,DC004,SKU006,67,0,0,1146,145,0,320,512,0
2026-05-12,DC004,SKU006,55,0,0,1079,43,0,320,512,0
2026-05-13,DC004,SKU006,85,0,1,1024,1,0,320,512,0
2026-05-14,DC004,SKU006,58,0,0,939,136,0,320,512,0
2026-05-15,DC004,SKU006,74,0,0,881,31,0,320,512,0
2026-05-16,DC004,SKU006,65,0,0,807,9,0,320,512,0
2026-05-17,DC004,SKU006,66,0,0,742,72,0,320,512,0
2026-05-18,DC004,SKU006,59,0,0,676,49,0,320,512,0
2026-05-19,DC004,SKU006,82,0,1,617,89,0,320,512,0
2026-05-20,DC004,SKU006,56,0,0,535,12,0,320,512,0
2026-05-21,DC004,SKU006,46,0,0,479,4,0,320,512,0
2026-05-22,DC004,SKU006,44,0,0,433,23,0,320,512,0
2026-05-23,DC004,SKU006,77,0,0,389,39,0,320,512,0
2026-05-24,DC004,SKU006,94,0,0,312,2,0,320,512,1
2026-05-25,DC004,SKU006,61,0,0,218,21,767,320,512,0
2026-05-26,DC004,SKU006,39,0,0,924,128,0,320,512,0
2026-05-27,DC004,SKU006,84,0,0,885,37,0,320,512,0
2026-05-28,DC004,SKU006,83,0,0,801,41,0,320,512,0
2026-05-29,DC004,SKU006,65,0,0,718,5,0,320,512,0
2026-05-30,DC004,SKU006,60,0,0,653,75,0,320,512,0
2026-05-31,DC004,SKU006,78,0,0,593,80,0,320,512,0
2026-06-01,DC004,SKU006,86,0,0,515,60,0,320,512,0
2026-06-02,DC004,SKU006,62,0,0,429,3,0,320,512,0
2026-06-03,DC004,SKU006,63,0,0,367,24,0,320,512,0
2026-06-04,DC004,SKU006,29,0,0,304,15,1149,320,512,0
2026-06-05,DC004,SKU006,108,0,0,1424,194,0,320,512,0
2026-06-06,DC004,SKU006,66,0,0,1316,8,0,320,512,0
2026-06-07,DC004,SKU006,64,0,0,1250,181,0,320,512,0
2026-06-08,DC004,SKU006,70,0,0,1186,81,0,320,512,0
2026-06-09,DC004,SKU006,41,0,0,1116,17,0,320,512,0
2026-06-10,DC004,SKU006,94,0,1,1075,47,0,320,512,0
2026-06-11,DC004,SKU006,30,0,0,981,144,0,320,512,0
2026-06-12,DC004,SKU006,73,0,0,951,62,0,320,512,0
2026-06-13,DC004,SKU006,95,0,0,878,25,0,320,512,0
2026-06-14,DC004,SKU006,72,0,0,783,1,0,320,512,0
2026-06-15,DC004,SKU006,100,1,0,711,41,0,320,512,0
2026-06-16,DC004,SKU006,85,1,0,611,32,0,320,512,0
2026-06-17,DC004,SKU006,76,1,0,526,39,0,320,512,0
2026-06-18,DC004,SKU006,126,1,0,450,47,0,320,512,0
2026-06-19,DC004,SKU006,112,1,1,324,25,664,320,512,0
2026-06-20,DC004,SKU006,89,1,0,876,120,0,320,512,0
2026-06-21,DC004,SKU006,144,1,0,787,63,0,320,512,0
2026-06-22,DC004,SKU006,124,1,0,643,40,0,320,512,0
2026-06-23,DC004,SKU006,79,1,0,519,65,0,320,512,0
2026-06-24,DC004,SKU006,73,1,0,440,2,0,320,512,0
2026-06-25,DC004,SKU006,135,1,0,367,23,0,320,512,0
2026-06-26,DC004,SKU006,48,1,0,232,5,651,320,512,0
2026-06-27,DC004,SKU006,78,1,0,835,1,0,320,512,0
2026-06-28,DC004,SKU006,75,1,0,757,37,0,320,512,0
2026-06-29,DC004,SKU006,140,1,1,682,9,0,320,512,0
2026-06-30,DC004,SKU006,141,1,0,542,81,0,320,512,0
2026-07-01,DC004,SKU006,84,1,1,401,3,0,320,512,0
2026-07-02,DC004,SKU006,119,1,0,317,24,0,320,512,1
2026-07-03,DC004,SKU006,67,1,0,198,9,0,320,512,1
2026-07-04,DC004,SKU006,58,1,0,131,15,0,320,512,1
2026-07-05,DC004,SKU006,43,1,0,73,5,0,320,512,1
2026-07-06,DC004,SKU006,50,1,0,30,2,0,320,512,1
2026-07-07,DC004,SKU006,82,1,0,0,0,0,320,512,1
2026-07-08,DC004,SKU006,135,1,1,0,0,0,320,512,1
2026-07-09,DC004,SKU006,104,1,1,0,0,0,320,512,1
2026-07-10,DC004,SKU006,79,1,0,0,0,0,320,512,1
2026-07-11,DC004,SKU006,92,1,0,0,0,1073,320,512,0
2026-07-12,DC004,SKU006,136,1,0,981,75,0,320,512,0
2026-07-13,DC004,SKU006,96,1,0,845,64,0,320,512,0
2026-07-14,DC004,SKU006,89,1,0,749,52,0,320,512,0
2026-07-15,DC004,SKU006,132,1,0,660,46,0,320,512,0
2026-07-16,DC004,SKU006,110,1,0,528,37,1093,320,512,0
2026-07-17,DC004,SKU006,155,1,0,1511,209,0,320,512,0
2026-07-18,DC004,SKU006,120,1,0,1356,29,0,320,512,0
2026-07-19,DC004,SKU006,123,1,0,1236,160,0,320,512,0
2026-07-20,DC004,SKU006,115,1,0,1113,158,0,320,512,0
2026-07-21,DC004,SKU006,139,1,1,998,10,0,320,512,0
2026-07-22,DC004,SKU006,127,1,1,859,13,0,320,512,0
2026-07-23,DC004,SKU006,49,1,0,732,94,0,320,512,0
2026-07-24,DC004,SKU006,95,1,0,683,71,0,320,512,0
2026-07-25,DC004,SKU006,59,1,0,588,30,0,320,512,0
2026-07-26,DC004,SKU006,49,0,0,529,46,0,320,512,0
2026-07-27,DC004,SKU006,67,0,0,480,31,0,320,512,0
2026-07-28,DC004,SKU006,59,0,0,413,46,0,320,512,0
2026-07-29,DC004,SKU006,61,0,0,354,3,0,320,512,0
2026-07-30,DC004,SKU006,91,0,0,293,2,0,320,512,1
2026-07-31,DC004,SKU006,84,0,0,202,26,1097,320,512,0
2026-08-01,DC004,SKU006,45,0,0,1215,38,0,320,512,0
2026-08-02,DC004,SKU006,69,0,0,1170,148,0,320,512,0
2026-08-03,DC004,SKU006,58,0,0,1101,134,0,320,512,0
2026-08-04,DC004,SKU006,90,0,0,1043,0,0,320,512,0
2026-08-05,DC004,SKU006,44,0,0,953,78,0,320,512,0
2026-08-06,DC004,SKU006,78,0,0,909,116,0,320,512,0
2026-08-07,DC004,SKU006,102,0,0,831,113,0,320,512,0
2026-08-08,DC004,SKU006,87,0,0,729,107,0,320,512,0
2026-08-09,DC004,SKU006,102,0,1,642,41,0,320,512,0
2026-08-10,DC004,SKU006,87,0,0,540,78,0,320,512,0
2026-08-11,DC004,SKU006,74,0,0,453,62,0,320,512,0
2026-08-12,DC004,SKU006,72,0,0,379,56,0,320,512,0
2026-08-13,DC004,SKU006,66,0,0,307,9,1269,320,512,0
2026-04-16,DC004,SKU007,52,0,0,986,87,0,320,512,0
2026-04-17,DC004,SKU007,38,0,0,934,40,0,320,512,0
2026-04-18,DC004,SKU007,55,0,0,896,58,0,320,512,0
2026-04-19,DC004,SKU007,69,0,0,841,83,0,320,512,0
2026-04-20,DC004,SKU007,31,0,0,772,27,0,320,512,0
2026-04-21,DC004,SKU007,42,0,0,741,76,0,320,512,0
2026-04-22,DC004,SKU007,49,0,0,699,80,0,320,512,0
2026-04-23,DC004,SKU007,92,0,1,650,46,0,320,512,0
2026-04-24,DC004,SKU007,51,0,0,558,53,0,320,512,0
2026-04-25,DC004,SKU007,92,0,0,507,60,0,320,512,0
2026-04-26,DC004,SKU007,50,0,0,415,23,0,320,512,0
2026-04-27,DC004,SKU007,59,0,0,365,23,0,320,512,0
2026-04-28,DC004,SKU007,50,0,0,306,22,0,320,512,1
2026-04-29,DC004,SKU007,81,0,0,256,3,0,320,512,1
2026-04-30,DC004,SKU007,59,0,0,175,17,0,320,512,1
2026-05-01,DC004,SKU007,48,0,0,116,12,0,320,512,1
2026-05-02,DC004,SKU007,77,0,0,68,7,0,320,512,1
2026-05-03,DC004,SKU007,30,0,0,0,0,0,320,512,1
2026-05-04,DC004,SKU007,55,0,0,0,0,1096,320,512,0
2026-05-05,DC004,SKU007,65,0,1,1041,125,0,320,512,0
2026-05-06,DC004,SKU007,70,0,0,976,85,0,320,512,0
2026-05-07,DC004,SKU007,57,0,0,906,38,0,320,512,0
2026-05-08,DC004,SKU007,86,0,0,849,58,0,320,512,0
2026-05-09,DC004,SKU007,34,0,0,763,25,0,320,512,0
2026-05-10,DC004,SKU007,43,0,0,729,86,0,320,512,0
2026-05-11,DC004,SKU007,72,0,0,686,94,0,320,512,0
2026-05-12,DC004,SKU007,69,0,0,614,18,0,320,512,0
2026-05-13,DC004,SKU007,61,0,1,545,71,0,320,512,0
2026-05-14,DC004,SKU007,75,0,0,484,24,0,320,512,0
2026-05-15,DC004,SKU007,55,0,0,409,32,0,320,512,0
2026-05-16,DC004,SKU007,44,0,0,354,48,0,320,512,1
2026-05-17,DC004,SKU007,89,0,0,310,19,0,320,512,1
2026-05-18,DC004,SKU007,67,0,0,221,19,0,320,512,1
2026-05-19,DC004,SKU007,51,0,0,154,16,0,320,512,1
2026-05-20,DC004,SKU007,64,0,1,103,11,797,320,512,0
2026-05-21,DC004,SKU007,73,0,1,836,65,0,320,512,0
2026-05-22,DC004,SKU007,51,0,0,763,106,0,320,512,0
2026-05-23,DC004,SKU007,41,0,0,712,85,0,320,512,0
2026-05-24,DC004,SKU007,60,0,0,671,81,0,320,512,0
2026-05-25,DC004,SKU007,57,0,0,611,1,0,320,512,0
2026-05-26,DC004,SKU007,68,0,0,554,6,0,320,512,0
2026-05-27,DC004,SKU007,69,0,0,486,70,0,320,512,0
2026-05-28,DC004,SKU007,30,0,0,417,21,0,320,512,0
2026-05-29,DC004,SKU007,39,0,0,387,10,0,320,512,0
2026-05-30,DC004,SKU007,29,0,0,348,8,0,320,512,0
2026-05-31,DC004,SKU007,59,0,0,319,16,0,320,512,1
2026-06-01,DC004,SKU007,54,0,0,260,24,0,320,512,1
2026-06-02,DC004,SKU007,80,0,0,206,5,0,320,512,1
2026-06-03,DC004,SKU007,66,0,0,126,9,0,320,512,1
2026-06-04,DC004,SKU007,82,0,0,60,1,0,320,512,1
2026-06-05,DC004,SKU007,50,0,0,0,0,890,320,512,0
2026-06-06,DC004,SKU007,36,0,0,840,61,0,320,512,0
2026-06-07,DC004,SKU007,37,0,0,804,5,0,320,512,0
2026-06-08,DC004,SKU007,76,0,0,767,19,0,320,512,0
2026-06-09,DC004,SKU007,26,0,0,691,76,0,320,512,0
2026-06-10,DC004,SKU007,53,0,0,665,36,0,320,512,0
2026-06-11,DC004,SKU007,69,0,0,612,63,0,320,512,0
2026-06-12,DC004,SKU007,56,0,0,543,15,0,320,512,0
2026-06-13,DC004,SKU007,44,0,0,487,48,804,320,512,0
2026-06-14,DC004,SKU007,46,0,0,1247,54,0,320,512,0
2026-06-15,DC004,SKU007,78,1,1,1201,11,0,320,512,0
2026-06-16,DC004,SKU007,72,1,0,1123,46,0,320,512,0
2026-06-17,DC004,SKU007,25,1,0,1051,49,0,320,512,0
2026-06-18,DC004,SKU007,97,1,0,1026,114,0,320,512,0
2026-06-19,DC004,SKU007,71,1,0,929,131,0,320,512,0
2026-06-20,DC004,SKU007,72,1,0,858,95,0,320,512,0
2026-06-21,DC004,SKU007,43,1,1,786,90,0,320,512,0
2026-06-22,DC004,SKU007,77,1,0,743,40,0,320,512,0
2026-06-23,DC004,SKU007,54,1,0,666,36,0,320,512,0
2026-06-24,DC004,SKU007,43,1,0,612,82,0,320,512,0
2026-06-25,DC004,SKU007,70,1,0,569,77,0,320,512,0
2026-06-26,DC004,SKU007,62,1,0,499,61,0,320,512,0
2026-06-27,DC004,SKU007,72,1,0,437,5,0,320,512,0
2026-06-28,DC004,SKU007,68,1,0,365,47,1124,320,512,0
2026-06-29,DC004,SKU007,97,1,1,1421,22,0,320,512,0
2026-06-30,DC004,SKU007,86,1,1,1324,155,0,320,512,0
2026-07-01,DC004,SKU007,61,1,0,1238,157,0,320,512,0
2026-07-02,DC004,SKU007,52,1,0,1177,28,0,320,512,0
2026-07-03,DC004,SKU007,77,1,1,1125,109,0,320,512,0
2026-07-04,DC004,SKU007,85,1,0,1048,68,0,320,512,0
2026-07-05,DC004,SKU007,59,1,0,963,88,0,320,512,0
2026-07-06,DC004,SKU007,68,1,0,904,126,0,320,512,0
2026-07-07,DC004,SKU007,45,1,0,836,70,0,320,512,0
2026-07-08,DC004,SKU007,83,1,0,791,105,0,320,512,0
2026-07-09,DC004,SKU007,63,1,0,708,87,0,320,512,0
2026-07-10,DC004,SKU007,63,1,0,645,82,0,320,512,0
2026-07-11,DC004,SKU007,41,1,0,582,10,0,320,512,0
2026-07-12,DC004,SKU007,57,1,0,541,60,0,320,512,0
2026-07-13,DC004,SKU007,50,1,0,484,57,0,320,512,0
2026-07-14,DC004,SKU007,69,1,0,434,24,0,320,512,0
2026-07-15,DC004,SKU007,44,1,0,365,34,878,320,512,0
2026-07-16,DC004,SKU007,87,1,0,1199,42,0,320,512,0
2026-07-17,DC004,SKU007,87,1,0,1112,34,0,320,512,0
2026-07-18,DC004,SKU007,45,1,0,1025,150,0,320,512,0
2026-07-19,DC004,SKU007,73,1,0,980,83,0,320,512,0
2026-07-20,DC004,SKU007,86,1,0,907,68,0,320,512,0
2026-07-21,DC004,SKU007,63,1,1,821,94,0,320,512,0
2026-07-22,DC004,SKU007,39,1,0,758,108,0,320,512,0
2026-07-23,DC004,SKU007,53,1,0,719,42,0,320,512,0
2026-07-24,DC004,SKU007,71,1,0,666,65,0,320,512,0
2026-07-25,DC004,SKU007,32,1,0,595,68,0,320,512,0
2026-07-26,DC004,SKU007,50,0,0,563,77,0,320,512,0
2026-07-27,DC004,SKU007,50,0,0,513,33,1152,320,512,0
2026-07-28,DC004,SKU007,62,0,0,1615,141,0,320,512,0
2026-07-29,DC004,SKU007,59,0,0,1553,157,0,320,512,0
2026-07-30,DC004,SKU007,61,0,0,1494,135,0,320,512,0
2026-07-31,DC004,SKU007,59,0,0,1433,8,0,320,512,0
2026-08-01,DC004,SKU007,73,0,0,1374,100,0,320,512,0
2026-08-02,DC004,SKU007,62,0,0,1301,11,0,320,512,0
2026-08-03,DC004,SKU007,62,0,0,1239,162,0,320,512,0
2026-08-04,DC004,SKU007,23,0,0,1177,30,0,320,512,0
2026-08-05,DC004,SKU007,34,0,0,1154,36,0,320,512,0
2026-08-06,DC004,SKU007,39,0,0,1120,157,0,320,512,0
2026-08-07,DC004,SKU007,83,0,1,1081,0,0,320,512,0
2026-08-08,DC004,SKU007,39,0,0,998,74,0,320,512,0
2026-08-09,DC004,SKU007,57,0,0,959,128,0,320,512,0
2026-08-10,DC004,SKU007,70,0,1,902,20,0,320,512,0
2026-08-11,DC004,SKU007,73,0,1,832,67,0,320,512,0
2026-08-12,DC004,SKU007,42,0,0,759,74,0,320,512,0
2026-08-13,DC004,SKU007,45,0,0,717,8,0,320,512,0
2026-04-16,DC004,SKU008,14,0,0,238,33,0,80,128,0
2026-04-17,DC004,SKU008,16,0,0,224,33,0,80,128,0
2026-04-18,DC004,SKU008,15,0,0,208,0,0,80,128,0
2026-04-19,DC004,SKU008,21,0,0,193,18,0,80,128,0
2026-04-20,DC004,SKU008,18,0,0,172,12,0,80,128,0
2026-04-21,DC004,SKU008,18,0,0,154,12,0,80,128,0
2026-04-22,DC004,SKU008,15,0,0,136,12,0,80,128,0
2026-04-23,DC004,SKU008,12,0,0,121,13,0,80,128,0
2026-04-24,DC004,SKU008,15,0,0,109,15,0,80,128,0
2026-04-25,DC004,SKU008,11,0,0,94,5,0,80,128,0
2026-04-26,DC004,SKU008,15,0,0,83,3,0,80,128,0
2026-04-27,DC004,SKU008,17,0,0,68,9,0,80,128,1
2026-04-28,DC004,SKU008,12,0,0,51,7,247,80,128,0
2026-04-29,DC004,SKU008,16,0,0,286,14,0,80,128,0
2026-04-30,DC004,SKU008,18,0,0,270,35,0,80,128,0
2026-05-01,DC004,SKU008,15,0,0,252,30,0,80,128,0
2026-05-02,DC004,SKU008,12,0,0,237,24,0,80,128,0
2026-05-03,DC004,SKU008,9,0,0,225,22,0,80,128,0
2026-05-04,DC004,SKU008,17,0,0,216,30,0,80,128,0
2026-05-05,DC004,SKU008,17,0,0,199,23,0,80,128,0
2026-05-06,DC004,SKU008,10,0,0,182,23,0,80,128,0
2026-05-07,DC004,SKU008,16,0,0,172,10,0,80,128,0
2026-05-08,DC004,SKU008,13,0,0,156,9,0,80,128,0
2026-05-09,DC004,SKU008,14,0,0,143,5,0,80,128,0
2026-05-10,DC004,SKU008,17,0,0,129,12,0,80,128,0
2026-05-11,DC004,SKU008,9,0,0,112,5,0,80,128,0
2026-05-12,DC004,SKU008,16,0,0,103,5,0,80,128,0
2026-05-13,DC004,SKU008,13,0,0,87,10,0,80,128,1
2026-05-14,DC004,SKU008,12,0,0,74,8,232,80,128,0
2026-05-15,DC004,SKU008,9,0,0,294,28,0,80,128,0
2026-05-16,DC004,SKU008,14,0,0,285,40,0,80,128,0
2026-05-17,DC004,SKU008,10,0,0,271,24,0,80,128,0
2026-05-18,DC004,SKU008,17,0,0,261,35,0,80,128,0
2026-05-19,DC004,SKU008,13,0,1,244,31,0,80,128,0
2026-05-20,DC004,SKU008,17,0,0,231,28,0,80,128,0
2026-05-21,DC004,SKU008,13,0,0,214,30,0,80,128,0
2026-05-22,DC004,SKU008,10,0,0,201,10,0,80,128,0
2026-05-23,DC004,SKU008,18,0,0,191,21,0,80,128,0
2026-05-24,DC004,SKU008,15,0,0,173,0,0,80,128,0
2026-05-25,DC004,SKU008,16,0,0,158,10,0,80,128,0
2026-05-26,DC004,SKU008,14,0,0,142,18,0,80,128,0
2026-05-27,DC004,SKU008,17,0,0,128,14,143,80,128,0
2026-05-28,DC004,SKU008,9,0,0,254,37,0,80,128,0
2026-05-29,DC004,SKU008,12,0,0,245,24,0,80,128,0
2026-05-30,DC004,SKU008,10,0,0,233,24,0,80,128,0
2026-05-31,DC004,SKU008,10,0,0,223,17,0,80,128,0
2026-06-01,DC004,SKU008,13,0,0,213,24,0,80,128,0
2026-06-02,DC004,SKU008,14,0,0,200,20,0,80,128,0
2026-06-03,DC004,SKU008,10,0,0,186,27,0,80,128,0
2026-06-04,DC004,SKU008,12,0,0,176,26,0,80,128,0
2026-06-05,DC004,SKU008,14,0,0,164,0,0,80,128,0
2026-06-06,DC004,SKU008,9,0,0,150,18,0,80,128,0
2026-06-07,DC004,SKU008,17,0,0,141,21,0,80,128,0
2026-06-08,DC004,SKU008,19,0,0,124,10,0,80,128,0
2026-06-09,DC004,SKU008,14,0,0,105,11,0,80,128,0
2026-06-10,DC004,SKU008,11,0,1,91,6,262,80,128,0
2026-06-11,DC004,SKU008,10,0,0,342,18,0,80,128,0
2026-06-12,DC004,SKU008,16,0,0,332,11,0,80,128,0
2026-06-13,DC004,SKU008,14,0,0,316,30,0,80,128,0
2026-06-14,DC004,SKU008,11,0,0,302,31,0,80,128,0
2026-06-15,DC004,SKU008,17,1,1,291,43,0,80,128,0
2026-06-16,DC004,SKU008,14,1,0,274,14,0,80,128,0
2026-06-17,DC004,SKU008,12,1,0,260,12,0,80,128,0
2026-06-18,DC004,SKU008,15,1,0,248,16,0,80,128,0
2026-06-19,DC004,SKU008,11,1,0,233,2,0,80,128,0
2026-06-20,DC004,SKU008,19,1,0,222,17,0,80,128,0
2026-06-21,DC004,SKU008,13,1,0,203,6,0,80,128,0
2026-06-22,DC004,SKU008,14,1,0,190,3,0,80,128,0
2026-06-23,DC004,SKU008,14,1,0,176,19,0,80,128,0
2026-06-24,DC004,SKU008,14,1,0,162,20,0,80,128,0
2026-06-25,DC004,SKU008,15,1,0,148,3,0,80,128,0
2026-06-26,DC004,SKU008,14,1,0,133,19,0,80,128,0
2026-06-27,DC004,SKU008,8,1,0,119,8,0,80,128,0
2026-06-28,DC004,SKU008,17,1,0,111,11,0,80,128,0
2026-06-29,DC004,SKU008,14,1,0,94,3,0,80,128,0
2026-06-30,DC004,SKU008,13,1,0,80,5,162,80,128,0
2026-07-01,DC004,SKU008,15,1,0,229,25,0,80,128,0
2026-07-02,DC004,SKU008,14,1,0,214,2,0,80,128,0
2026-07-03,DC004,SKU008,16,1,0,200,2,0,80,128,0
2026-07-04,DC004,SKU008,13,1,0,184,20,0,80,128,0
2026-07-05,DC004,SKU008,12,1,0,171,14,0,80,128,0
2026-07-06,DC004,SKU008,17,1,0,159,4,0,80,128,0
2026-07-07,DC004,SKU008,14,1,0,142,19,0,80,128,0
2026-07-08,DC004,SKU008,11,1,1,128,1,175,80,128,0
2026-07-09,DC004,SKU008,17,1,0,292,25,0,80,128,0
2026-07-10,DC004,SKU008,9,1,0,275,13,0,80,128,0
2026-07-11,DC004,SKU008,12,1,0,266,3,0,80,128,0
2026-07-12,DC004,SKU008,16,1,0,254,5,0,80,128,0
2026-07-13,DC004,SKU008,13,1,0,238,7,0,80,128,0
2026-07-14,DC004,SKU008,10,1,0,225,0,0,80,128,0
2026-07-15,DC004,SKU008,15,1,0,215,3,0,80,128,0
2026-07-16,DC004,SKU008,16,1,0,200,18,0,80,128,0
2026-07-17,DC004,SKU008,16,1,0,184,6,0,80,128,0
2026-07-18,DC004,SKU008,13,1,0,168,8,0,80,128,0
2026-07-19,DC004,SKU008,16,1,0,155,22,0,80,128,0
2026-07-20,DC004,SKU008,19,1,1,139,13,0,80,128,0
2026-07-21,DC004,SKU008,14,1,0,120,0,216,80,128,0
2026-07-22,DC004,SKU008,15,1,0,322,21,0,80,128,0
2026-07-23,DC004,SKU008,13,1,0,307,39,0,80,128,0
2026-07-24,DC004,SKU008,15,1,0,294,22,0,80,128,0
2026-07-25,DC004,SKU008,16,1,0,279,13,0,80,128,0
2026-07-26,DC004,SKU008,16,0,0,263,10,0,80,128,0
2026-07-27,DC004,SKU008,11,0,0,247,23,0,80,128,0
2026-07-28,DC004,SKU008,11,0,0,236,24,0,80,128,0
2026-07-29,DC004,SKU008,15,0,0,225,13,0,80,128,0
2026-07-30,DC004,SKU008,16,0,0,210,26,0,80,128,0
2026-07-31,DC004,SKU008,13,0,0,194,23,0,80,128,0
2026-08-01,DC004,SKU008,13,0,0,181,0,0,80,128,0
2026-08-02,DC004,SKU008,19,0,0,168,23,0,80,128,0
2026-08-03,DC004,SKU008,14,0,0,149,11,0,80,128,0
2026-08-04,DC004,SKU008,16,0,0,135,9,153,80,128,0
2026-08-05,DC004,SKU008,12,0,0,272,18,0,80,128,0
2026-08-06,DC004,SKU008,10,0,0,260,19,0,80,128,0
2026-08-07,DC004,SKU008,13,0,0,250,5,0,80,128,0
2026-08-08,DC004,SKU008,18,0,0,237,5,0,80,128,0
2026-08-09,DC004,SKU008,15,0,0,219,20,0,80,128,0
2026-08-10,DC004,SKU008,16,0,0,204,23,0,80,128,0
2026-08-11,DC004,SKU008,11,0,0,188,10,0,80,128,0
2026-08-12,DC004,SKU008,14,0,0,177,1,0,80,128,0
2026-08-13,DC004,SKU008,12,0,0,163,16,0,80,128,0
2026-04-16,DC004,SKU009,40,0,0,544,72,0,176,282,0
2026-04-17,DC004,SKU009,35,0,0,504,64,0,176,282,0
2026-04-18,DC004,SKU009,41,0,0,469,50,0,176,282,0
2026-04-19,DC004,SKU009,20,0,1,428,18,0,176,282,0
2026-04-20,DC004,SKU009,40,0,0,408,39,0,176,282,0
2026-04-21,DC004,SKU009,27,0,0,368,8,0,176,282,0
2026-04-22,DC004,SKU009,23,0,0,341,16,0,176,282,0
2026-04-23,DC004,SKU009,30,0,0,318,5,0,176,282,0
2026-04-24,DC004,SKU009,35,0,0,288,35,459,176,282,0
2026-04-25,DC004,SKU009,42,0,0,712,72,0,176,282,0
2026-04-26,DC004,SKU009,38,0,0,670,9,0,176,282,0
2026-04-27,DC004,SKU009,41,0,0,632,68,0,176,282,0
2026-04-28,DC004,SKU009,39,0,0,591,45,0,176,282,0
2026-04-29,DC004,SKU009,39,0,0,552,82,0,176,282,0
2026-04-30,DC004,SKU009,26,0,0,513,55,0,176,282,0
2026-05-01,DC004,SKU009,33,0,0,487,56,0,176,282,0
2026-05-02,DC004,SKU009,22,0,0,454,51,0,176,282,0
2026-05-03,DC004,SKU009,38,0,0,432,44,0,176,282,0
2026-05-04,DC004,SKU009,34,0,0,394,54,0,176,282,0
2026-05-05,DC004,SKU009,26,0,0,360,12,0,176,282,0
2026-05-06,DC004,SKU009,37,0,0,334,39,0,176,282,0
2026-05-07,DC004,SKU009,36,0,1,297,18,0,176,282,0
2026-05-08,DC004,SKU009,43,0,0,261,23,0,176,282,0
2026-05-09,DC004,SKU009,26,0,0,218,13,0,176,282,0
2026-05-10,DC004,SKU009,24,0,0,192,12,478,176,282,0
2026-05-11,DC004,SKU009,23,0,0,646,48,0,176,282,0
2026-05-12,DC004,SKU009,33,0,0,623,82,0,176,282,0
2026-05-13,DC004,SKU009,36,0,0,590,70,0,176,282,0
2026-05-14,DC004,SKU009,20,0,0,554,48,0,176,282,0
2026-05-15,DC004,SKU009,25,0,0,534,51,0,176,282,0
2026-05-16,DC004,SKU009,34,0,0,509,16,0,176,282,0
2026-05-17,DC004,SKU009,38,0,0,475,60,0,176,282,0
2026-05-18,DC004,SKU009,46,0,0,437,22,0,176,282,0
2026-05-19,DC004,SKU009,35,0,0,391,27,0,176,282,0
2026-05-20,DC004,SKU009,30,0,0,356,16,0,176,282,0
2026-05-21,DC004,SKU009,31,0,0,326,47,0,176,282,0
2026-05-22,DC004,SKU009,35,0,0,295,8,0,176,282,0
2026-05-23,DC004,SKU009,40,0,0,260,21,0,176,282,0
2026-05-24,DC004,SKU009,51,0,1,220,32,0,176,282,0
2026-05-25,DC004,SKU009,36,0,0,169,17,0,176,282,1
2026-05-26,DC004,SKU009,27,0,0,133,1,0,176,282,1
2026-05-27,DC004,SKU009,37,0,0,106,2,0,176,282,1
2026-05-28,DC004,SKU009,35,0,1,69,0,0,176,282,1
2026-05-29,DC004,SKU009,26,0,0,34,3,487,176,282,0
2026-05-30,DC004,SKU009,32,0,0,495,54,0,176,282,0
2026-05-31,DC004,SKU009,19,0,0,463,20,0,176,282,0
2026-06-01,DC004,SKU009,36,0,0,444,66,0,176,282,0
2026-06-02,DC004,SKU009,31,0,0,408,17,0,176,282,0
2026-06-03,DC004,SKU009,28,0,0,377,44,0,176,282,0
2026-06-04,DC004,SKU009,27,0,0,349,10,0,176,282,0
2026-06-05,DC004,SKU009,27,0,0,322,13,0,176,282,0
2026-06-06,DC004,SKU009,34,0,0,295,16,0,176,282,0
2026-06-07,DC004,SKU009,29,0,0,261,10,451,176,282,0
2026-06-08,DC004,SKU009,34,0,1,683,76,0,176,282,0
2026-06-09,DC004,SKU009,26,0,0,649,86,0,176,282,0
2026-06-10,DC004,SKU009,33,0,0,623,18,0,176,282,0
2026-06-11,DC004,SKU009,32,0,0,590,28,0,176,282,0
2026-06-12,DC004,SKU009,40,0,0,558,42,0,176,282,0
2026-06-13,DC004,SKU009,32,0,0,518,18,0,176,282,0
2026-06-14,DC004,SKU009,33,0,0,486,50,0,176,282,0
2026-06-15,DC004,SKU009,37,1,0,453,38,0,176,282,0
2026-06-16,DC004,SKU009,30,1,0,416,7,0,176,282,0
2026-06-17,DC004,SKU009,18,1,0,386,36,0,176,282,0
2026-06-18,DC004,SKU009,43,1,1,368,8,0,176,282,0
2026-06-19,DC004,SKU009,34,1,0,325,19,0,176,282,0
2026-06-20,DC004,SKU009,25,1,0,291,33,0,176,282,0
2026-06-21,DC004,SKU009,50,1,0,266,30,0,176,282,0
2026-06-22,DC004,SKU009,33,1,0,216,25,0,176,282,0
2026-06-23,DC004,SKU009,26,1,0,183,9,0,176,282,1
2026-06-24,DC004,SKU009,33,1,0,157,12,0,176,282,1
2026-06-25,DC004,SKU009,46,1,1,124,4,458,176,282,0
2026-06-26,DC004,SKU009,31,1,0,536,36,0,176,282,0
2026-06-27,DC004,SKU009,23,1,0,505,56,0,176,282,0
2026-06-28,DC004,SKU009,37,1,0,482,28,0,176,282,0
2026-06-29,DC004,SKU009,35,1,0,445,48,0,176,282,0
2026-06-30,DC004,SKU009,35,1,0,410,7,0,176,282,0
2026-07-01,DC004,SKU009,46,1,0,375,39,0,176,282,0
2026-07-02,DC004,SKU009,35,1,0,329,38,0,176,282,0
2026-07-03,DC004,SKU009,28,1,0,294,0,0,176,282,0
2026-07-04,DC004,SKU009,28,1,0,266,3,0,176,282,0
2026-07-05,DC004,SKU009,27,1,0,238,6,0,176,282,0
2026-07-06,DC004,SKU009,29,1,0,211,5,0,176,282,0
2026-07-07,DC004,SKU009,30,1,0,182,10,0,176,282,1
2026-07-08,DC004,SKU009,35,1,0,152,19,0,176,282,1
2026-07-09,DC004,SKU009,34,1,0,117,10,0,176,282,1
2026-07-10,DC004,SKU009,31,1,0,83,6,0,176,282,1
2026-07-11,DC004,SKU009,32,1,0,52,3,0,176,282,1
2026-07-12,DC004,SKU009,40,1,0,20,2,0,176,282,1
2026-07-13,DC004,SKU009,38,1,0,0,0,0,176,282,1
2026-07-14,DC004,SKU009,36,1,0,0,0,0,176,282,1
2026-07-15,DC004,SKU009,41,1,0,0,0,0,176,282,1
2026-07-16,DC004,SKU009,36,1,0,0,0,0,176,282,1
2026-07-17,DC004,SKU009,39,1,0,0,0,0,176,282,1
2026-07-18,DC004,SKU009,23,1,0,0,0,0,176,282,1
2026-07-19,DC004,SKU009,23,1,0,0,0,344,176,282,0
2026-07-20,DC004,SKU009,29,1,0,321,40,341,176,282,0
2026-07-21,DC004,SKU009,27,1,0,633,25,0,176,282,0
2026-07-22,DC004,SKU009,35,1,0,606,36,0,176,282,0
2026-07-23,DC004,SKU009,41,1,0,571,52,0,176,282,0
2026-07-24,DC004,SKU009,26,1,0,530,50,0,176,282,0
2026-07-25,DC004,SKU009,30,1,0,504,54,0,176,282,0
2026-07-26,DC004,SKU009,34,0,0,474,15,0,176,282,0
2026-07-27,DC004,SKU009,46,0,0,440,9,0,176,282,0
2026-07-28,DC004,SKU009,31,0,0,394,34,0,176,282,0
2026-07-29,DC004,SKU009,15,0,0,363,34,0,176,282,0
2026-07-30,DC004,SKU009,31,0,0,348,0,0,176,282,0
2026-07-31,DC004,SKU009,19,0,0,317,4,0,176,282,0
2026-08-01,DC004,SKU009,25,0,0,298,10,0,176,282,0
2026-08-02,DC004,SKU009,28,0,0,273,5,508,176,282,0
2026-08-03,DC004,SKU009,31,0,0,753,56,0,176,282,0
2026-08-04,DC004,SKU009,27,0,0,722,49,0,176,282,0
2026-08-05,DC004,SKU009,39,0,0,695,45,0,176,282,0
2026-08-06,DC004,SKU009,25,0,0,656,49,0,176,282,0
2026-08-07,DC004,SKU009,44,0,0,631,62,0,176,282,0
2026-08-08,DC004,SKU009,31,0,0,587,80,0,176,282,0
2026-08-09,DC004,SKU009,22,0,0,556,80,0,176,282,0
2026-08-10,DC004,SKU009,31,0,0,534,5,0,176,282,0
2026-08-11,DC004,SKU009,38,0,0,503,19,0,176,282,0
2026-08-12,DC004,SKU009,41,0,1,465,68,0,176,282,0
2026-08-13,DC004,SKU009,25,0,0,424,29,0,176,282,0
2026-04-16,DC004,SKU010,12,0,0,238,8,0,80,128,0
2026-04-17,DC004,SKU010,14,0,0,226,18,0,80,128,0
2026-04-18,DC004,SKU010,12,0,0,212,17,0,80,128,0
2026-04-19,DC004,SKU010,14,0,0,200,3,0,80,128,0
2026-04-20,DC004,SKU010,18,0,1,186,16,0,80,128,0
2026-04-21,DC004,SKU010,11,0,0,168,6,0,80,128,0
2026-04-22,DC004,SKU010,14,0,0,157,2,0,80,128,0
2026-04-23,DC004,SKU010,16,0,0,143,20,0,80,128,0
2026-04-24,DC004,SKU010,15,0,0,127,16,0,80,128,0
2026-04-25,DC004,SKU010,9,0,0,112,10,175,80,128,0
2026-04-26,DC004,SKU010,13,0,0,278,13,0,80,128,0
2026-04-27,DC004,SKU010,12,0,0,265,26,0,80,128,0
2026-04-28,DC004,SKU010,20,0,0,253,2,0,80,128,0
2026-04-29,DC004,SKU010,13,0,0,233,3,0,80,128,0
2026-04-30,DC004,SKU010,17,0,0,220,18,0,80,128,0
2026-05-01,DC004,SKU010,17,0,0,203,18,0,80,128,0
2026-05-02,DC004,SKU010,15,0,0,186,3,0,80,128,0
2026-05-03,DC004,SKU010,11,0,0,171,20,0,80,128,0
2026-05-04,DC004,SKU010,10,0,0,160,9,0,80,128,0
2026-05-05,DC004,SKU010,19,0,0,150,16,0,80,128,0
2026-05-06,DC004,SKU010,17,0,0,131,10,0,80,128,0
2026-05-07,DC004,SKU010,15,0,1,114,9,0,80,128,0
2026-05-08,DC004,SKU010,12,0,0,99,5,184,80,128,0
2026-05-09,DC004,SKU010,15,0,0,271,14,0,80,128,0
2026-05-10,DC004,SKU010,9,0,0,256,3,0,80,128,0
2026-05-11,DC004,SKU010,12,0,0,247,0,0,80,128,0
2026-05-12,DC004,SKU010,17,0,1,235,8,0,80,128,0
2026-05-13,DC004,SKU010,21,0,1,218,0,0,80,128,0
2026-05-14,DC004,SKU010,15,0,0,197,4,0,80,128,0
2026-05-15,DC004,SKU010,11,0,0,182,2,0,80,128,0
2026-05-16,DC004,SKU010,11,0,0,171,21,0,80,128,0
2026-05-17,DC004,SKU010,14,0,0,160,22,0,80,128,0
2026-05-18,DC004,SKU010,9,0,0,146,16,0,80,128,0
2026-05-19,DC004,SKU010,13,0,0,137,14,0,80,128,0
2026-05-20,DC004,SKU010,12,0,0,124,7,0,80,128,0
2026-05-21,DC004,SKU010,9,0,0,112,7,0,80,128,0
2026-05-22,DC004,SKU010,14,0,0,103,3,0,80,128,0
2026-05-23,DC004,SKU010,17,0,0,89,4,0,80,128,0
2026-05-24,DC004,SKU010,15,0,0,72,9,0,80,128,1
2026-05-25,DC004,SKU010,13,0,0,57,7,0,80,128,1
2026-05-26,DC004,SKU010,8,0,0,44,0,0,80,128,1
2026-05-27,DC004,SKU010,18,0,0,36,4,0,80,128,1
2026-05-28,DC004,SKU010,13,0,1,18,0,0,80,128,1
2026-05-29,DC004,SKU010,14,0,0,5,0,198,80,128,0
2026-05-30,DC004,SKU010,12,0,0,189,1,0,80,128,0
2026-05-31,DC004,SKU010,11,0,0,177,25,0,80,128,0
2026-06-01,DC004,SKU010,14,0,0,166,12,0,80,128,0
2026-06-02,DC004,SKU010,17,0,0,152,18,0,80,128,0
2026-06-03,DC004,SKU010,11,0,0,135,14,0,80,128,0
2026-06-04,DC004,SKU010,17,0,0,124,14,0,80,128,0
2026-06-05,DC004,SKU010,11,0,0,107,14,0,80,128,0
2026-06-06,DC004,SKU010,18,0,0,96,9,0,80,128,0
2026-06-07,DC004,SKU010,16,0,0,78,3,202,80,128,0
2026-06-08,DC004,SKU010,13,0,0,264,1,0,80,128,0
2026-06-09,DC004,SKU010,15,0,0,251,10,0,80,128,0
2026-06-10,DC004,SKU010,14,0,0,236,15,0,80,128,0
2026-06-11,DC004,SKU010,16,0,0,222,25,0,80,128,0
2026-06-12,DC004,SKU010,17,0,0,206,28,0,80,128,0
2026-06-13,DC004,SKU010,14,0,0,189,23,0,80,128,0
2026-06-14,DC004,SKU010,19,0,0,175,20,0,80,128,0
2026-06-15,DC004,SKU010,16,1,0,156,1,0,80,128,0
2026-06-16,DC004,SKU010,16,1,0,140,20,0,80,128,0
2026-06-17,DC004,SKU010,12,1,0,124,6,0,80,128,0
2026-06-18,DC004,SKU010,13,1,0,112,2,0,80,128,0
2026-06-19,DC004,SKU010,15,1,0,99,13,0,80,128,0
2026-06-20,DC004,SKU010,9,1,0,84,11,153,80,128,0
2026-06-21,DC004,SKU010,9,1,0,228,11,0,80,128,0
2026-06-22,DC004,SKU010,19,1,0,219,0,0,80,128,0
2026-06-23,DC004,SKU010,14,1,0,200,3,0,80,128,0
2026-06-24,DC004,SKU010,13,1,0,186,6,0,80,128,0
2026-06-25,DC004,SKU010,15,1,0,173,9,0,80,128,0
2026-06-26,DC004,SKU010,16,1,0,158,21,0,80,128,0
2026-06-27,DC004,SKU010,15,1,0,142,20,0,80,128,0
2026-06-28,DC004,SKU010,14,1,0,127,5,0,80,128,0
2026-06-29,DC004,SKU010,15,1,0,113,8,196,80,128,0
2026-06-30,DC004,SKU010,10,1,0,294,43,0,80,128,0
2026-07-01,DC004,SKU010,16,1,0,284,14,0,80,128,0
2026-07-02,DC004,SKU010,13,1,0,268,38,0,80,128,0
2026-07-03,DC004,SKU010,10,1,0,255,10,0,80,128,0
2026-07-04,DC004,SKU010,16,1,0,245,35,0,80,128,0
2026-07-05,DC004,SKU010,12,1,0,229,22,0,80,128,0
2026-07-06,DC004,SKU010,9,1,0,217,3,0,80,128,0
2026-07-07,DC004,SKU010,12,1,0,208,19,0,80,128,0
2026-07-08,DC004,SKU010,18,1,0,196,14,0,80,128,0
2026-07-09,DC004,SKU010,13,1,0,178,14,0,80,128,0
2026-07-10,DC004,SKU010,16,1,0,165,8,0,80,128,0
2026-07-11,DC004,SKU010,25,1,1,149,0,0,80,128,0
2026-07-12,DC004,SKU010,14,1,0,124,3,0,80,128,0
2026-07-13,DC004,SKU010,11,1,0,110,14,209,80,128,0
2026-07-14,DC004,SKU010,11,1,0,308,28,0,80,128,0
2026-07-15,DC004,SKU010,13,1,0,297,28,0,80,128,0
2026-07-16,DC004,SKU010,13,1,0,284,4,0,80,128,0
2026-07-17,DC004,SKU010,8,1,0,271,32,0,80,128,0
2026-07-18,DC004,SKU010,8,1,0,263,29,0,80,128,0
2026-07-19,DC004,SKU010,13,1,0,255,26,0,80,128,0
2026-07-20,DC004,SKU010,12,1,0,242,35,0,80,128,0
2026-07-21,DC004,SKU010,15,1,0,230,5,0,80,128,0
2026-07-22,DC004,SKU010,20,1,0,215,17,0,80,128,0
2026-07-23,DC004,SKU010,14,1,0,195,15,0,80,128,0
2026-07-24,DC004,SKU010,13,1,0,181,5,0,80,128,0
2026-07-25,DC004,SKU010,12,1,0,168,11,0,80,128,0
2026-07-26,DC004,SKU010,13,0,0,156,15,0,80,128,0
2026-07-27,DC004,SKU010,13,0,0,143,6,0,80,128,0
2026-07-28,DC004,SKU010,11,0,0,130,3,0,80,128,0
2026-07-29,DC004,SKU010,17,0,0,119,4,0,80,128,0
2026-07-30,DC004,SKU010,14,0,0,102,8,0,80,128,0
2026-07-31,DC004,SKU010,20,0,1,88,6,142,80,128,0
2026-08-01,DC004,SKU010,14,0,0,210,15,0,80,128,0
2026-08-02,DC004,SKU010,6,0,0,196,8,0,80,128,0
2026-08-03,DC004,SKU010,15,0,0,190,24,0,80,128,0
2026-08-04,DC004,SKU010,11,0,1,175,5,0,80,128,0
2026-08-05,DC004,SKU010,16,0,0,164,1,0,80,128,0
2026-08-06,DC004,SKU010,14,0,0,148,8,0,80,128,0
2026-08-07,DC004,SKU010,13,0,0,134,10,0,80,128,0
2026-08-08,DC004,SKU010,18,0,0,121,13,0,80,128,0
2026-08-09,DC004,SKU010,13,0,0,103,13,0,80,128,0
2026-08-10,DC004,SKU010,15,0,0,90,13,276,80,128,0
2026-08-11,DC004,SKU010,13,0,0,351,11,0,80,128,0
2026-08-12,DC004,SKU010,13,0,0,338,27,0,80,128,0
2026-08-13,DC004,SKU010,14,0,0,325,47,0,80,128,0
2026-04-16,DC004,SKU011,24,0,0,510,7,0,176,282,0
2026-04-17,DC004,SKU011,22,0,0,486,13,0,176,282,0
2026-04-18,DC004,SKU011,27,0,0,464,39,0,176,282,0
2026-04-19,DC004,SKU011,35,0,0,437,4,0,176,282,0
2026-04-20,DC004,SKU011,36,0,0,402,19,0,176,282,0
2026-04-21,DC004,SKU011,28,0,0,366,42,0,176,282,0
2026-04-22,DC004,SKU011,27,0,0,338,41,0,176,282,0
2026-04-23,DC004,SKU011,39,0,0,311,12,0,176,282,0
2026-04-24,DC004,SKU011,26,0,0,272,7,566,176,282,0
2026-04-25,DC004,SKU011,27,0,0,812,71,0,176,282,0
2026-04-26,DC004,SKU011,24,0,0,785,16,0,176,282,0
2026-04-27,DC004,SKU011,30,0,0,761,4,0,176,282,0
2026-04-28,DC004,SKU011,24,0,0,731,75,0,176,282,0
2026-04-29,DC004,SKU011,24,0,0,707,41,0,176,282,0
2026-04-30,DC004,SKU011,22,0,0,683,33,0,176,282,0
2026-05-01,DC004,SKU011,25,0,0,661,36,0,176,282,0
2026-05-02,DC004,SKU011,35,0,0,636,33,0,176,282,0
2026-05-03,DC004,SKU011,22,0,0,601,50,0,176,282,0
2026-05-04,DC004,SKU011,34,0,0,579,62,0,176,282,0
2026-05-05,DC004,SKU011,26,0,0,545,79,0,176,282,0
2026-05-06,DC004,SKU011,21,0,0,519,41,0,176,282,0
2026-05-07,DC004,SKU011,28,0,0,498,32,0,176,282,0
2026-05-08,DC004,SKU011,23,0,0,470,57,0,176,282,0
2026-05-09,DC004,SKU011,34,0,0,447,29,0,176,282,0
2026-05-10,DC004,SKU011,19,0,0,413,23,0,176,282,0
2026-05-11,DC004,SKU011,36,0,0,394,35,0,176,282,0
2026-05-12,DC004,SKU011,34,0,0,358,7,0,176,282,0
2026-05-13,DC004,SKU011,41,0,0,324,10,0,176,282,0
2026-05-14,DC004,SKU011,40,0,0,283,32,583,176,282,0
2026-05-15,DC004,SKU011,54,0,0,826,37,0,176,282,0
2026-05-16,DC004,SKU011,26,0,0,772,86,0,176,282,0
2026-05-17,DC004,SKU011,38,0,0,746,85,0,176,282,0
2026-05-18,DC004,SKU011,40,0,1,708,71,0,176,282,0
2026-05-19,DC004,SKU011,34,0,0,668,98,0,176,282,0
2026-05-20,DC004,SKU011,29,0,0,634,4,0,176,282,0
2026-05-21,DC004,SKU011,24,0,0,605,53,0,176,282,0
2026-05-22,DC004,SKU011,36,0,0,581,36,0,176,282,0
2026-05-23,DC004,SKU011,33,0,0,545,6,0,176,282,0
2026-05-24,DC004,SKU011,26,0,0,512,22,0,176,282,0
2026-05-25,DC004,SKU011,36,0,0,486,59,0,176,282,0
2026-05-26,DC004,SKU011,36,0,0,450,9,0,176,282,0
2026-05-27,DC004,SKU011,17,0,0,414,62,0,176,282,0
2026-05-28,DC004,SKU011,36,0,0,397,10,0,176,282,0
2026-05-29,DC004,SKU011,39,0,0,361,16,0,176,282,0
2026-05-30,DC004,SKU011,23,0,0,322,12,0,176,282,0
2026-05-31,DC004,SKU011,28,0,0,299,38,0,176,282,0
2026-06-01,DC004,SKU011,33,0,0,271,13,0,176,282,0
2026-06-02,DC004,SKU011,41,0,0,238,22,0,176,282,0
2026-06-03,DC004,SKU011,36,0,0,197,4,0,176,282,0
2026-06-04,DC004,SKU011,27,0,0,161,3,0,176,282,1
2026-06-05,DC004,SKU011,27,0,0,134,13,0,176,282,1
2026-06-06,DC004,SKU011,39,0,0,107,6,0,176,282,1
2026-06-07,DC004,SKU011,31,0,0,68,7,0,176,282,1
2026-06-08,DC004,SKU011,30,0,0,37,0,0,176,282,1
2026-06-09,DC004,SKU011,44,0,0,7,0,0,176,282,1
2026-06-10,DC004,SKU011,49,0,0,0,0,0,176,282,1
2026-06-11,DC004,SKU011,21,0,0,0,0,463,176,282,0
2026-06-12,DC004,SKU011,24,0,0,442,15,0,176,282,0
2026-06-13,DC004,SKU011,36,0,0,418,32,0,176,282,0
2026-06-14,DC004,SKU011,28,0,0,382,14,0,176,282,0
2026-06-15,DC004,SKU011,28,1,0,354,2,0,176,282,0
2026-06-16,DC004,SKU011,26,1,0,326,1,0,176,282,0
2026-06-17,DC004,SKU011,16,1,0,300,12,0,176,282,0
2026-06-18,DC004,SKU011,40,1,0,284,33,0,176,282,0
2026-06-19,DC004,SKU011,32,1,0,244,28,0,176,282,0
2026-06-20,DC004,SKU011,41,1,0,212,28,0,176,282,0
2026-06-21,DC004,SKU011,30,1,0,171,12,0,176,282,1
2026-06-22,DC004,SKU011,15,1,0,141,13,0,176,282,1
2026-06-23,DC004,SKU011,27,1,0,126,3,0,176,282,1
2026-06-24,DC004,SKU011,18,1,0,99,3,502,176,282,0
2026-06-25,DC004,SKU011,30,1,0,583,25,0,176,282,0
2026-06-26,DC004,SKU011,31,1,0,553,22,0,176,282,0
2026-06-27,DC004,SKU011,37,1,0,522,5,0,176,282,0
2026-06-28,DC004,SKU011,32,1,0,485,53,0,176,282,0
2026-06-29,DC004,SKU011,26,1,0,453,17,0,176,282,0
2026-06-30,DC004,SKU011,21,1,0,427,22,0,176,282,0
2026-07-01,DC004,SKU011,27,1,0,406,11,0,176,282,0
2026-07-02,DC004,SKU011,20,1,0,379,8,0,176,282,0
2026-07-03,DC004,SKU011,16,1,0,359,12,0,176,282,0
2026-07-04,DC004,SKU011,21,1,0,343,35,0,176,282,0
2026-07-05,DC004,SKU011,29,1,0,322,29,0,176,282,0
2026-07-06,DC004,SKU011,32,1,0,293,14,436,176,282,0
2026-07-07,DC004,SKU011,30,1,0,697,92,0,176,282,0
2026-07-08,DC004,SKU011,27,1,0,667,18,0,176,282,0
2026-07-09,DC004,SKU011,24,1,0,640,36,0,176,282,0
2026-07-10,DC004,SKU011,25,1,0,616,80,0,176,282,0
2026-07-11,DC004,SKU011,36,1,0,591,84,0,176,282,0
2026-07-12,DC004,SKU011,12,1,0,555,17,0,176,282,0
2026-07-13,DC004,SKU011,28,1,0,543,4,0,176,282,0
2026-07-14,DC004,SKU011,22,1,0,515,5,0,176,282,0
2026-07-15,DC004,SKU011,41,1,1,493,31,0,176,282,0
2026-07-16,DC004,SKU011,29,1,0,452,67,0,176,282,0
2026-07-17,DC004,SKU011,19,1,0,423,12,0,176,282,0
2026-07-18,DC004,SKU011,18,1,0,404,26,0,176,282,0
2026-07-19,DC004,SKU011,26,1,0,386,29,0,176,282,0
2026-07-20,DC004,SKU011,28,1,1,360,8,0,176,282,0
2026-07-21,DC004,SKU011,24,1,0,332,34,0,176,282,0
2026-07-22,DC004,SKU011,36,1,1,308,34,0,176,282,0
2026-07-23,DC004,SKU011,27,1,0,272,29,401,176,282,0
2026-07-24,DC004,SKU011,31,1,0,646,48,0,176,282,0
2026-07-25,DC004,SKU011,29,1,0,615,5,0,176,282,0
2026-07-26,DC004,SKU011,23,0,0,586,6,0,176,282,0
2026-07-27,DC004,SKU011,36,0,0,563,13,0,176,282,0
2026-07-28,DC004,SKU011,23,0,0,527,10,0,176,282,0
2026-07-29,DC004,SKU011,38,0,1,504,8,0,176,282,0
2026-07-30,DC004,SKU011,29,0,0,466,52,0,176,282,0
2026-07-31,DC004,SKU011,23,0,0,437,30,0,176,282,0
2026-08-01,DC004,SKU011,34,0,0,414,28,0,176,282,0
2026-08-02,DC004,SKU011,30,0,0,380,52,0,176,282,0
2026-08-03,DC004,SKU011,41,0,0,350,12,0,176,282,0
2026-08-04,DC004,SKU011,26,0,0,309,28,0,176,282,0
2026-08-05,DC004,SKU011,30,0,0,283,34,0,176,282,0
2026-08-06,DC004,SKU011,47,0,1,253,9,0,176,282,0
2026-08-07,DC004,SKU011,35,0,0,206,9,363,176,282,0
2026-08-08,DC004,SKU011,30,0,0,534,24,0,176,282,0
2026-08-09,DC004,SKU011,33,0,0,504,47,0,176,282,0
2026-08-10,DC004,SKU011,32,0,0,471,30,0,176,282,0
2026-08-11,DC004,SKU011,27,0,1,439,35,0,176,282,0
2026-08-12,DC004,SKU011,32,0,0,412,5,0,176,282,0
2026-08-13,DC004,SKU011,29,0,0,380,6,0,176,282,0
2026-04-16,DC004,SKU012,102,0,0,1105,128,0,320,512,0
2026-04-17,DC004,SKU012,93,0,0,1003,89,0,320,512,0
2026-04-18,DC004,SKU012,35,0,0,910,22,0,320,512,0
2026-04-19,DC004,SKU012,59,0,0,875,93,0,320,512,0
2026-04-20,DC004,SKU012,43,0,1,816,20,0,320,512,0
2026-04-21,DC004,SKU012,74,0,0,773,88,0,320,512,0
2026-04-22,DC004,SKU012,47,0,0,699,98,0,320,512,0
2026-04-23,DC004,SKU012,68,0,0,652,97,0,320,512,0
2026-04-24,DC004,SKU012,48,0,0,584,78,0,320,512,0
2026-04-25,DC004,SKU012,66,0,0,536,48,0,320,512,0
2026-04-26,DC004,SKU012,52,0,0,470,44,0,320,512,0
2026-04-27,DC004,SKU012,19,0,0,418,53,0,320,512,0
2026-04-28,DC004,SKU012,89,0,0,399,26,895,320,512,0
2026-04-29,DC004,SKU012,37,0,0,1205,8,0,320,512,0
2026-04-30,DC004,SKU012,73,0,0,1168,99,0,320,512,0
2026-05-01,DC004,SKU012,84,0,0,1095,70,0,320,512,0
2026-05-02,DC004,SKU012,63,0,0,1011,100,0,320,512,0
2026-05-03,DC004,SKU012,75,0,0,948,7,0,320,512,0
2026-05-04,DC004,SKU012,56,0,0,873,128,0,320,512,0
2026-05-05,DC004,SKU012,72,0,0,817,57,0,320,512,0
2026-05-06,DC004,SKU012,67,0,0,745,8,0,320,512,0
2026-05-07,DC004,SKU012,46,0,0,678,56,0,320,512,0
2026-05-08,DC004,SKU012,46,0,0,632,84,0,320,512,0
2026-05-09,DC004,SKU012,81,0,0,586,53,0,320,512,0
2026-05-10,DC004,SKU012,80,0,0,505,37,1084,320,512,0
2026-05-11,DC004,SKU012,56,0,0,1509,64,0,320,512,0
2026-05-12,DC004,SKU012,67,0,1,1453,36,0,320,512,0
2026-05-13,DC004,SKU012,39,0,0,1386,81,0,320,512,0
2026-05-14,DC004,SKU012,50,0,0,1347,192,0,320,512,0
2026-05-15,DC004,SKU012,86,0,0,1297,88,0,320,512,0
2026-05-16,DC004,SKU012,36,0,0,1211,70,0,320,512,0
2026-05-17,DC004,SKU012,55,0,0,1175,93,0,320,512,0
2026-05-18,DC004,SKU012,91,0,0,1120,97,0,320,512,0
2026-05-19,DC004,SKU012,47,0,0,1029,59,0,320,512,0
2026-05-20,DC004,SKU012,74,0,0,982,96,0,320,512,0
2026-05-21,DC004,SKU012,86,0,0,908,129,0,320,512,0
2026-05-22,DC004,SKU012,28,0,0,822,53,0,320,512,0
2026-05-23,DC004,SKU012,78,0,0,794,108,0,320,512,0
2026-05-24,DC004,SKU012,65,0,0,716,17,0,320,512,0
2026-05-25,DC004,SKU012,68,0,0,651,69,0,320,512,0
2026-05-26,DC004,SKU012,50,0,1,583,37,0,320,512,0
2026-05-27,DC004,SKU012,63,0,0,533,36,813,320,512,0
2026-05-28,DC004,SKU012,67,0,0,1283,116,0,320,512,0
2026-05-29,DC004,SKU012,61,0,1,1216,73,0,320,512,0
2026-05-30,DC004,SKU012,78,0,0,1155,59,0,320,512,0
2026-05-31,DC004,SKU012,27,0,0,1077,128,0,320,512,0
2026-06-01,DC004,SKU012,67,0,0,1050,48,0,320,512,0
2026-06-02,DC004,SKU012,111,0,0,983,81,0,320,512,0
2026-06-03,DC004,SKU012,85,0,0,872,127,0,320,512,0
2026-06-04,DC004,SKU012,76,0,0,787,103,0,320,512,0
2026-06-05,DC004,SKU012,43,0,1,711,10,0,320,512,0
2026-06-06,DC004,SKU012,68,0,0,668,74,0,320,512,0
2026-06-07,DC004,SKU012,62,0,0,600,39,0,320,512,0
2026-06-08,DC004,SKU012,105,0,0,538,30,0,320,512,0
2026-06-09,DC004,SKU012,76,0,0,433,27,917,320,512,0
2026-06-10,DC004,SKU012,104,0,0,1274,170,0,320,512,0
2026-06-11,DC004,SKU012,68,0,0,1170,42,0,320,512,0
2026-06-12,DC004,SKU012,56,0,0,1102,32,0,320,512,0
2026-06-13,DC004,SKU012,88,0,0,1046,104,0,320,512,0
2026-06-14,DC004,SKU012,95,0,0,958,63,0,320,512,0
2026-06-15,DC004,SKU012,121,1,0,863,37,0,320,512,0
2026-06-16,DC004,SKU012,104,1,0,742,48,0,320,512,0
2026-06-17,DC004,SKU012,106,1,0,638,17,0,320,512,0
2026-06-18,DC004,SKU012,87,1,0,532,46,692,320,512,0
2026-06-19,DC004,SKU012,79,1,0,1137,166,0,320,512,0
2026-06-20,DC004,SKU012,78,1,0,1058,39,0,320,512,0
2026-06-21,DC004,SKU012,121,1,0,980,107,0,320,512,0
2026-06-22,DC004,SKU012,92,1,0,859,27,0,320,512,0
2026-06-23,DC004,SKU012,120,1,0,767,43,0,320,512,0
2026-06-24,DC004,SKU012,110,1,1,647,69,0,320,512,0
2026-06-25,DC004,SKU012,104,1,0,537,18,0,320,512,0
2026-06-26,DC004,SKU012,152,1,1,433,45,1207,320,512,0
2026-06-27,DC004,SKU012,132,1,0,1488,173,0,320,512,0
2026-06-28,DC004,SKU012,94,1,0,1356,190,0,320,512,0
2026-06-29,DC004,SKU012,115,1,0,1262,19,0,320,512,0
2026-06-30,DC004,SKU012,122,1,0,1147,0,0,320,512,0
2026-07-01,DC004,SKU012,58,1,0,1025,138,0,320,512,0
2026-07-02,DC004,SKU012,83,1,0,967,10,0,320,512,0
2026-07-03,DC004,SKU012,102,1,0,884,125,0,320,512,0
2026-07-04,DC004,SKU012,102,1,0,782,114,0,320,512,0
2026-07-05,DC004,SKU012,111,1,0,680,30,0,320,512,0
2026-07-06,DC004,SKU012,67,1,0,569,45,0,320,512,0
2026-07-07,DC004,SKU012,90,1,0,502,42,0,320,512,0
2026-07-08,DC004,SKU012,41,1,0,412,57,0,320,512,0
2026-07-09,DC004,SKU012,101,1,0,371,13,1213,320,512,0
2026-07-10,DC004,SKU012,124,1,0,1483,47,0,320,512,0
2026-07-11,DC004,SKU012,56,1,0,1359,108,0,320,512,0
2026-07-12,DC004,SKU012,84,1,0,1303,18,0,320,512,0
2026-07-13,DC004,SKU012,74,1,0,1219,73,0,320,512,0
2026-07-14,DC004,SKU012,91,1,0,1145,5,0,320,512,0
2026-07-15,DC004,SKU012,81,1,0,1054,127,0,320,512,0
2026-07-16,DC004,SKU012,80,1,0,973,21,0,320,512,0
2026-07-17,DC004,SKU012,114,1,0,893,48,0,320,512,0
2026-07-18,DC004,SKU012,71,1,0,779,47,0,320,512,0
2026-07-19,DC004,SKU012,91,1,0,708,41,0,320,512,0
2026-07-20,DC004,SKU012,92,1,1,617,62,0,320,512,0
2026-07-21,DC004,SKU012,49,1,0,525,41,0,320,512,0
2026-07-22,DC004,SKU012,120,1,0,476,41,1068,320,512,0
2026-07-23,DC004,SKU012,113,1,0,1424,180,0,320,512,0
2026-07-24,DC004,SKU012,80,1,0,1311,177,0,320,512,0
2026-07-25,DC004,SKU012,111,1,0,1231,93,0,320,512,0
2026-07-26,DC004,SKU012,76,0,0,1120,153,0,320,512,0
2026-07-27,DC004,SKU012,50,0,0,1044,134,0,320,512,0
2026-07-28,DC004,SKU012,39,0,0,994,32,0,320,512,0
2026-07-29,DC004,SKU012,76,0,0,955,31,0,320,512,0
2026-07-30,DC004,SKU012,51,0,0,879,83,0,320,512,0
2026-07-31,DC004,SKU012,70,0,0,828,82,0,320,512,0
2026-08-01,DC004,SKU012,60,0,0,758,108,0,320,512,0
2026-08-02,DC004,SKU012,69,0,0,698,38,0,320,512,0
2026-08-03,DC004,SKU012,85,0,0,629,28,0,320,512,0
2026-08-04,DC004,SKU012,35,0,0,544,39,0,320,512,0
2026-08-05,DC004,SKU012,63,0,0,509,71,0,320,512,0
2026-08-06,DC004,SKU012,67,0,0,446,14,745,320,512,0
2026-08-07,DC004,SKU012,71,0,0,1124,77,0,320,512,0
2026-08-08,DC004,SKU012,105,0,0,1053,3,0,320,512,0
2026-08-09,DC004,SKU012,56,0,0,948,62,0,320,512,0
2026-08-10,DC004,SKU012,75,0,0,892,48,0,320,512,0
2026-08-11,DC004,SKU012,52,0,0,817,12,0,320,512,0
2026-08-12,DC004,SKU012,83,0,0,765,46,0,320,512,0
2026-08-13,DC004,SKU012,52,0,0,682,95,0,320,512,0
2026-04-16,DC004,SKU013,46,0,1,1020,75,0,320,512,0
2026-04-17,DC004,SKU013,89,0,1,974,28,0,320,512,0
2026-04-18,DC004,SKU013,58,0,0,885,77,0,320,512,0
2026-04-19,DC004,SKU013,79,0,0,827,38,0,320,512,0
2026-04-20,DC004,SKU013,54,0,0,748,39,0,320,512,0
2026-04-21,DC004,SKU013,66,0,0,694,102,0,320,512,0
2026-04-22,DC004,SKU013,57,0,0,628,37,0,320,512,0
2026-04-23,DC004,SKU013,56,0,0,571,53,0,320,512,0
2026-04-24,DC004,SKU013,74,0,0,515,7,902,320,512,0
2026-04-25,DC004,SKU013,63,0,1,1343,79,0,320,512,0
2026-04-26,DC004,SKU013,72,0,0,1280,58,0,320,512,0
2026-04-27,DC004,SKU013,53,0,1,1208,100,0,320,512,0
2026-04-28,DC004,SKU013,87,0,0,1155,155,0,320,512,0
2026-04-29,DC004,SKU013,38,0,0,1068,31,0,320,512,0
2026-04-30,DC004,SKU013,86,0,0,1030,76,0,320,512,0
2026-05-01,DC004,SKU013,60,0,0,944,80,0,320,512,0
2026-05-02,DC004,SKU013,76,0,0,884,118,0,320,512,0
2026-05-03,DC004,SKU013,60,0,0,808,55,0,320,512,0
2026-05-04,DC004,SKU013,70,0,0,748,72,0,320,512,0
2026-05-05,DC004,SKU013,60,0,0,678,54,0,320,512,0
2026-05-06,DC004,SKU013,77,0,0,618,16,0,320,512,0
2026-05-07,DC004,SKU013,105,0,1,541,27,0,320,512,0
2026-05-08,DC004,SKU013,70,0,0,436,10,889,320,512,0
2026-05-09,DC004,SKU013,56,0,0,1255,176,0,320,512,0
2026-05-10,DC004,SKU013,85,0,1,1199,69,0,320,512,0
2026-05-11,DC004,SKU013,57,0,0,1114,50,0,320,512,0
2026-05-12,DC004,SKU013,57,0,0,1057,132,0,320,512,0
2026-05-13,DC004,SKU013,39,0,0,1000,7,0,320,512,0
2026-05-14,DC004,SKU013,70,0,0,961,52,0,320,512,0
2026-05-15,DC004,SKU013,35,0,0,891,95,0,320,512,0
2026-05-16,DC004,SKU013,46,0,0,856,32,0,320,512,0
2026-05-17,DC004,SKU013,64,0,0,810,21,0,320,512,0
2026-05-18,DC004,SKU013,40,0,0,746,110,0,320,512,0
2026-05-19,DC004,SKU013,63,0,0,706,10,0,320,512,0
2026-05-20,DC004,SKU013,65,0,0,643,55,0,320,512,0
2026-05-21,DC004,SKU013,60,0,0,578,38,0,320,512,0
2026-05-22,DC004,SKU013,90,0,0,518,28,0,320,512,0
2026-05-23,DC004,SKU013,72,0,1,428,28,0,320,512,0
2026-05-24,DC004,SKU013,51,0,0,356,25,0,320,512,0
2026-05-25,DC004,SKU013,34,0,0,305,33,0,320,512,1
2026-05-26,DC004,SKU013,52,0,0,271,7,0,320,512,1
2026-05-27,DC004,SKU013,70,0,0,219,27,0,320,512,1
2026-05-28,DC004,SKU013,69,0,0,149,6,1010,320,512,0
2026-05-29,DC004,SKU013,35,0,0,1090,109,0,320,512,0
2026-05-30,DC004,SKU013,54,0,0,1055,123,0,320,512,0
2026-05-31,DC004,SKU013,64,0,0,1001,127,0,320,512,0
2026-06-01,DC004,SKU013,46,0,0,937,102,0,320,512,0
2026-06-02,DC004,SKU013,88,0,0,891,84,0,320,512,0
2026-06-03,DC004,SKU013,43,0,0,803,67,0,320,512,0
2026-06-04,DC004,SKU013,57,0,0,760,43,0,320,512,0
2026-06-05,DC004,SKU013,94,0,1,703,57,0,320,512,0
2026-06-06,DC004,SKU013,63,0,1,609,42,0,320,512,0
2026-06-07,DC004,SKU013,21,0,0,546,76,1010,320,512,0
2026-06-08,DC004,SKU013,50,0,0,1535,220,0,320,512,0
2026-06-09,DC004,SKU013,50,0,0,1485,111,0,320,512,0
2026-06-10,DC004,SKU013,60,0,0,1435,180,0,320,512,0
2026-06-11,DC004,SKU013,105,0,0,1375,200,0,320,512,0
2026-06-12,DC004,SKU013,88,0,0,1270,54,0,320,512,0
2026-06-13,DC004,SKU013,65,0,0,1182,122,0,320,512,0
2026-06-14,DC004,SKU013,51,0,0,1117,6,0,320,512,0
2026-06-15,DC004,SKU013,65,1,0,1066,93,0,320,512,0
2026-06-16,DC004,SKU013,61,1,0,1001,57,0,320,512,0
2026-06-17,DC004,SKU013,74,1,0,940,28,0,320,512,0
2026-06-18,DC004,SKU013,76,1,0,866,10,0,320,512,0
2026-06-19,DC004,SKU013,49,1,0,790,33,0,320,512,0
2026-06-20,DC004,SKU013,41,1,0,741,79,0,320,512,0
2026-06-21,DC004,SKU013,68,1,0,700,37,0,320,512,0
2026-06-22,DC004,SKU013,45,1,0,632,28,0,320,512,0
2026-06-23,DC004,SKU013,49,1,1,587,3,0,320,512,0
2026-06-24,DC004,SKU013,60,1,0,538,59,0,320,512,0
2026-06-25,DC004,SKU013,94,1,0,478,42,0,320,512,0
2026-06-26,DC004,SKU013,70,1,0,384,15,0,320,512,0
2026-06-27,DC004,SKU013,50,1,0,314,7,0,320,512,1
2026-06-28,DC004,SKU013,79,1,0,264,28,0,320,512,1
2026-06-29,DC004,SKU013,74,1,0,185,27,0,320,512,1
2026-06-30,DC004,SKU013,56,1,0,111,8,0,320,512,1
2026-07-01,DC004,SKU013,63,1,0,55,2,0,320,512,1
2026-07-02,DC004,SKU013,83,1,0,0,0,954,320,512,0
2026-07-03,DC004,SKU013,74,1,0,871,111,0,320,512,0
2026-07-04,DC004,SKU013,55,1,0,797,32,0,320,512,0
2026-07-05,DC004,SKU013,32,1,0,742,11,0,320,512,0
2026-07-06,DC004,SKU013,42,1,0,710,32,0,320,512,0
2026-07-07,DC004,SKU013,49,1,0,668,5,0,320,512,0
2026-07-08,DC004,SKU013,31,1,0,619,47,0,320,512,0
2026-07-09,DC004,SKU013,92,1,1,588,68,0,320,512,0
2026-07-10,DC004,SKU013,61,1,0,496,10,0,320,512,0
2026-07-11,DC004,SKU013,74,1,0,435,18,1121,320,512,0
2026-07-12,DC004,SKU013,62,1,0,1482,0,0,320,512,0
2026-07-13,DC004,SKU013,103,1,0,1420,70,0,320,512,0
2026-07-14,DC004,SKU013,75,1,0,1317,161,0,320,512,0
2026-07-15,DC004,SKU013,95,1,0,1242,19,0,320,512,0
2026-07-16,DC004,SKU013,56,1,0,1147,99,0,320,512,0
2026-07-17,DC004,SKU013,47,1,0,1091,93,0,320,512,0
2026-07-18,DC004,SKU013,44,1,0,1044,34,0,320,512,0
2026-07-19,DC004,SKU013,72,1,0,1000,13,0,320,512,0
2026-07-20,DC004,SKU013,68,1,0,928,8,0,320,512,0
2026-07-21,DC004,SKU013,57,1,0,860,91,0,320,512,0
2026-07-22,DC004,SKU013,60,1,0,803,15,0,320,512,0
2026-07-23,DC004,SKU013,54,1,0,743,25,0,320,512,0
2026-07-24,DC004,SKU013,76,1,1,689,100,0,320,512,0
2026-07-25,DC004,SKU013,74,1,0,613,13,0,320,512,0
2026-07-26,DC004,SKU013,80,0,0,539,10,0,320,512,0
2026-07-27,DC004,SKU013,86,0,0,459,8,1078,320,512,0
2026-07-28,DC004,SKU013,91,0,0,1451,17,0,320,512,0
2026-07-29,DC004,SKU013,63,0,0,1360,203,0,320,512,0
2026-07-30,DC004,SKU013,65,0,0,1297,94,0,320,512,0
2026-07-31,DC004,SKU013,46,0,0,1232,23,0,320,512,0
2026-08-01,DC004,SKU013,77,0,1,1186,123,0,320,512,0
2026-08-02,DC004,SKU013,74,0,0,1109,123,0,320,512,0
2026-08-03,DC004,SKU013,64,0,0,1035,152,0,320,512,0
2026-08-04,DC004,SKU013,60,0,0,971,45,0,320,512,0
2026-08-05,DC004,SKU013,53,0,0,911,76,0,320,512,0
2026-08-06,DC004,SKU013,84,0,0,858,34,0,320,512,0
2026-08-07,DC004,SKU013,65,0,0,774,31,0,320,512,0
2026-08-08,DC004,SKU013,70,0,0,709,18,0,320,512,0
2026-08-09,DC004,SKU013,79,0,1,639,11,0,320,512,0
2026-08-10,DC004,SKU013,67,0,0,560,30,0,320,512,0
2026-08-11,DC004,SKU013,60,0,0,493,2,0,320,512,0
2026-08-12,DC004,SKU013,58,0,0,433,24,0,320,512,0
2026-08-13,DC004,SKU013,29,0,0,375,34,0,320,512,0
2026-04-16,DC004,SKU014,11,0,0,238,31,0,80,128,0
2026-04-17,DC004,SKU014,20,0,0,227,23,0,80,128,0
2026-04-18,DC004,SKU014,11,0,0,207,9,0,80,128,0
2026-04-19,DC004,SKU014,10,0,0,196,1,0,80,128,0
2026-04-20,DC004,SKU014,14,0,0,186,13,0,80,128,0
2026-04-21,DC004,SKU014,22,0,0,172,7,0,80,128,0
2026-04-22,DC004,SKU014,8,0,0,150,18,0,80,128,0
2026-04-23,DC004,SKU014,14,0,0,142,8,0,80,128,0
2026-04-24,DC004,SKU014,14,0,0,128,4,0,80,128,0
2026-04-25,DC004,SKU014,16,0,0,114,0,0,80,128,0
2026-04-26,DC004,SKU014,14,0,0,98,13,148,80,128,0
2026-04-27,DC004,SKU014,15,0,0,232,33,0,80,128,0
2026-04-28,DC004,SKU014,11,0,0,217,1,0,80,128,0
2026-04-29,DC004,SKU014,10,0,0,206,15,0,80,128,0
2026-04-30,DC004,SKU014,16,0,0,196,15,0,80,128,0
2026-05-01,DC004,SKU014,14,0,0,180,21,0,80,128,0
2026-05-02,DC004,SKU014,18,0,1,166,11,0,80,128,0
2026-05-03,DC004,SKU014,10,0,0,148,9,0,80,128,0
2026-05-04,DC004,SKU014,14,0,0,138,14,0,80,128,0
2026-05-05,DC004,SKU014,9,0,0,124,14,0,80,128,0
2026-05-06,DC004,SKU014,19,0,0,115,14,0,80,128,0
2026-05-07,DC004,SKU014,12,0,0,96,7,150,80,128,0
2026-05-08,DC004,SKU014,13,0,0,234,11,0,80,128,0
2026-05-09,DC004,SKU014,12,0,0,221,17,0,80,128,0
2026-05-10,DC004,SKU014,9,0,0,209,29,0,80,128,0
2026-05-11,DC004,SKU014,13,0,0,200,28,0,80,128,0
2026-05-12,DC004,SKU014,11,0,0,187,1,0,80,128,0
2026-05-13,DC004,SKU014,14,0,0,176,19,0,80,128,0
2026-05-14,DC004,SKU014,9,0,0,162,9,0,80,128,0
2026-05-15,DC004,SKU014,15,0,0,153,19,0,80,128,0
2026-05-16,DC004,SKU014,12,0,0,138,19,253,80,128,0
2026-05-17,DC004,SKU014,12,0,0,379,56,0,80,128,0
2026-05-18,DC004,SKU014,17,0,0,367,52,0,80,128,0
2026-05-19,DC004,SKU014,10,0,0,350,37,0,80,128,0
2026-05-20,DC004,SKU014,18,0,0,340,43,0,80,128,0
2026-05-21,DC004,SKU014,15,0,0,322,29,0,80,128,0
2026-05-22,DC004,SKU014,16,0,0,307,16,0,80,128,0
2026-05-23,DC004,SKU014,14,0,0,291,19,0,80,128,0
2026-05-24,DC004,SKU014,16,0,0,277,25,0,80,128,0
2026-05-25,DC004,SKU014,13,0,0,261,6,0,80,128,0
2026-05-26,DC004,SKU014,12,0,0,248,23,0,80,128,0
2026-05-27,DC004,SKU014,14,0,0,236,2,0,80,128,0
2026-05-28,DC004,SKU014,12,0,0,222,11,0,80,128,0
2026-05-29,DC004,SKU014,20,0,0,210,1,0,80,128,0
2026-05-30,DC004,SKU014,7,0,0,190,8,0,80,128,0
2026-05-31,DC004,SKU014,14,0,0,183,25,0,80,128,0
2026-06-01,DC004,SKU014,16,0,0,169,23,0,80,128,0
2026-06-02,DC004,SKU014,14,0,0,153,6,0,80,128,0
2026-06-03,DC004,SKU014,15,0,0,139,11,0,80,128,0
2026-06-04,DC004,SKU014,13,0,0,124,2,205,80,128,0
2026-06-05,DC004,SKU014,16,0,0,316,5,0,80,128,0
2026-06-06,DC004,SKU014,13,0,0,300,27,0,80,128,0
2026-06-07,DC004,SKU014,19,0,0,287,36,0,80,128,0
2026-06-08,DC004,SKU014,20,0,0,268,21,0,80,128,0
2026-06-09,DC004,SKU014,11,0,0,248,34,0,80,128,0
2026-06-10,DC004,SKU014,16,0,0,237,14,0,80,128,0
2026-06-11,DC004,SKU014,11,0,0,221,23,0,80,128,0
2026-06-12,DC004,SKU014,13,0,0,210,22,0,80,128,0
2026-06-13,DC004,SKU014,10,0,0,197,1,0,80,128,0
2026-06-14,DC004,SKU014,11,0,0,187,17,0,80,128,0
2026-06-15,DC004,SKU014,18,1,0,176,22,0,80,128,0
2026-06-16,DC004,SKU014,13,1,0,158,18,0,80,128,0
2026-06-17,DC004,SKU014,15,1,0,145,14,0,80,128,0
2026-06-18,DC004,SKU014,7,1,0,130,6,0,80,128,0
2026-06-19,DC004,SKU014,15,1,0,123,7,188,80,128,0
2026-06-20,DC004,SKU014,11,1,0,296,35,0,80,128,0
2026-06-21,DC004,SKU014,21,1,0,285,9,0,80,128,0
2026-06-22,DC004,SKU014,11,1,0,264,0,0,80,128,0
2026-06-23,DC004,SKU014,17,1,0,253,24,0,80,128,0
2026-06-24,DC004,SKU014,10,1,0,236,0,0,80,128,0
2026-06-25,DC004,SKU014,12,1,0,226,3,0,80,128,0
2026-06-26,DC004,SKU014,14,1,0,214,24,0,80,128,0
2026-06-27,DC004,SKU014,15,1,0,200,28,0,80,128,0
2026-06-28,DC004,SKU014,13,1,0,185,22,0,80,128,0
2026-06-29,DC004,SKU014,13,1,0,172,19,0,80,128,0
2026-06-30,DC004,SKU014,15,1,0,159,11,0,80,128,0
2026-07-01,DC004,SKU014,12,1,0,144,9,0,80,128,0
2026-07-02,DC004,SKU014,12,1,0,132,9,0,80,128,0
2026-07-03,DC004,SKU014,13,1,0,120,12,0,80,128,0
2026-07-04,DC004,SKU014,11,1,0,107,6,173,80,128,0
2026-07-05,DC004,SKU014,9,1,0,269,9,0,80,128,0
2026-07-06,DC004,SKU014,14,1,0,260,37,0,80,128,0
2026-07-07,DC004,SKU014,10,1,0,246,34,0,80,128,0
2026-07-08,DC004,SKU014,16,1,0,236,28,0,80,128,0
2026-07-09,DC004,SKU014,19,1,1,220,9,0,80,128,0
2026-07-10,DC004,SKU014,20,1,0,201,17,0,80,128,0
2026-07-11,DC004,SKU014,14,1,0,181,4,0,80,128,0
2026-07-12,DC004,SKU014,12,1,0,167,15,0,80,128,0
2026-07-13,DC004,SKU014,8,1,0,155,15,0,80,128,0
2026-07-14,DC004,SKU014,11,1,0,147,21,0,80,128,0
2026-07-15,DC004,SKU014,14,1,0,136,11,0,80,128,0
2026-07-16,DC004,SKU014,9,1,0,122,5,170,80,128,0
2026-07-17,DC004,SKU014,11,1,0,283,17,0,80,128,0
2026-07-18,DC004,SKU014,19,1,1,272,9,0,80,128,0
2026-07-19,DC004,SKU014,10,1,0,253,9,0,80,128,0
2026-07-20,DC004,SKU014,15,1,0,243,7,0,80,128,0
2026-07-21,DC004,SKU014,15,1,0,228,15,0,80,128,0
2026-07-22,DC004,SKU014,19,1,0,213,7,0,80,128,0
2026-07-23,DC004,SKU014,15,1,0,194,25,0,80,128,0
2026-07-24,DC004,SKU014,10,1,0,179,19,0,80,128,0
2026-07-25,DC004,SKU014,15,1,0,169,23,0,80,128,0
2026-07-26,DC004,SKU014,11,0,0,154,4,0,80,128,0
2026-07-27,DC004,SKU014,12,0,0,143,11,0,80,128,0
2026-07-28,DC004,SKU014,15,0,1,131,4,0,80,128,0
2026-07-29,DC004,SKU014,18,0,0,116,0,148,80,128,0
2026-07-30,DC004,SKU014,15,0,0,246,1,0,80,128,0
2026-07-31,DC004,SKU014,5,0,0,231,27,0,80,128,0
2026-08-01,DC004,SKU014,11,0,0,226,20,0,80,128,0
2026-08-02,DC004,SKU014,17,0,0,215,12,0,80,128,0
2026-08-03,DC004,SKU014,13,0,0,198,7,0,80,128,0
2026-08-04,DC004,SKU014,11,0,0,185,6,0,80,128,0
2026-08-05,DC004,SKU014,15,0,0,174,17,0,80,128,0
2026-08-06,DC004,SKU014,16,0,0,159,12,0,80,128,0
2026-08-07,DC004,SKU014,18,0,1,143,2,0,80,128,0
2026-08-08,DC004,SKU014,10,0,0,125,8,0,80,128,0
2026-08-09,DC004,SKU014,12,0,0,115,13,0,80,128,0
2026-08-10,DC004,SKU014,16,0,0,103,8,0,80,128,0
2026-08-11,DC004,SKU014,15,0,0,87,7,278,80,128,0
2026-08-12,DC004,SKU014,15,0,0,350,9,0,80,128,0
2026-08-13,DC004,SKU014,19,0,1,335,43,0,80,128,0
2026-04-16,DC004,SKU015,35,0,0,544,34,0,176,282,0
2026-04-17,DC004,SKU015,19,0,0,509,36,0,176,282,0
2026-04-18,DC004,SKU015,29,0,0,490,24,0,176,282,0
2026-04-19,DC004,SKU015,35,0,0,461,66,0,176,282,0
2026-04-20,DC004,SKU015,43,0,0,426,26,0,176,282,0
2026-04-21,DC004,SKU015,22,0,0,383,51,0,176,282,0
2026-04-22,DC004,SKU015,28,0,0,361,37,0,176,282,0
2026-04-23,DC004,SKU015,33,0,0,333,17,0,176,282,0
2026-04-24,DC004,SKU015,30,0,0,300,29,452,176,282,0
2026-04-25,DC004,SKU015,38,0,0,722,41,0,176,282,0
2026-04-26,DC004,SKU015,28,0,0,684,95,0,176,282,0
2026-04-27,DC004,SKU015,21,0,0,656,88,0,176,282,0
2026-04-28,DC004,SKU015,30,0,0,635,59,0,176,282,0
2026-04-29,DC004,SKU015,28,0,0,605,2,0,176,282,0
2026-04-30,DC004,SKU015,44,0,0,577,24,0,176,282,0
2026-05-01,DC004,SKU015,29,0,0,533,20,0,176,282,0
2026-05-02,DC004,SKU015,26,0,0,504,25,0,176,282,0
2026-05-03,DC004,SKU015,50,0,0,478,26,0,176,282,0
2026-05-04,DC004,SKU015,37,0,0,428,45,0,176,282,0
2026-05-05,DC004,SKU015,33,0,1,391,58,0,176,282,0
2026-05-06,DC004,SKU015,25,0,0,358,29,0,176,282,0
2026-05-07,DC004,SKU015,44,0,0,333,1,0,176,282,0
2026-05-08,DC004,SKU015,37,0,0,289,7,0,176,282,0
2026-05-09,DC004,SKU015,38,0,0,252,15,0,176,282,0
2026-05-10,DC004,SKU015,33,0,0,214,24,0,176,282,0
2026-05-11,DC004,SKU015,25,0,0,181,14,0,176,282,1
2026-05-12,DC004,SKU015,42,0,0,156,2,0,176,282,1
2026-05-13,DC004,SKU015,29,0,0,114,0,348,176,282,0
2026-05-14,DC004,SKU015,24,0,0,433,60,0,176,282,0
2026-05-15,DC004,SKU015,37,0,0,409,28,0,176,282,0
2026-05-16,DC004,SKU015,28,0,0,372,7,0,176,282,0
2026-05-17,DC004,SKU015,46,0,0,344,22,0,176,282,0
2026-05-18,DC004,SKU015,58,0,1,298,12,0,176,282,0
2026-05-19,DC004,SKU015,35,0,0,240,24,0,176,282,0
2026-05-20,DC004,SKU015,18,0,0,205,22,334,176,282,0
2026-05-21,DC004,SKU015,37,0,0,521,33,0,176,282,0
2026-05-22,DC004,SKU015,43,0,0,484,14,0,176,282,0
2026-05-23,DC004,SKU015,38,0,0,441,63,0,176,282,0
2026-05-24,DC004,SKU015,41,0,0,403,31,0,176,282,0
2026-05-25,DC004,SKU015,28,0,0,362,11,0,176,282,0
2026-05-26,DC004,SKU015,34,0,0,334,6,0,176,282,0
2026-05-27,DC004,SKU015,30,0,0,300,9,0,176,282,0
2026-05-28,DC004,SKU015,25,0,0,270,23,0,176,282,0
2026-05-29,DC004,SKU015,30,0,0,245,23,0,176,282,0
2026-05-30,DC004,SKU015,42,0,0,215,21,0,176,282,0
2026-05-31,DC004,SKU015,39,0,0,173,5,0,176,282,1
2026-06-01,DC004,SKU015,34,0,0,134,5,607,176,282,0
2026-06-02,DC004,SKU015,44,0,0,707,11,0,176,282,0
2026-06-03,DC004,SKU015,17,0,0,663,73,0,176,282,0
2026-06-04,DC004,SKU015,27,0,0,646,75,0,176,282,0
2026-06-05,DC004,SKU015,27,0,1,619,30,0,176,282,0
2026-06-06,DC004,SKU015,23,0,0,592,25,0,176,282,0
2026-06-07,DC004,SKU015,42,0,0,569,51,0,176,282,0
2026-06-08,DC004,SKU015,26,0,0,527,16,0,176,282,0
2026-06-09,DC004,SKU015,30,0,0,501,45,0,176,282,0
2026-06-10,DC004,SKU015,31,0,0,471,7,0,176,282,0
2026-06-11,DC004,SKU015,34,0,0,440,42,0,176,282,0
2026-06-12,DC004,SKU015,26,0,0,406,6,0,176,282,0
2026-06-13,DC004,SKU015,30,0,0,380,51,0,176,282,0
2026-06-14,DC004,SKU015,25,0,0,350,37,0,176,282,0
2026-06-15,DC004,SKU015,30,1,0,325,7,0,176,282,0
2026-06-16,DC004,SKU015,39,1,0,295,12,0,176,282,0
2026-06-17,DC004,SKU015,40,1,1,256,23,0,176,282,0
2026-06-18,DC004,SKU015,24,1,0,216,25,0,176,282,0
2026-06-19,DC004,SKU015,37,1,0,192,7,0,176,282,0
2026-06-20,DC004,SKU015,38,1,0,155,0,0,176,282,1
2026-06-21,DC004,SKU015,45,1,0,117,14,0,176,282,1
2026-06-22,DC004,SKU015,29,1,0,72,4,366,176,282,0
2026-06-23,DC004,SKU015,43,1,0,409,43,0,176,282,0
2026-06-24,DC004,SKU015,30,1,0,366,28,0,176,282,0
2026-06-25,DC004,SKU015,41,1,0,336,49,0,176,282,0
2026-06-26,DC004,SKU015,14,1,0,295,39,364,176,282,0
2026-06-27,DC004,SKU015,28,1,0,645,62,0,176,282,0
2026-06-28,DC004,SKU015,19,1,0,617,83,0,176,282,0
2026-06-29,DC004,SKU015,33,1,0,598,43,0,176,282,0
2026-06-30,DC004,SKU015,30,1,0,565,66,0,176,282,0
2026-07-01,DC004,SKU015,34,1,0,535,70,0,176,282,0
2026-07-02,DC004,SKU015,37,1,0,501,38,0,176,282,0
2026-07-03,DC004,SKU015,28,1,0,464,7,0,176,282,0
2026-07-04,DC004,SKU015,24,1,0,436,19,0,176,282,0
2026-07-05,DC004,SKU015,25,1,0,412,29,0,176,282,0
2026-07-06,DC004,SKU015,36,1,0,387,28,0,176,282,0
2026-07-07,DC004,SKU015,43,1,0,351,42,0,176,282,0
2026-07-08,DC004,SKU015,31,1,0,308,2,0,176,282,0
2026-07-09,DC004,SKU015,31,1,0,277,10,411,176,282,0
2026-07-10,DC004,SKU015,35,1,0,657,41,0,176,282,0
2026-07-11,DC004,SKU015,39,1,0,622,46,0,176,282,0
2026-07-12,DC004,SKU015,29,1,0,583,44,0,176,282,0
2026-07-13,DC004,SKU015,36,1,0,554,44,0,176,282,0
2026-07-14,DC004,SKU015,24,1,0,518,58,0,176,282,0
2026-07-15,DC004,SKU015,14,1,0,494,39,0,176,282,0
2026-07-16,DC004,SKU015,37,1,0,480,10,0,176,282,0
2026-07-17,DC004,SKU015,22,1,0,443,6,0,176,282,0
2026-07-18,DC004,SKU015,21,1,0,421,10,0,176,282,0
2026-07-19,DC004,SKU015,30,1,0,400,24,0,176,282,0
2026-07-20,DC004,SKU015,33,1,0,370,43,0,176,282,0
2026-07-21,DC004,SKU015,33,1,1,337,50,0,176,282,0
2026-07-22,DC004,SKU015,27,1,0,304,6,0,176,282,0
2026-07-23,DC004,SKU015,31,1,0,277,26,0,176,282,0
2026-07-24,DC004,SKU015,43,1,0,246,9,0,176,282,0
2026-07-25,DC004,SKU015,34,1,0,203,25,607,176,282,0
2026-07-26,DC004,SKU015,28,0,1,776,40,0,176,282,0
2026-07-27,DC004,SKU015,25,0,0,748,89,0,176,282,0
2026-07-28,DC004,SKU015,33,0,0,723,19,0,176,282,0
2026-07-29,DC004,SKU015,37,0,0,690,18,0,176,282,0
2026-07-30,DC004,SKU015,32,0,0,653,5,0,176,282,0
2026-07-31,DC004,SKU015,23,0,0,621,17,0,176,282,0
2026-08-01,DC004,SKU015,43,0,0,598,54,0,176,282,0
2026-08-02,DC004,SKU015,41,0,0,555,28,0,176,282,0
2026-08-03,DC004,SKU015,30,0,0,514,70,0,176,282,0
2026-08-04,DC004,SKU015,23,0,0,484,65,0,176,282,0
2026-08-05,DC004,SKU015,27,0,0,461,44,0,176,282,0
2026-08-06,DC004,SKU015,45,0,0,434,24,0,176,282,0
2026-08-07,DC004,SKU015,24,0,0,389,14,0,176,282,0
2026-08-08,DC004,SKU015,34,0,1,365,21,0,176,282,0
2026-08-09,DC004,SKU015,34,0,0,331,10,0,176,282,0
2026-08-10,DC004,SKU015,14,0,0,297,29,0,176,282,0
2026-08-11,DC004,SKU015,31,0,0,283,31,0,176,282,0
2026-08-12,DC004,SKU015,36,0,0,252,18,0,176,282,0
2026-08-13,DC004,SKU015,36,0,0,216,16,0,176,282,0
2026-04-16,DC005,SKU001,58,0,0,990,131,0,320,512,0
2026-04-17,DC005,SKU001,40,0,0,932,123,0,320,512,0
2026-04-18,DC005,SKU001,64,0,0,892,52,0,320,512,0
2026-04-19,DC005,SKU001,48,0,0,828,18,0,320,512,0
2026-04-20,DC005,SKU001,31,0,0,780,57,0,320,512,0
2026-04-21,DC005,SKU001,59,0,0,749,1,0,320,512,0
2026-04-22,DC005,SKU001,34,0,0,690,77,0,320,512,0
2026-04-23,DC005,SKU001,58,0,0,656,27,0,320,512,0
2026-04-24,DC005,SKU001,61,0,0,598,12,0,320,512,0
2026-04-25,DC005,SKU001,57,0,0,537,5,0,320,512,0
2026-04-26,DC005,SKU001,79,0,0,480,23,0,320,512,0
2026-04-27,DC005,SKU001,48,0,0,401,56,832,320,512,0
2026-04-28,DC005,SKU001,50,0,0,1185,172,0,320,512,0
2026-04-29,DC005,SKU001,55,0,0,1135,42,0,320,512,0
2026-04-30,DC005,SKU001,76,0,0,1080,63,0,320,512,0
2026-05-01,DC005,SKU001,58,0,0,1004,80,0,320,512,0
2026-05-02,DC005,SKU001,46,0,0,946,25,0,320,512,0
2026-05-03,DC005,SKU001,48,0,0,900,78,0,320,512,0
2026-05-04,DC005,SKU001,53,0,0,852,124,0,320,512,0
2026-05-05,DC005,SKU001,33,0,0,799,87,0,320,512,0
2026-05-06,DC005,SKU001,45,0,0,766,60,0,320,512,0
2026-05-07,DC005,SKU001,71,0,0,721,65,0,320,512,0
2026-05-08,DC005,SKU001,47,0,0,650,44,0,320,512,0
2026-05-09,DC005,SKU001,57,0,0,603,26,0,320,512,0
2026-05-10,DC005,SKU001,52,0,0,546,80,0,320,512,0
2026-05-11,DC005,SKU001,41,0,0,494,55,1045,320,512,0
2026-05-12,DC005,SKU001,49,0,0,1498,77,0,320,512,0
2026-05-13,DC005,SKU001,43,0,0,1449,2,0,320,512,0
2026-05-14,DC005,SKU001,57,0,0,1406,164,0,320,512,0
2026-05-15,DC005,SKU001,52,0,0,1349,43,0,320,512,0
2026-05-16,DC005,SKU001,49,0,0,1297,121,0,320,512,0
2026-05-17,DC005,SKU001,49,0,0,1248,166,0,320,512,0
2026-05-18,DC005,SKU001,55,0,0,1199,98,0,320,512,0
2026-05-19,DC005,SKU001,55,0,0,1144,156,0,320,512,0
2026-05-20,DC005,SKU001,58,0,0,1089,15,0,320,512,0
2026-05-21,DC005,SKU001,44,0,0,1031,65,0,320,512,0
2026-05-22,DC005,SKU001,41,0,0,987,89,0,320,512,0
2026-05-23,DC005,SKU001,50,0,0,946,68,0,320,512,0
2026-05-24,DC005,SKU001,64,0,0,896,23,0,320,512,0
2026-05-25,DC005,SKU001,85,0,0,832,54,0,320,512,0
2026-05-26,DC005,SKU001,61,0,0,747,99,0,320,512,0
2026-05-27,DC005,SKU001,64,0,0,686,92,0,320,512,0
2026-05-28,DC005,SKU001,92,0,1,622,54,0,320,512,0
2026-05-29,DC005,SKU001,50,0,0,530,27,0,320,512,0
2026-05-30,DC005,SKU001,57,0,0,480,61,0,320,512,0
2026-05-31,DC005,SKU001,25,0,0,423,56,0,320,512,0
2026-06-01,DC005,SKU001,56,0,0,398,22,0,320,512,0
2026-06-02,DC005,SKU001,53,0,0,342,41,0,320,512,1
2026-06-03,DC005,SKU001,65,0,0,289,34,0,320,512,1
2026-06-04,DC005,SKU001,55,0,0,224,12,1080,320,512,0
2026-06-05,DC005,SKU001,43,0,0,1249,45,0,320,512,0
2026-06-06,DC005,SKU001,69,0,0,1206,12,0,320,512,0
2026-06-07,DC005,SKU001,40,0,0,1137,141,0,320,512,0
2026-06-08,DC005,SKU001,29,0,0,1097,58,0,320,512,0
2026-06-09,DC005,SKU001,69,0,0,1068,121,0,320,512,0
2026-06-10,DC005,SKU001,79,0,1,999,30,0,320,512,0
2026-06-11,DC005,SKU001,38,0,0,920,107,0,320,512,0
2026-06-12,DC005,SKU001,36,0,1,882,87,0,320,512,0
2026-06-13,DC005,SKU001,63,0,1,846,106,0,320,512,0
2026-06-14,DC005,SKU001,45,0,0,783,65,0,320,512,0
2026-06-15,DC005,SKU001,68,1,0,738,100,0,320,512,0
2026-06-16,DC005,SKU001,40,1,0,670,15,0,320,512,0
2026-06-17,DC005,SKU001,60,1,0,630,8,0,320,512,0
2026-06-18,DC005,SKU001,68,1,0,570,11,0,320,512,0
2026-06-19,DC005,SKU001,31,1,0,502,67,0,320,512,0
2026-06-20,DC005,SKU001,54,1,0,471,37,804,320,512,0
2026-06-21,DC005,SKU001,49,1,0,1221,56,0,320,512,0
2026-06-22,DC005,SKU001,40,1,0,1172,44,0,320,512,0
2026-06-23,DC005,SKU001,93,1,0,1132,91,0,320,512,0
2026-06-24,DC005,SKU001,44,1,0,1039,38,0,320,512,0
2026-06-25,DC005,SKU001,66,1,0,995,85,0,320,512,0
2026-06-26,DC005,SKU001,60,1,0,929,35,0,320,512,0
2026-06-27,DC005,SKU001,63,1,0,869,127,0,320,512,0
2026-06-28,DC005,SKU001,57,1,0,806,55,0,320,512,0
2026-06-29,DC005,SKU001,74,1,0,749,96,0,320,512,0
2026-06-30,DC005,SKU001,69,1,0,675,96,0,320,512,0
2026-07-01,DC005,SKU001,81,1,0,606,56,0,320,512,0
2026-07-02,DC005,SKU001,71,1,0,525,7,0,320,512,0
2026-07-03,DC005,SKU001,65,1,0,454,50,932,320,512,0
2026-07-04,DC005,SKU001,71,1,0,1321,75,0,320,512,0
2026-07-05,DC005,SKU001,67,1,1,1250,10,0,320,512,0
2026-07-06,DC005,SKU001,72,1,0,1183,143,0,320,512,0
2026-07-07,DC005,SKU001,83,1,0,1111,87,0,320,512,0
2026-07-08,DC005,SKU001,55,1,0,1028,74,0,320,512,0
2026-07-09,DC005,SKU001,78,1,0,973,58,0,320,512,0
2026-07-10,DC005,SKU001,67,1,0,895,43,0,320,512,0
2026-07-11,DC005,SKU001,29,1,0,828,67,0,320,512,0
2026-07-12,DC005,SKU001,66,1,0,799,0,0,320,512,0
2026-07-13,DC005,SKU001,92,1,0,733,90,0,320,512,0
2026-07-14,DC005,SKU001,79,1,0,641,39,0,320,512,0
2026-07-15,DC005,SKU001,64,1,0,562,17,0,320,512,0
2026-07-16,DC005,SKU001,49,1,0,498,48,0,320,512,0
2026-07-17,DC005,SKU001,47,1,0,449,4,0,320,512,0
2026-07-18,DC005,SKU001,71,1,1,402,37,0,320,512,0
2026-07-19,DC005,SKU001,86,1,0,331,11,825,320,512,0
2026-07-20,DC005,SKU001,59,1,0,1070,96,0,320,512,0
2026-07-21,DC005,SKU001,65,1,0,1011,36,0,320,512,0
2026-07-22,DC005,SKU001,56,1,0,946,123,0,320,512,0
2026-07-23,DC005,SKU001,62,1,0,890,13,0,320,512,0
2026-07-24,DC005,SKU001,60,1,0,828,66,0,320,512,0
2026-07-25,DC005,SKU001,44,1,0,768,19,0,320,512,0
2026-07-26,DC005,SKU001,48,0,0,724,20,0,320,512,0
2026-07-27,DC005,SKU001,92,0,0,676,36,0,320,512,0
2026-07-28,DC005,SKU001,74,0,0,584,41,0,320,512,0
2026-07-29,DC005,SKU001,59,0,0,510,22,0,320,512,0
2026-07-30,DC005,SKU001,52,0,0,451,5,654,320,512,0
2026-07-31,DC005,SKU001,73,0,0,1053,111,0,320,512,0
2026-08-01,DC005,SKU001,48,0,0,980,82,0,320,512,0
2026-08-02,DC005,SKU001,72,0,0,932,103,0,320,512,0
2026-08-03,DC005,SKU001,93,0,1,860,94,0,320,512,0
2026-08-04,DC005,SKU001,34,0,0,767,96,0,320,512,0
2026-08-05,DC005,SKU001,60,0,0,733,70,0,320,512,0
2026-08-06,DC005,SKU001,59,0,0,673,15,0,320,512,0
2026-08-07,DC005,SKU001,61,0,0,614,56,0,320,512,0
2026-08-08,DC005,SKU001,53,0,0,553,19,0,320,512,0
2026-08-09,DC005,SKU001,58,0,0,500,56,0,320,512,0
2026-08-10,DC005,SKU001,85,0,0,442,54,932,320,512,0
2026-08-11,DC005,SKU001,42,0,0,1289,86,0,320,512,0
2026-08-12,DC005,SKU001,39,0,0,1247,62,0,320,512,0
2026-08-13,DC005,SKU001,36,0,0,1208,127,0,320,512,0
2026-04-16,DC005,SKU002,96,0,0,1170,126,0,320,512,0
2026-04-17,DC005,SKU002,44,0,0,1074,15,0,320,512,0
2026-04-18,DC005,SKU002,86,0,0,1030,9,0,320,512,0
2026-04-19,DC005,SKU002,91,0,0,944,80,0,320,512,0
2026-04-20,DC005,SKU002,56,0,0,853,78,0,320,512,0
2026-04-21,DC005,SKU002,95,0,1,797,92,0,320,512,0
2026-04-22,DC005,SKU002,89,0,0,702,73,0,320,512,0
2026-04-23,DC005,SKU002,69,0,1,613,37,0,320,512,0
2026-04-24,DC005,SKU002,50,0,1,544,28,0,320,512,0
2026-04-25,DC005,SKU002,77,0,0,494,16,0,320,512,0
2026-04-26,DC005,SKU002,74,0,0,417,21,0,320,512,0
2026-04-27,DC005,SKU002,72,0,0,343,14,0,320,512,0
2026-04-28,DC005,SKU002,72,0,0,271,2,872,320,512,0
2026-04-29,DC005,SKU002,57,0,0,1071,76,0,320,512,0
2026-04-30,DC005,SKU002,51,0,0,1014,142,0,320,512,0
2026-05-01,DC005,SKU002,75,0,0,963,68,0,320,512,0
2026-05-02,DC005,SKU002,75,0,0,888,44,0,320,512,0
2026-05-03,DC005,SKU002,58,0,0,813,29,0,320,512,0
2026-05-04,DC005,SKU002,50,0,0,755,77,0,320,512,0
2026-05-05,DC005,SKU002,84,0,0,705,59,0,320,512,0
2026-05-06,DC005,SKU002,49,0,0,621,62,0,320,512,0
2026-05-07,DC005,SKU002,67,0,0,572,37,0,320,512,0
2026-05-08,DC005,SKU002,82,0,0,505,8,0,320,512,0
2026-05-09,DC005,SKU002,40,0,0,423,18,0,320,512,0
2026-05-10,DC005,SKU002,32,0,0,383,38,0,320,512,0
2026-05-11,DC005,SKU002,80,0,0,351,23,0,320,512,0
2026-05-12,DC005,SKU002,60,0,0,271,13,0,320,512,1
2026-05-13,DC005,SKU002,85,0,0,211,7,0,320,512,1
2026-05-14,DC005,SKU002,60,0,0,126,9,0,320,512,1
2026-05-15,DC005,SKU002,62,0,0,66,2,0,320,512,1
2026-05-16,DC005,SKU002,78,0,0,4,0,818,320,512,0
2026-05-17,DC005,SKU002,62,0,0,744,21,0,320,512,0
2026-05-18,DC005,SKU002,91,0,0,682,39,0,320,512,0
2026-05-19,DC005,SKU002,104,0,0,591,83,728,320,512,0
2026-05-20,DC005,SKU002,44,0,1,1215,78,0,320,512,0
2026-05-21,DC005,SKU002,41,0,0,1171,133,0,320,512,0
2026-05-22,DC005,SKU002,84,0,0,1130,144,0,320,512,0
2026-05-23,DC005,SKU002,55,0,0,1046,49,0,320,512,0
2026-05-24,DC005,SKU002,60,0,0,991,66,0,320,512,0
2026-05-25,DC005,SKU002,53,0,0,931,25,0,320,512,0
2026-05-26,DC005,SKU002,77,0,0,878,128,0,320,512,0
2026-05-27,DC005,SKU002,89,0,1,801,26,0,320,512,0
2026-05-28,DC005,SKU002,26,0,0,712,21,0,320,512,0
2026-05-29,DC005,SKU002,74,0,0,686,44,0,320,512,0
2026-05-30,DC005,SKU002,95,0,0,612,61,0,320,512,0
2026-05-31,DC005,SKU002,55,0,0,517,26,0,320,512,0
2026-06-01,DC005,SKU002,33,0,0,462,30,0,320,512,0
2026-06-02,DC005,SKU002,114,0,0,429,34,0,320,512,0
2026-06-03,DC005,SKU002,78,0,0,315,30,0,320,512,1
2026-06-04,DC005,SKU002,114,0,1,237,35,906,320,512,0
2026-06-05,DC005,SKU002,66,0,0,1029,65,0,320,512,0
2026-06-06,DC005,SKU002,63,0,0,963,39,0,320,512,0
2026-06-07,DC005,SKU002,77,0,0,900,110,0,320,512,0
2026-06-08,DC005,SKU002,37,0,0,823,46,0,320,512,0
2026-06-09,DC005,SKU002,64,0,0,786,48,0,320,512,0
2026-06-10,DC005,SKU002,44,0,0,722,29,0,320,512,0
2026-06-11,DC005,SKU002,84,0,1,678,82,0,320,512,0
2026-06-12,DC005,SKU002,83,0,0,594,53,0,320,512,0
2026-06-13,DC005,SKU002,88,0,0,511,73,0,320,512,0
2026-06-14,DC005,SKU002,45,0,0,423,12,1264,320,512,0
2026-06-15,DC005,SKU002,97,1,0,1642,154,0,320,512,0
2026-06-16,DC005,SKU002,75,1,0,1545,78,0,320,512,0
2026-06-17,DC005,SKU002,74,1,0,1470,0,0,320,512,0
2026-06-18,DC005,SKU002,153,1,0,1396,73,0,320,512,0
2026-06-19,DC005,SKU002,74,1,0,1243,186,0,320,512,0
2026-06-20,DC005,SKU002,76,1,0,1169,71,0,320,512,0
2026-06-21,DC005,SKU002,53,1,0,1093,147,0,320,512,0
2026-06-22,DC005,SKU002,127,1,0,1040,35,0,320,512,0
2026-06-23,DC005,SKU002,88,1,0,913,100,0,320,512,0
2026-06-24,DC005,SKU002,110,1,0,825,85,0,320,512,0
2026-06-25,DC005,SKU002,103,1,0,715,29,0,320,512,0
2026-06-26,DC005,SKU002,50,1,0,612,37,0,320,512,0
2026-06-27,DC005,SKU002,95,1,0,562,32,0,320,512,0
2026-06-28,DC005,SKU002,159,1,1,467,41,0,320,512,0
2026-06-29,DC005,SKU002,63,1,0,308,37,0,320,512,1
2026-06-30,DC005,SKU002,80,1,0,245,26,0,320,512,1
2026-07-01,DC005,SKU002,49,1,0,165,8,0,320,512,1
2026-07-02,DC005,SKU002,106,1,1,116,10,0,320,512,1
2026-07-03,DC005,SKU002,100,1,0,10,0,0,320,512,1
2026-07-04,DC005,SKU002,71,1,0,0,0,0,320,512,1
2026-07-05,DC005,SKU002,135,1,1,0,0,729,320,512,0
2026-07-06,DC005,SKU002,133,1,0,594,81,0,320,512,0
2026-07-07,DC005,SKU002,79,1,0,461,2,0,320,512,0
2026-07-08,DC005,SKU002,60,1,0,382,45,0,320,512,0
2026-07-09,DC005,SKU002,106,1,0,322,11,0,320,512,1
2026-07-10,DC005,SKU002,84,1,0,216,23,0,320,512,1
2026-07-11,DC005,SKU002,9,1,0,132,18,0,320,512,1
2026-07-12,DC005,SKU002,124,1,0,123,2,0,320,512,1
2026-07-13,DC005,SKU002,60,1,0,0,0,0,320,512,1
2026-07-14,DC005,SKU002,128,1,0,0,0,1096,320,512,0
2026-07-15,DC005,SKU002,139,1,0,968,126,0,320,512,0
2026-07-16,DC005,SKU002,57,1,0,829,100,0,320,512,0
2026-07-17,DC005,SKU002,89,1,0,772,81,0,320,512,0
2026-07-18,DC005,SKU002,20,1,1,683,91,0,320,512,0
2026-07-19,DC005,SKU002,119,1,0,663,45,0,320,512,0
2026-07-20,DC005,SKU002,68,1,0,544,12,0,320,512,0
2026-07-21,DC005,SKU002,116,1,0,476,58,0,320,512,0
2026-07-22,DC005,SKU002,59,1,0,360,48,1128,320,512,0
2026-07-23,DC005,SKU002,17,1,0,1429,196,0,320,512,0
2026-07-24,DC005,SKU002,81,1,0,1412,198,0,320,512,0
2026-07-25,DC005,SKU002,60,1,0,1331,59,0,320,512,0
2026-07-26,DC005,SKU002,70,0,0,1271,138,0,320,512,0
2026-07-27,DC005,SKU002,136,0,1,1201,14,0,320,512,0
2026-07-28,DC005,SKU002,88,0,0,1065,114,0,320,512,0
2026-07-29,DC005,SKU002,88,0,1,977,122,0,320,512,0
2026-07-30,DC005,SKU002,94,0,0,889,111,0,320,512,0
2026-07-31,DC005,SKU002,39,0,0,795,104,0,320,512,0
2026-08-01,DC005,SKU002,56,0,0,756,2,0,320,512,0
2026-08-02,DC005,SKU002,60,0,1,700,66,0,320,512,0
2026-08-03,DC005,SKU002,56,0,0,640,90,0,320,512,0
2026-08-04,DC005,SKU002,69,0,0,584,43,0,320,512,0
2026-08-05,DC005,SKU002,21,0,0,515,74,0,320,512,0
2026-08-06,DC005,SKU002,79,0,0,494,61,0,320,512,0
2026-08-07,DC005,SKU002,54,0,0,415,41,0,320,512,0
2026-08-08,DC005,SKU002,71,0,0,361,9,0,320,512,0
2026-08-09,DC005,SKU002,79,0,0,290,38,1292,320,512,0
2026-08-10,DC005,SKU002,97,0,0,1503,94,0,320,512,0
2026-08-11,DC005,SKU002,85,0,0,1406,187,0,320,512,0
2026-08-12,DC005,SKU002,43,0,0,1321,1,0,320,512,0
2026-08-13,DC005,SKU002,64,0,0,1278,183,0,320,512,0
2026-04-16,DC005,SKU003,64,0,0,1260,147,0,320,512,0
2026-04-17,DC005,SKU003,72,0,0,1196,17,0,320,512,0
2026-04-18,DC005,SKU003,87,0,0,1124,110,0,320,512,0
2026-04-19,DC005,SKU003,45,0,0,1037,154,0,320,512,0
2026-04-20,DC005,SKU003,97,0,0,992,86,0,320,512,0
2026-04-21,DC005,SKU003,80,0,1,895,113,0,320,512,0
2026-04-22,DC005,SKU003,82,0,1,815,30,0,320,512,0
2026-04-23,DC005,SKU003,57,0,0,733,72,0,320,512,0
2026-04-24,DC005,SKU003,68,0,0,676,31,0,320,512,0
2026-04-25,DC005,SKU003,63,0,0,608,40,0,320,512,0
2026-04-26,DC005,SKU003,81,0,0,545,42,0,320,512,0
2026-04-27,DC005,SKU003,73,0,0,464,52,1043,320,512,0
2026-04-28,DC005,SKU003,82,0,0,1434,203,0,320,512,0
2026-04-29,DC005,SKU003,74,0,0,1352,53,0,320,512,0
2026-04-30,DC005,SKU003,14,0,0,1278,136,0,320,512,0
2026-05-01,DC005,SKU003,91,0,0,1264,184,0,320,512,0
2026-05-02,DC005,SKU003,115,0,0,1173,142,0,320,512,0
2026-05-03,DC005,SKU003,33,0,0,1058,102,0,320,512,0
2026-05-04,DC005,SKU003,40,0,0,1025,106,0,320,512,0
2026-05-05,DC005,SKU003,98,0,0,985,2,0,320,512,0
2026-05-06,DC005,SKU003,69,0,0,887,103,0,320,512,0
2026-05-07,DC005,SKU003,103,0,0,818,120,0,320,512,0
2026-05-08,DC005,SKU003,67,0,0,715,58,0,320,512,0
2026-05-09,DC005,SKU003,53,0,0,648,23,0,320,512,0
2026-05-10,DC005,SKU003,98,0,0,595,69,0,320,512,0
2026-05-11,DC005,SKU003,42,0,0,497,27,0,320,512,0
2026-05-12,DC005,SKU003,56,0,0,455,11,0,320,512,0
2026-05-13,DC005,SKU003,64,0,0,399,39,0,320,512,0
2026-05-14,DC005,SKU003,73,0,0,335,7,0,320,512,0
2026-05-15,DC005,SKU003,80,0,0,262,34,0,320,512,1
2026-05-16,DC005,SKU003,81,0,0,182,19,1094,320,512,0
2026-05-17,DC005,SKU003,118,0,0,1195,56,0,320,512,0
2026-05-18,DC005,SKU003,60,0,0,1077,113,0,320,512,0
2026-05-19,DC005,SKU003,53,0,0,1017,13,0,320,512,0
2026-05-20,DC005,SKU003,61,0,0,964,66,0,320,512,0
2026-05-21,DC005,SKU003,57,0,0,903,134,0,320,512,0
2026-05-22,DC005,SKU003,81,0,0,846,126,0,320,512,0
2026-05-23,DC005,SKU003,79,0,0,765,100,0,320,512,0
2026-05-24,DC005,SKU003,68,0,0,686,6,0,320,512,0
2026-05-25,DC005,SKU003,44,0,0,618,53,0,320,512,0
2026-05-26,DC005,SKU003,58,0,0,574,21,0,320,512,0
2026-05-27,DC005,SKU003,74,0,0,516,21,0,320,512,0
2026-05-28,DC005,SKU003,94,0,0,442,26,1003,320,512,0
2026-05-29,DC005,SKU003,81,0,0,1351,158,0,320,512,0
2026-05-30,DC005,SKU003,64,0,0,1270,14,0,320,512,0
2026-05-31,DC005,SKU003,80,0,0,1206,53,0,320,512,0
2026-06-01,DC005,SKU003,48,0,0,1126,60,0,320,512,0
2026-06-02,DC005,SKU003,82,0,0,1078,104,0,320,512,0
2026-06-03,DC005,SKU003,92,0,0,996,88,0,320,512,0
2026-06-04,DC005,SKU003,84,0,0,904,0,0,320,512,0
2026-06-05,DC005,SKU003,80,0,0,820,9,0,320,512,0
2026-06-06,DC005,SKU003,87,0,0,740,91,0,320,512,0
2026-06-07,DC005,SKU003,77,0,0,653,80,0,320,512,0
2026-06-08,DC005,SKU003,53,0,1,576,51,0,320,512,0
2026-06-09,DC005,SKU003,102,0,0,523,49,864,320,512,0
2026-06-10,DC005,SKU003,92,0,0,1285,3,0,320,512,0
2026-06-11,DC005,SKU003,47,0,0,1193,107,0,320,512,0
2026-06-12,DC005,SKU003,84,0,0,1146,44,0,320,512,0
2026-06-13,DC005,SKU003,67,0,0,1062,100,0,320,512,0
2026-06-14,DC005,SKU003,103,0,1,995,11,0,320,512,0
2026-06-15,DC005,SKU003,72,1,0,892,30,0,320,512,0
2026-06-16,DC005,SKU003,117,1,0,820,20,0,320,512,0
2026-06-17,DC005,SKU003,42,1,0,703,61,0,320,512,0
2026-06-18,DC005,SKU003,69,1,0,661,38,0,320,512,0
2026-06-19,DC005,SKU003,93,1,0,592,57,0,320,512,0
2026-06-20,DC005,SKU003,114,1,0,499,58,0,320,512,0
2026-06-21,DC005,SKU003,102,1,0,385,47,890,320,512,0
2026-06-22,DC005,SKU003,105,1,0,1173,89,0,320,512,0
2026-06-23,DC005,SKU003,58,1,0,1068,42,0,320,512,0
2026-06-24,DC005,SKU003,77,1,0,1010,129,0,320,512,0
2026-06-25,DC005,SKU003,87,1,1,933,11,0,320,512,0
2026-06-26,DC005,SKU003,89,1,0,846,93,0,320,512,0
2026-06-27,DC005,SKU003,116,1,0,757,18,0,320,512,0
2026-06-28,DC005,SKU003,85,1,0,641,12,0,320,512,0
2026-06-29,DC005,SKU003,73,1,0,556,51,731,320,512,0
2026-06-30,DC005,SKU003,76,1,0,1214,0,0,320,512,0
2026-07-01,DC005,SKU003,53,1,0,1138,39,0,320,512,0
2026-07-02,DC005,SKU003,95,1,0,1085,81,0,320,512,0
2026-07-03,DC005,SKU003,49,1,0,990,144,0,320,512,0
2026-07-04,DC005,SKU003,81,1,0,941,18,0,320,512,0
2026-07-05,DC005,SKU003,61,1,0,860,120,0,320,512,0
2026-07-06,DC005,SKU003,71,1,0,799,23,0,320,512,0
2026-07-07,DC005,SKU003,69,1,0,728,64,0,320,512,0
2026-07-08,DC005,SKU003,104,1,0,659,64,0,320,512,0
2026-07-09,DC005,SKU003,108,1,0,555,1,0,320,512,0
2026-07-10,DC005,SKU003,79,1,0,447,3,0,320,512,0
2026-07-11,DC005,SKU003,98,1,0,368,1,0,320,512,0
2026-07-12,DC005,SKU003,112,1,0,270,26,1300,320,512,0
2026-07-13,DC005,SKU003,50,1,0,1458,104,0,320,512,0
2026-07-14,DC005,SKU003,61,1,0,1408,53,0,320,512,0
2026-07-15,DC005,SKU003,81,1,0,1347,102,0,320,512,0
2026-07-16,DC005,SKU003,101,1,0,1266,171,0,320,512,0
2026-07-17,DC005,SKU003,93,1,0,1165,32,0,320,512,0
2026-07-18,DC005,SKU003,100,1,0,1072,78,0,320,512,0
2026-07-19,DC005,SKU003,83,1,0,972,102,0,320,512,0
2026-07-20,DC005,SKU003,104,1,0,889,20,0,320,512,0
2026-07-21,DC005,SKU003,127,1,0,785,34,0,320,512,0
2026-07-22,DC005,SKU003,74,1,0,658,2,0,320,512,0
2026-07-23,DC005,SKU003,127,1,0,584,9,0,320,512,0
2026-07-24,DC005,SKU003,62,1,0,457,30,910,320,512,0
2026-07-25,DC005,SKU003,64,1,0,1305,104,0,320,512,0
2026-07-26,DC005,SKU003,56,0,0,1241,134,0,320,512,0
2026-07-27,DC005,SKU003,68,0,0,1185,137,0,320,512,0
2026-07-28,DC005,SKU003,61,0,0,1117,100,0,320,512,0
2026-07-29,DC005,SKU003,67,0,1,1056,118,0,320,512,0
2026-07-30,DC005,SKU003,79,0,1,989,27,0,320,512,0
2026-07-31,DC005,SKU003,23,0,0,910,63,0,320,512,0
2026-08-01,DC005,SKU003,51,0,0,887,49,0,320,512,0
2026-08-02,DC005,SKU003,50,0,0,836,76,0,320,512,0
2026-08-03,DC005,SKU003,43,0,0,786,85,0,320,512,0
2026-08-04,DC005,SKU003,65,0,0,743,54,0,320,512,0
2026-08-05,DC005,SKU003,96,0,0,678,22,0,320,512,0
2026-08-06,DC005,SKU003,63,0,0,582,38,0,320,512,0
2026-08-07,DC005,SKU003,71,0,0,519,75,0,320,512,0
2026-08-08,DC005,SKU003,56,0,0,448,16,0,320,512,0
2026-08-09,DC005,SKU003,70,0,0,392,15,0,320,512,0
2026-08-10,DC005,SKU003,78,0,0,322,36,1061,320,512,0
2026-08-11,DC005,SKU003,76,0,0,1305,60,0,320,512,0
2026-08-12,DC005,SKU003,56,0,0,1229,50,0,320,512,0
2026-08-13,DC005,SKU003,68,0,0,1173,156,0,320,512,0
2026-04-16,DC005,SKU004,32,0,0,540,52,0,176,282,0
2026-04-17,DC005,SKU004,49,0,0,508,42,0,176,282,0
2026-04-18,DC005,SKU004,33,0,0,459,27,0,176,282,0
2026-04-19,DC005,SKU004,31,0,0,426,58,0,176,282,0
2026-04-20,DC005,SKU004,27,0,0,395,9,0,176,282,0
2026-04-21,DC005,SKU004,37,0,0,368,42,0,176,282,0
2026-04-22,DC005,SKU004,47,0,0,331,29,0,176,282,0
2026-04-23,DC005,SKU004,24,0,0,284,28,0,176,282,0
2026-04-24,DC005,SKU004,26,0,0,260,8,0,176,282,0
2026-04-25,DC005,SKU004,34,0,0,234,23,0,176,282,0
2026-04-26,DC005,SKU004,23,0,0,200,13,0,176,282,0
2026-04-27,DC005,SKU004,30,0,0,177,16,0,176,282,1
2026-04-28,DC005,SKU004,30,0,0,147,13,339,176,282,0
2026-04-29,DC005,SKU004,36,0,0,456,27,0,176,282,0
2026-04-30,DC005,SKU004,36,0,0,420,61,0,176,282,0
2026-05-01,DC005,SKU004,30,0,0,384,22,0,176,282,0
2026-05-02,DC005,SKU004,22,0,0,354,43,0,176,282,0
2026-05-03,DC005,SKU004,24,0,0,332,38,0,176,282,0
2026-05-04,DC005,SKU004,40,0,0,308,21,0,176,282,0
2026-05-05,DC005,SKU004,14,0,0,268,8,0,176,282,0
2026-05-06,DC005,SKU004,32,0,0,254,10,547,176,282,0
2026-05-07,DC005,SKU004,30,0,0,769,66,0,176,282,0
2026-05-08,DC005,SKU004,22,0,1,739,101,0,176,282,0
2026-05-09,DC005,SKU004,32,0,0,717,96,0,176,282,0
2026-05-10,DC005,SKU004,33,0,0,685,20,0,176,282,0
2026-05-11,DC005,SKU004,29,0,0,652,37,0,176,282,0
2026-05-12,DC005,SKU004,28,0,0,623,65,0,176,282,0
2026-05-13,DC005,SKU004,23,0,0,595,5,0,176,282,0
2026-05-14,DC005,SKU004,28,0,0,572,52,0,176,282,0
2026-05-15,DC005,SKU004,30,0,0,544,9,0,176,282,0
2026-05-16,DC005,SKU004,28,0,0,514,1,0,176,282,0
2026-05-17,DC005,SKU004,31,0,0,486,57,0,176,282,0
2026-05-18,DC005,SKU004,33,0,0,455,22,0,176,282,0
2026-05-19,DC005,SKU004,36,0,0,422,61,0,176,282,0
2026-05-20,DC005,SKU004,45,0,0,386,7,0,176,282,0
2026-05-21,DC005,SKU004,35,0,1,341,0,0,176,282,0
2026-05-22,DC005,SKU004,27,0,0,306,6,0,176,282,0
2026-05-23,DC005,SKU004,29,0,0,279,16,0,176,282,0
2026-05-24,DC005,SKU004,19,0,0,250,0,0,176,282,0
2026-05-25,DC005,SKU004,29,0,0,231,33,481,176,282,0
2026-05-26,DC005,SKU004,28,0,0,683,79,0,176,282,0
2026-05-27,DC005,SKU004,27,0,1,655,67,0,176,282,0
2026-05-28,DC005,SKU004,25,0,0,628,85,0,176,282,0
2026-05-29,DC005,SKU004,26,0,0,603,3,0,176,282,0
2026-05-30,DC005,SKU004,23,0,0,577,10,0,176,282,0
2026-05-31,DC005,SKU004,18,0,0,554,49,0,176,282,0
2026-06-01,DC005,SKU004,32,0,0,536,62,0,176,282,0
2026-06-02,DC005,SKU004,22,0,0,504,1,0,176,282,0
2026-06-03,DC005,SKU004,28,0,0,482,29,0,176,282,0
2026-06-04,DC005,SKU004,27,0,0,454,5,0,176,282,0
2026-06-05,DC005,SKU004,38,0,0,427,32,0,176,282,0
2026-06-06,DC005,SKU004,32,0,1,389,55,0,176,282,0
2026-06-07,DC005,SKU004,36,0,0,357,4,0,176,282,0
2026-06-08,DC005,SKU004,31,0,0,321,39,0,176,282,0
2026-06-09,DC005,SKU004,23,0,0,290,30,0,176,282,0
2026-06-10,DC005,SKU004,36,0,0,267,34,332,176,282,0
2026-06-11,DC005,SKU004,29,0,0,563,81,0,176,282,0
2026-06-12,DC005,SKU004,34,0,0,534,72,0,176,282,0
2026-06-13,DC005,SKU004,31,0,0,500,23,0,176,282,0
2026-06-14,DC005,SKU004,33,0,0,469,34,0,176,282,0
2026-06-15,DC005,SKU004,27,1,0,436,45,0,176,282,0
2026-06-16,DC005,SKU004,35,1,0,409,30,0,176,282,0
2026-06-17,DC005,SKU004,30,1,0,374,51,0,176,282,0
2026-06-18,DC005,SKU004,24,1,0,344,11,0,176,282,0
2026-06-19,DC005,SKU004,39,1,0,320,26,0,176,282,0
2026-06-20,DC005,SKU004,29,1,0,281,20,0,176,282,0
2026-06-21,DC005,SKU004,23,1,0,252,7,0,176,282,0
2026-06-22,DC005,SKU004,38,1,0,229,9,0,176,282,0
2026-06-23,DC005,SKU004,25,1,0,191,21,0,176,282,1
2026-06-24,DC005,SKU004,40,1,1,166,1,0,176,282,1
2026-06-25,DC005,SKU004,31,1,0,126,17,0,176,282,1
2026-06-26,DC005,SKU004,41,1,0,95,4,0,176,282,1
2026-06-27,DC005,SKU004,27,1,0,54,1,416,176,282,0
2026-06-28,DC005,SKU004,29,1,0,443,25,0,176,282,0
2026-06-29,DC005,SKU004,30,1,0,414,14,0,176,282,0
2026-06-30,DC005,SKU004,44,1,0,384,3,0,176,282,0
2026-07-01,DC005,SKU004,23,1,0,340,12,0,176,282,0
2026-07-02,DC005,SKU004,43,1,0,317,41,0,176,282,0
2026-07-03,DC005,SKU004,23,1,0,274,0,0,176,282,0
2026-07-04,DC005,SKU004,19,1,0,251,15,0,176,282,0
2026-07-05,DC005,SKU004,21,1,0,232,17,0,176,282,0
2026-07-06,DC005,SKU004,31,1,0,211,8,400,176,282,0
2026-07-07,DC005,SKU004,30,1,0,580,45,0,176,282,0
2026-07-08,DC005,SKU004,26,1,0,550,2,0,176,282,0
2026-07-09,DC005,SKU004,14,1,0,524,75,0,176,282,0
2026-07-10,DC005,SKU004,32,1,0,510,41,0,176,282,0
2026-07-11,DC005,SKU004,47,1,0,478,6,0,176,282,0
2026-07-12,DC005,SKU004,38,1,0,431,41,0,176,282,0
2026-07-13,DC005,SKU004,28,1,0,393,38,0,176,282,0
2026-07-14,DC005,SKU004,26,1,0,365,37,0,176,282,0
2026-07-15,DC005,SKU004,43,1,1,339,39,0,176,282,0
2026-07-16,DC005,SKU004,27,1,0,296,38,0,176,282,0
2026-07-17,DC005,SKU004,19,1,0,269,36,0,176,282,0
2026-07-18,DC005,SKU004,49,1,1,250,7,395,176,282,0
2026-07-19,DC005,SKU004,23,1,0,596,70,0,176,282,0
2026-07-20,DC005,SKU004,33,1,0,573,44,0,176,282,0
2026-07-21,DC005,SKU004,27,1,0,540,7,0,176,282,0
2026-07-22,DC005,SKU004,35,1,0,513,55,0,176,282,0
2026-07-23,DC005,SKU004,29,1,0,478,47,0,176,282,0
2026-07-24,DC005,SKU004,29,1,0,449,24,0,176,282,0
2026-07-25,DC005,SKU004,25,1,0,420,12,0,176,282,0
2026-07-26,DC005,SKU004,40,0,0,395,48,0,176,282,0
2026-07-27,DC005,SKU004,29,0,0,355,33,0,176,282,0
2026-07-28,DC005,SKU004,28,0,0,326,26,0,176,282,0
2026-07-29,DC005,SKU004,30,0,0,298,27,0,176,282,0
2026-07-30,DC005,SKU004,39,0,0,268,9,0,176,282,0
2026-07-31,DC005,SKU004,27,0,0,229,11,0,176,282,0
2026-08-01,DC005,SKU004,38,0,0,202,29,567,176,282,0
2026-08-02,DC005,SKU004,29,0,0,731,55,0,176,282,0
2026-08-03,DC005,SKU004,29,0,0,702,56,0,176,282,0
2026-08-04,DC005,SKU004,20,0,0,673,34,0,176,282,0
2026-08-05,DC005,SKU004,21,0,0,653,4,0,176,282,0
2026-08-06,DC005,SKU004,33,0,0,632,9,0,176,282,0
2026-08-07,DC005,SKU004,28,0,0,599,36,0,176,282,0
2026-08-08,DC005,SKU004,34,0,0,571,11,0,176,282,0
2026-08-09,DC005,SKU004,22,0,0,537,47,0,176,282,0
2026-08-10,DC005,SKU004,17,0,0,515,16,0,176,282,0
2026-08-11,DC005,SKU004,24,0,0,498,71,0,176,282,0
2026-08-12,DC005,SKU004,28,0,0,474,26,0,176,282,0
2026-08-13,DC005,SKU004,33,0,0,446,48,0,176,282,0
2026-04-16,DC005,SKU005,56,0,0,630,2,0,176,282,0
2026-04-17,DC005,SKU005,15,0,0,574,29,0,176,282,0
2026-04-18,DC005,SKU005,50,0,0,559,60,0,176,282,0
2026-04-19,DC005,SKU005,39,0,0,509,58,0,176,282,0
2026-04-20,DC005,SKU005,36,0,1,470,51,0,176,282,0
2026-04-21,DC005,SKU005,37,0,0,434,28,0,176,282,0
2026-04-22,DC005,SKU005,44,0,0,397,22,0,176,282,0
2026-04-23,DC005,SKU005,38,0,0,353,27,0,176,282,0
2026-04-24,DC005,SKU005,43,0,0,315,24,0,176,282,0
2026-04-25,DC005,SKU005,39,0,1,272,9,0,176,282,0
2026-04-26,DC005,SKU005,38,0,0,233,0,0,176,282,0
2026-04-27,DC005,SKU005,17,0,0,195,5,0,176,282,0
2026-04-28,DC005,SKU005,43,0,0,178,19,0,176,282,1
2026-04-29,DC005,SKU005,39,0,0,135,20,456,176,282,0
2026-04-30,DC005,SKU005,37,0,0,552,6,0,176,282,0
2026-05-01,DC005,SKU005,50,0,0,515,74,0,176,282,0
2026-05-02,DC005,SKU005,41,0,0,465,63,0,176,282,0
2026-05-03,DC005,SKU005,26,0,0,424,35,0,176,282,0
2026-05-04,DC005,SKU005,39,0,0,398,42,0,176,282,0
2026-05-05,DC005,SKU005,20,0,0,359,24,0,176,282,0
2026-05-06,DC005,SKU005,26,0,0,339,9,0,176,282,0
2026-05-07,DC005,SKU005,29,0,0,313,1,0,176,282,0
2026-05-08,DC005,SKU005,46,0,0,284,3,0,176,282,0
2026-05-09,DC005,SKU005,46,0,0,238,11,0,176,282,0
2026-05-10,DC005,SKU005,33,0,0,192,15,0,176,282,0
2026-05-11,DC005,SKU005,46,0,1,159,5,0,176,282,1
2026-05-12,DC005,SKU005,22,0,0,113,12,0,176,282,1
2026-05-13,DC005,SKU005,22,0,0,91,3,0,176,282,1
2026-05-14,DC005,SKU005,59,0,1,69,5,504,176,282,0
2026-05-15,DC005,SKU005,33,0,0,514,4,0,176,282,0
2026-05-16,DC005,SKU005,29,0,1,481,67,0,176,282,0
2026-05-17,DC005,SKU005,30,0,0,452,19,0,176,282,0
2026-05-18,DC005,SKU005,26,0,0,422,15,0,176,282,0
2026-05-19,DC005,SKU005,32,0,0,396,3,0,176,282,0
2026-05-20,DC005,SKU005,29,0,0,364,37,0,176,282,0
2026-05-21,DC005,SKU005,29,0,0,335,35,0,176,282,0
2026-05-22,DC005,SKU005,32,0,0,306,17,0,176,282,0
2026-05-23,DC005,SKU005,24,0,0,274,8,528,176,282,0
2026-05-24,DC005,SKU005,30,0,0,778,82,0,176,282,0
2026-05-25,DC005,SKU005,33,0,0,748,27,0,176,282,0
2026-05-26,DC005,SKU005,42,0,0,715,63,0,176,282,0
2026-05-27,DC005,SKU005,40,0,0,673,31,0,176,282,0
2026-05-28,DC005,SKU005,36,0,0,633,2,0,176,282,0
2026-05-29,DC005,SKU005,40,0,0,597,40,0,176,282,0
2026-05-30,DC005,SKU005,31,0,0,557,60,0,176,282,0
2026-05-31,DC005,SKU005,38,0,0,526,14,0,176,282,0
2026-06-01,DC005,SKU005,30,0,0,488,47,0,176,282,0
2026-06-02,DC005,SKU005,35,0,0,458,9,0,176,282,0
2026-06-03,DC005,SKU005,25,0,0,423,54,0,176,282,0
2026-06-04,DC005,SKU005,44,0,1,398,6,0,176,282,0
2026-06-05,DC005,SKU005,55,0,0,354,21,0,176,282,0
2026-06-06,DC005,SKU005,39,0,0,299,36,448,176,282,0
2026-06-07,DC005,SKU005,35,0,1,708,87,0,176,282,0
2026-06-08,DC005,SKU005,27,0,0,673,78,0,176,282,0
2026-06-09,DC005,SKU005,39,0,0,646,43,0,176,282,0
2026-06-10,DC005,SKU005,17,0,0,607,82,0,176,282,0
2026-06-11,DC005,SKU005,35,0,0,590,7,0,176,282,0
2026-06-12,DC005,SKU005,35,0,0,555,12,0,176,282,0
2026-06-13,DC005,SKU005,35,0,0,520,8,0,176,282,0
2026-06-14,DC005,SKU005,44,0,0,485,59,0,176,282,0
2026-06-15,DC005,SKU005,46,1,0,441,54,0,176,282,0
2026-06-16,DC005,SKU005,46,1,0,395,38,0,176,282,0
2026-06-17,DC005,SKU005,33,1,0,349,40,0,176,282,0
2026-06-18,DC005,SKU005,39,1,0,316,17,0,176,282,0
2026-06-19,DC005,SKU005,50,1,0,277,18,0,176,282,0
2026-06-20,DC005,SKU005,74,1,0,227,13,637,176,282,0
2026-06-21,DC005,SKU005,50,1,0,790,50,0,176,282,0
2026-06-22,DC005,SKU005,38,1,0,740,101,0,176,282,0
2026-06-23,DC005,SKU005,65,1,0,702,52,0,176,282,0
2026-06-24,DC005,SKU005,51,1,0,637,85,0,176,282,0
2026-06-25,DC005,SKU005,50,1,0,586,72,0,176,282,0
2026-06-26,DC005,SKU005,39,1,0,536,51,0,176,282,0
2026-06-27,DC005,SKU005,40,1,0,497,56,0,176,282,0
2026-06-28,DC005,SKU005,50,1,0,457,16,0,176,282,0
2026-06-29,DC005,SKU005,33,1,0,407,10,0,176,282,0
2026-06-30,DC005,SKU005,33,1,0,374,1,0,176,282,0
2026-07-01,DC005,SKU005,53,1,0,341,41,0,176,282,0
2026-07-02,DC005,SKU005,51,1,0,288,31,0,176,282,0
2026-07-03,DC005,SKU005,69,1,1,237,28,0,176,282,0
2026-07-04,DC005,SKU005,62,1,0,168,21,0,176,282,1
2026-07-05,DC005,SKU005,38,1,0,106,1,382,176,282,0
2026-07-06,DC005,SKU005,58,1,0,450,31,0,176,282,0
2026-07-07,DC005,SKU005,51,1,0,392,1,0,176,282,0
2026-07-08,DC005,SKU005,54,1,0,341,34,0,176,282,0
2026-07-09,DC005,SKU005,62,1,0,287,6,0,176,282,0
2026-07-10,DC005,SKU005,41,1,1,225,5,0,176,282,0
2026-07-11,DC005,SKU005,42,1,0,184,18,0,176,282,1
2026-07-12,DC005,SKU005,72,1,0,142,18,0,176,282,1
2026-07-13,DC005,SKU005,35,1,0,70,1,0,176,282,1
2026-07-14,DC005,SKU005,49,1,0,35,3,0,176,282,1
2026-07-15,DC005,SKU005,42,1,1,0,0,0,176,282,1
2026-07-16,DC005,SKU005,26,1,0,0,0,531,176,282,0
2026-07-17,DC005,SKU005,32,1,0,505,42,0,176,282,0
2026-07-18,DC005,SKU005,47,1,0,473,45,0,176,282,0
2026-07-19,DC005,SKU005,38,1,0,426,18,0,176,282,0
2026-07-20,DC005,SKU005,65,1,1,388,16,0,176,282,0
2026-07-21,DC005,SKU005,68,1,0,323,36,0,176,282,0
2026-07-22,DC005,SKU005,53,1,1,255,13,0,176,282,0
2026-07-23,DC005,SKU005,30,1,0,202,19,0,176,282,0
2026-07-24,DC005,SKU005,35,1,0,172,19,663,176,282,0
2026-07-25,DC005,SKU005,46,1,0,800,37,0,176,282,0
2026-07-26,DC005,SKU005,34,0,0,754,111,0,176,282,0
2026-07-27,DC005,SKU005,45,0,0,720,67,0,176,282,0
2026-07-28,DC005,SKU005,18,0,0,675,74,0,176,282,0
2026-07-29,DC005,SKU005,45,0,0,657,13,0,176,282,0
2026-07-30,DC005,SKU005,42,0,0,612,63,0,176,282,0
2026-07-31,DC005,SKU005,37,0,0,570,18,0,176,282,0
2026-08-01,DC005,SKU005,34,0,0,533,30,0,176,282,0
2026-08-02,DC005,SKU005,32,0,0,499,14,0,176,282,0
2026-08-03,DC005,SKU005,19,0,0,467,60,0,176,282,0
2026-08-04,DC005,SKU005,35,0,0,448,17,0,176,282,0
2026-08-05,DC005,SKU005,34,0,0,413,37,0,176,282,0
2026-08-06,DC005,SKU005,30,0,0,379,51,0,176,282,0
2026-08-07,DC005,SKU005,34,0,0,349,14,0,176,282,0
2026-08-08,DC005,SKU005,34,0,0,315,24,0,176,282,0
2026-08-09,DC005,SKU005,34,0,0,281,8,0,176,282,0
2026-08-10,DC005,SKU005,20,0,0,247,15,571,176,282,0
2026-08-11,DC005,SKU005,39,0,0,798,1,0,176,282,0
2026-08-12,DC005,SKU005,27,0,1,759,66,0,176,282,0
2026-08-13,DC005,SKU005,33,0,0,732,71,0,176,282,0
2026-04-16,DC005,SKU006,93,0,0,1170,132,0,320,512,0
2026-04-17,DC005,SKU006,67,0,0,1077,34,0,320,512,0
2026-04-18,DC005,SKU006,60,0,0,1010,47,0,320,512,0
2026-04-19,DC005,SKU006,80,0,0,950,89,0,320,512,0
2026-04-20,DC005,SKU006,52,0,0,870,23,0,320,512,0
2026-04-21,DC005,SKU006,84,0,0,818,69,0,320,512,0
2026-04-22,DC005,SKU006,91,0,0,734,34,0,320,512,0
2026-04-23,DC005,SKU006,61,0,0,643,20,0,320,512,0
2026-04-24,DC005,SKU006,57,0,0,582,70,0,320,512,0
2026-04-25,DC005,SKU006,74,0,0,525,2,0,320,512,0
2026-04-26,DC005,SKU006,48,0,0,451,44,0,320,512,0
2026-04-27,DC005,SKU006,82,0,0,403,28,0,320,512,0
2026-04-28,DC005,SKU006,45,0,0,321,17,0,320,512,1
2026-04-29,DC005,SKU006,54,0,0,276,38,0,320,512,1
2026-04-30,DC005,SKU006,96,0,0,222,30,0,320,512,1
2026-05-01,DC005,SKU006,59,0,0,126,17,0,320,512,1
2026-05-02,DC005,SKU006,49,0,0,67,3,0,320,512,1
2026-05-03,DC005,SKU006,42,0,0,18,2,0,320,512,1
2026-05-04,DC005,SKU006,57,0,1,0,0,0,320,512,1
2026-05-05,DC005,SKU006,95,0,0,0,0,0,320,512,1
2026-05-06,DC005,SKU006,96,0,0,0,0,0,320,512,1
2026-05-07,DC005,SKU006,62,0,1,0,0,0,320,512,1
2026-05-08,DC005,SKU006,75,0,0,0,0,0,320,512,1
2026-05-09,DC005,SKU006,50,0,0,0,0,0,320,512,1
2026-05-10,DC005,SKU006,46,0,0,0,0,0,320,512,1
2026-05-11,DC005,SKU006,88,0,0,0,0,1111,320,512,0
2026-05-12,DC005,SKU006,67,0,0,1023,34,0,320,512,0
2026-05-13,DC005,SKU006,44,0,0,956,6,0,320,512,0
2026-05-14,DC005,SKU006,114,0,0,912,99,0,320,512,0
2026-05-15,DC005,SKU006,76,0,0,798,100,0,320,512,0
2026-05-16,DC005,SKU006,96,0,0,722,56,0,320,512,0
2026-05-17,DC005,SKU006,77,0,1,626,30,0,320,512,0
2026-05-18,DC005,SKU006,37,0,0,549,53,1160,320,512,0
2026-05-19,DC005,SKU006,82,0,0,1672,224,0,320,512,0
2026-05-20,DC005,SKU006,55,0,0,1590,49,0,320,512,0
2026-05-21,DC005,SKU006,68,0,0,1535,28,0,320,512,0
2026-05-22,DC005,SKU006,31,0,0,1467,48,0,320,512,0
2026-05-23,DC005,SKU006,71,0,0,1436,80,0,320,512,0
2026-05-24,DC005,SKU006,20,0,0,1365,150,0,320,512,0
2026-05-25,DC005,SKU006,78,0,0,1345,125,0,320,512,0
2026-05-26,DC005,SKU006,37,0,0,1267,5,0,320,512,0
2026-05-27,DC005,SKU006,55,0,0,1230,60,0,320,512,0
2026-05-28,DC005,SKU006,66,0,0,1175,69,0,320,512,0
2026-05-29,DC005,SKU006,77,0,0,1109,155,0,320,512,0
2026-05-30,DC005,SKU006,48,0,0,1032,130,0,320,512,0
2026-05-31,DC005,SKU006,100,0,0,984,41,0,320,512,0
2026-06-01,DC005,SKU006,62,0,0,884,107,0,320,512,0
2026-06-02,DC005,SKU006,64,0,0,822,62,0,320,512,0
2026-06-03,DC005,SKU006,59,0,0,758,113,0,320,512,0
2026-06-04,DC005,SKU006,23,0,0,699,19,0,320,512,0
2026-06-05,DC005,SKU006,57,0,0,676,5,0,320,512,0
2026-06-06,DC005,SKU006,72,0,1,619,40,0,320,512,0
2026-06-07,DC005,SKU006,75,0,0,547,10,0,320,512,0
2026-06-08,DC005,SKU006,53,0,0,472,41,1275,320,512,0
2026-06-09,DC005,SKU006,30,0,0,1694,185,0,320,512,0
2026-06-10,DC005,SKU006,57,0,0,1664,33,0,320,512,0
2026-06-11,DC005,SKU006,47,0,0,1607,33,0,320,512,0
2026-06-12,DC005,SKU006,80,0,0,1560,187,0,320,512,0
2026-06-13,DC005,SKU006,80,0,0,1480,32,0,320,512,0
2026-06-14,DC005,SKU006,54,0,0,1400,200,0,320,512,0
2026-06-15,DC005,SKU006,84,1,0,1346,28,0,320,512,0
2026-06-16,DC005,SKU006,77,1,0,1262,186,0,320,512,0
2026-06-17,DC005,SKU006,113,1,0,1185,41,0,320,512,0
2026-06-18,DC005,SKU006,101,1,0,1072,1,0,320,512,0
2026-06-19,DC005,SKU006,81,1,0,971,59,0,320,512,0
2026-06-20,DC005,SKU006,79,1,0,890,81,0,320,512,0
2026-06-21,DC005,SKU006,66,1,0,811,58,0,320,512,0
2026-06-22,DC005,SKU006,94,1,0,745,9,0,320,512,0
2026-06-23,DC005,SKU006,98,1,0,651,56,0,320,512,0
2026-06-24,DC005,SKU006,39,1,0,553,70,0,320,512,0
2026-06-25,DC005,SKU006,109,1,0,514,20,750,320,512,0
2026-06-26,DC005,SKU006,73,1,0,1155,55,0,320,512,0
2026-06-27,DC005,SKU006,79,1,0,1082,6,0,320,512,0
2026-06-28,DC005,SKU006,69,1,0,1003,32,0,320,512,0
2026-06-29,DC005,SKU006,83,1,0,934,83,0,320,512,0
2026-06-30,DC005,SKU006,68,1,1,851,50,0,320,512,0
2026-07-01,DC005,SKU006,104,1,0,783,69,0,320,512,0
2026-07-02,DC005,SKU006,51,1,0,679,16,0,320,512,0
2026-07-03,DC005,SKU006,94,1,0,628,43,0,320,512,0
2026-07-04,DC005,SKU006,50,1,0,534,62,1283,320,512,0
2026-07-05,DC005,SKU006,72,1,0,1767,229,0,320,512,0
2026-07-06,DC005,SKU006,140,1,1,1695,95,0,320,512,0
2026-07-07,DC005,SKU006,101,1,0,1555,124,0,320,512,0
2026-07-08,DC005,SKU006,57,1,0,1454,36,0,320,512,0
2026-07-09,DC005,SKU006,60,1,0,1397,45,0,320,512,0
2026-07-10,DC005,SKU006,85,1,0,1337,102,0,320,512,0
2026-07-11,DC005,SKU006,55,1,0,1252,61,0,320,512,0
2026-07-12,DC005,SKU006,96,1,1,1197,159,0,320,512,0
2026-07-13,DC005,SKU006,69,1,0,1101,78,0,320,512,0
2026-07-14,DC005,SKU006,122,1,0,1032,107,0,320,512,0
2026-07-15,DC005,SKU006,62,1,0,910,93,0,320,512,0
2026-07-16,DC005,SKU006,67,1,0,848,81,0,320,512,0
2026-07-17,DC005,SKU006,96,1,0,781,13,0,320,512,0
2026-07-18,DC005,SKU006,152,1,0,685,45,0,320,512,0
2026-07-19,DC005,SKU006,85,1,0,533,7,0,320,512,0
2026-07-20,DC005,SKU006,29,1,0,448,44,1184,320,512,0
2026-07-21,DC005,SKU006,47,1,0,1603,176,0,320,512,0
2026-07-22,DC005,SKU006,107,1,0,1556,128,0,320,512,0
2026-07-23,DC005,SKU006,71,1,0,1449,31,0,320,512,0
2026-07-24,DC005,SKU006,51,1,0,1378,141,0,320,512,0
2026-07-25,DC005,SKU006,58,1,0,1327,165,0,320,512,0
2026-07-26,DC005,SKU006,50,0,0,1269,78,0,320,512,0
2026-07-27,DC005,SKU006,101,0,1,1219,3,0,320,512,0
2026-07-28,DC005,SKU006,78,0,0,1118,98,0,320,512,0
2026-07-29,DC005,SKU006,56,0,0,1040,105,0,320,512,0
2026-07-30,DC005,SKU006,95,0,0,984,36,0,320,512,0
2026-07-31,DC005,SKU006,53,0,0,889,131,0,320,512,0
2026-08-01,DC005,SKU006,61,0,0,836,118,0,320,512,0
2026-08-02,DC005,SKU006,47,0,0,775,97,0,320,512,0
2026-08-03,DC005,SKU006,57,0,0,728,54,0,320,512,0
2026-08-04,DC005,SKU006,69,0,0,671,50,0,320,512,0
2026-08-05,DC005,SKU006,45,0,0,602,27,0,320,512,0
2026-08-06,DC005,SKU006,66,0,0,557,35,0,320,512,0
2026-08-07,DC005,SKU006,59,0,0,491,47,0,320,512,0
2026-08-08,DC005,SKU006,73,0,0,432,42,0,320,512,0
2026-08-09,DC005,SKU006,61,0,0,359,44,811,320,512,0
2026-08-10,DC005,SKU006,97,0,0,1109,158,0,320,512,0
2026-08-11,DC005,SKU006,89,0,0,1012,0,0,320,512,0
2026-08-12,DC005,SKU006,0,0,0,923,8,0,320,512,0
2026-08-13,DC005,SKU006,87,0,0,923,39,0,320,512,0
2026-04-16,DC005,SKU007,47,0,0,1044,55,0,320,512,0
2026-04-17,DC005,SKU007,41,0,0,997,146,0,320,512,0
2026-04-18,DC005,SKU007,62,0,0,956,142,0,320,512,0
2026-04-19,DC005,SKU007,58,0,0,894,59,0,320,512,0
2026-04-20,DC005,SKU007,38,0,0,836,86,0,320,512,0
2026-04-21,DC005,SKU007,65,0,0,798,40,0,320,512,0
2026-04-22,DC005,SKU007,52,0,0,733,9,0,320,512,0
2026-04-23,DC005,SKU007,68,0,0,681,56,0,320,512,0
2026-04-24,DC005,SKU007,86,0,0,613,27,0,320,512,0
2026-04-25,DC005,SKU007,30,0,0,527,33,0,320,512,0
2026-04-26,DC005,SKU007,64,0,0,497,8,0,320,512,0
2026-04-27,DC005,SKU007,64,0,0,433,17,0,320,512,0
2026-04-28,DC005,SKU007,51,0,0,369,32,0,320,512,0
2026-04-29,DC005,SKU007,46,0,0,318,16,0,320,512,1
2026-04-30,DC005,SKU007,45,0,0,272,23,0,320,512,1
2026-05-01,DC005,SKU007,75,0,0,227,5,0,320,512,1
2026-05-02,DC005,SKU007,60,0,0,152,22,846,320,512,0
2026-05-03,DC005,SKU007,72,0,0,938,84,0,320,512,0
2026-05-04,DC005,SKU007,64,0,0,866,83,0,320,512,0
2026-05-05,DC005,SKU007,72,0,0,802,46,0,320,512,0
2026-05-06,DC005,SKU007,57,0,0,730,79,0,320,512,0
2026-05-07,DC005,SKU007,70,0,0,673,16,0,320,512,0
2026-05-08,DC005,SKU007,55,0,0,603,78,0,320,512,0
2026-05-09,DC005,SKU007,37,0,0,548,2,0,320,512,0
2026-05-10,DC005,SKU007,44,0,0,511,31,582,320,512,0
2026-05-11,DC005,SKU007,31,0,0,1049,34,0,320,512,0
2026-05-12,DC005,SKU007,58,0,0,1018,111,0,320,512,0
2026-05-13,DC005,SKU007,43,0,0,960,109,0,320,512,0
2026-05-14,DC005,SKU007,55,0,0,917,89,0,320,512,0
2026-05-15,DC005,SKU007,38,0,0,862,9,0,320,512,0
2026-05-16,DC005,SKU007,87,0,1,824,50,0,320,512,0
2026-05-17,DC005,SKU007,46,0,0,737,51,0,320,512,0
2026-05-18,DC005,SKU007,70,0,0,691,29,0,320,512,0
2026-05-19,DC005,SKU007,56,0,0,621,10,0,320,512,0
2026-05-20,DC005,SKU007,45,0,0,565,49,0,320,512,0
2026-05-21,DC005,SKU007,69,0,0,520,8,0,320,512,0
2026-05-22,DC005,SKU007,46,0,0,451,62,649,320,512,0
2026-05-23,DC005,SKU007,63,0,0,1054,26,0,320,512,0
2026-05-24,DC005,SKU007,57,0,0,991,57,0,320,512,0
2026-05-25,DC005,SKU007,79,0,0,934,51,0,320,512,0
2026-05-26,DC005,SKU007,44,0,0,855,63,0,320,512,0
2026-05-27,DC005,SKU007,45,0,0,811,62,0,320,512,0
2026-05-28,DC005,SKU007,68,0,0,766,23,0,320,512,0
2026-05-29,DC005,SKU007,72,0,0,698,56,0,320,512,0
2026-05-30,DC005,SKU007,58,0,0,626,30,0,320,512,0
2026-05-31,DC005,SKU007,45,0,0,568,26,0,320,512,0
2026-06-01,DC005,SKU007,100,0,0,523,54,0,320,512,0
2026-06-02,DC005,SKU007,64,0,0,423,23,0,320,512,0
2026-06-03,DC005,SKU007,51,0,0,359,9,0,320,512,0
2026-06-04,DC005,SKU007,55,0,0,308,35,0,320,512,1
2026-06-05,DC005,SKU007,38,0,0,253,5,0,320,512,1
2026-06-06,DC005,SKU007,61,0,0,215,17,0,320,512,1
2026-06-07,DC005,SKU007,45,0,0,154,15,0,320,512,1
2026-06-08,DC005,SKU007,67,0,0,109,13,0,320,512,1
2026-06-09,DC005,SKU007,53,0,0,42,4,0,320,512,1
2026-06-10,DC005,SKU007,44,0,0,0,0,1045,320,512,0
2026-06-11,DC005,SKU007,64,0,0,1001,55,0,320,512,0
2026-06-12,DC005,SKU007,90,0,1,937,32,0,320,512,0
2026-06-13,DC005,SKU007,62,0,0,847,59,0,320,512,0
2026-06-14,DC005,SKU007,77,0,0,785,54,0,320,512,0
2026-06-15,DC005,SKU007,71,1,0,708,74,0,320,512,0
2026-06-16,DC005,SKU007,50,1,0,637,79,0,320,512,0
2026-06-17,DC005,SKU007,69,1,0,587,71,0,320,512,0
2026-06-18,DC005,SKU007,64,1,0,518,10,780,320,512,0
2026-06-19,DC005,SKU007,64,1,0,1234,5,0,320,512,0
2026-06-20,DC005,SKU007,80,1,0,1170,141,0,320,512,0
2026-06-21,DC005,SKU007,54,1,0,1090,12,0,320,512,0
2026-06-22,DC005,SKU007,63,1,0,1036,130,0,320,512,0
2026-06-23,DC005,SKU007,60,1,0,973,70,0,320,512,0
2026-06-24,DC005,SKU007,79,1,0,913,57,0,320,512,0
2026-06-25,DC005,SKU007,62,1,0,834,87,0,320,512,0
2026-06-26,DC005,SKU007,46,1,0,772,25,0,320,512,0
2026-06-27,DC005,SKU007,28,1,0,726,11,0,320,512,0
2026-06-28,DC005,SKU007,40,1,0,698,87,0,320,512,0
2026-06-29,DC005,SKU007,75,1,0,658,7,0,320,512,0
2026-06-30,DC005,SKU007,51,1,0,583,75,0,320,512,0
2026-07-01,DC005,SKU007,50,1,0,532,67,0,320,512,0
2026-07-02,DC005,SKU007,81,1,0,482,5,0,320,512,0
2026-07-03,DC005,SKU007,81,1,0,401,55,0,320,512,0
2026-07-04,DC005,SKU007,71,1,0,320,39,940,320,512,0
2026-07-05,DC005,SKU007,58,1,0,1189,55,0,320,512,0
2026-07-06,DC005,SKU007,79,1,0,1131,164,0,320,512,0
2026-07-07,DC005,SKU007,45,1,0,1052,34,0,320,512,0
2026-07-08,DC005,SKU007,60,1,0,1007,45,0,320,512,0
2026-07-09,DC005,SKU007,113,1,0,947,5,0,320,512,0
2026-07-10,DC005,SKU007,60,1,0,834,21,0,320,512,0
2026-07-11,DC005,SKU007,36,1,0,774,74,0,320,512,0
2026-07-12,DC005,SKU007,31,1,0,738,17,0,320,512,0
2026-07-13,DC005,SKU007,53,1,0,707,17,0,320,512,0
2026-07-14,DC005,SKU007,79,1,0,654,20,0,320,512,0
2026-07-15,DC005,SKU007,69,1,0,575,6,0,320,512,0
2026-07-16,DC005,SKU007,24,1,0,506,75,0,320,512,0
2026-07-17,DC005,SKU007,61,1,0,482,12,0,320,512,0
2026-07-18,DC005,SKU007,36,1,0,421,47,0,320,512,0
2026-07-19,DC005,SKU007,45,1,0,385,38,989,320,512,0
2026-07-20,DC005,SKU007,77,1,0,1329,8,0,320,512,0
2026-07-21,DC005,SKU007,55,1,0,1252,54,0,320,512,0
2026-07-22,DC005,SKU007,42,1,0,1197,85,0,320,512,0
2026-07-23,DC005,SKU007,44,1,0,1155,61,0,320,512,0
2026-07-24,DC005,SKU007,78,1,0,1111,129,0,320,512,0
2026-07-25,DC005,SKU007,62,1,1,1033,54,0,320,512,0
2026-07-26,DC005,SKU007,50,0,0,971,97,0,320,512,0
2026-07-27,DC005,SKU007,62,0,0,921,50,0,320,512,0
2026-07-28,DC005,SKU007,37,0,0,859,79,0,320,512,0
2026-07-29,DC005,SKU007,37,0,0,822,20,0,320,512,0
2026-07-30,DC005,SKU007,82,0,0,785,65,0,320,512,0
2026-07-31,DC005,SKU007,66,0,0,703,25,0,320,512,0
2026-08-01,DC005,SKU007,39,0,0,637,46,0,320,512,0
2026-08-02,DC005,SKU007,48,0,0,598,81,0,320,512,0
2026-08-03,DC005,SKU007,67,0,0,550,27,0,320,512,0
2026-08-04,DC005,SKU007,43,0,0,483,40,1110,320,512,0
2026-08-05,DC005,SKU007,39,0,0,1550,64,0,320,512,0
2026-08-06,DC005,SKU007,68,0,0,1511,139,0,320,512,0
2026-08-07,DC005,SKU007,50,0,0,1443,188,0,320,512,0
2026-08-08,DC005,SKU007,67,0,0,1393,129,0,320,512,0
2026-08-09,DC005,SKU007,64,0,0,1326,74,0,320,512,0
2026-08-10,DC005,SKU007,72,0,0,1262,112,0,320,512,0
2026-08-11,DC005,SKU007,60,0,0,1190,63,0,320,512,0
2026-08-12,DC005,SKU007,78,0,0,1130,109,0,320,512,0
2026-08-13,DC005,SKU007,75,0,0,1052,22,0,320,512,0
2026-04-16,DC005,SKU008,13,0,0,252,16,0,80,128,0
2026-04-17,DC005,SKU008,12,0,0,239,28,0,80,128,0
2026-04-18,DC005,SKU008,13,0,0,227,19,0,80,128,0
2026-04-19,DC005,SKU008,16,0,0,214,31,0,80,128,0
2026-04-20,DC005,SKU008,11,0,0,198,0,0,80,128,0
2026-04-21,DC005,SKU008,15,0,0,187,23,0,80,128,0
2026-04-22,DC005,SKU008,16,0,0,172,8,0,80,128,0
2026-04-23,DC005,SKU008,10,0,0,156,8,0,80,128,0
2026-04-24,DC005,SKU008,15,0,0,146,7,0,80,128,0
2026-04-25,DC005,SKU008,9,0,0,131,11,0,80,128,0
2026-04-26,DC005,SKU008,15,0,0,122,6,210,80,128,0
2026-04-27,DC005,SKU008,11,0,0,317,2,0,80,128,0
2026-04-28,DC005,SKU008,14,0,0,306,1,0,80,128,0
2026-04-29,DC005,SKU008,17,0,0,292,27,0,80,128,0
2026-04-30,DC005,SKU008,15,0,0,275,19,0,80,128,0
2026-05-01,DC005,SKU008,16,0,0,260,15,0,80,128,0
2026-05-02,DC005,SKU008,16,0,0,244,12,0,80,128,0
2026-05-03,DC005,SKU008,19,0,0,228,13,0,80,128,0
2026-05-04,DC005,SKU008,16,0,0,209,13,0,80,128,0
2026-05-05,DC005,SKU008,17,0,0,193,10,0,80,128,0
2026-05-06,DC005,SKU008,13,0,0,176,8,0,80,128,0
2026-05-07,DC005,SKU008,12,0,0,163,18,0,80,128,0
2026-05-08,DC005,SKU008,17,0,0,151,2,0,80,128,0
2026-05-09,DC005,SKU008,18,0,0,134,12,0,80,128,0
2026-05-10,DC005,SKU008,17,0,0,116,6,0,80,128,0
2026-05-11,DC005,SKU008,6,0,0,99,12,0,80,128,0
2026-05-12,DC005,SKU008,15,0,1,93,12,201,80,128,0
2026-05-13,DC005,SKU008,15,0,0,279,26,0,80,128,0
2026-05-14,DC005,SKU008,15,0,0,264,10,0,80,128,0
2026-05-15,DC005,SKU008,19,0,0,249,7,0,80,128,0
2026-05-16,DC005,SKU008,14,0,0,230,13,0,80,128,0
2026-05-17,DC005,SKU008,13,0,0,216,16,0,80,128,0
2026-05-18,DC005,SKU008,13,0,0,203,11,0,80,128,0
2026-05-19,DC005,SKU008,22,0,1,190,10,0,80,128,0
2026-05-20,DC005,SKU008,11,0,0,168,6,0,80,128,0
2026-05-21,DC005,SKU008,7,0,0,157,1,0,80,128,0
2026-05-22,DC005,SKU008,20,0,0,150,12,0,80,128,0
2026-05-23,DC005,SKU008,11,0,0,130,14,0,80,128,0
2026-05-24,DC005,SKU008,15,0,0,119,0,198,80,128,0
2026-05-25,DC005,SKU008,13,0,0,302,0,0,80,128,0
2026-05-26,DC005,SKU008,11,0,0,289,18,0,80,128,0
2026-05-27,DC005,SKU008,21,0,0,278,6,0,80,128,0
2026-05-28,DC005,SKU008,16,0,0,257,22,0,80,128,0
2026-05-29,DC005,SKU008,11,0,0,241,20,0,80,128,0
2026-05-30,DC005,SKU008,12,0,0,230,30,0,80,128,0
2026-05-31,DC005,SKU008,13,0,0,218,22,0,80,128,0
2026-06-01,DC005,SKU008,15,0,0,205,1,0,80,128,0
2026-06-02,DC005,SKU008,18,0,0,190,8,0,80,128,0
2026-06-03,DC005,SKU008,14,0,0,172,18,0,80,128,0
2026-06-04,DC005,SKU008,12,0,0,158,21,0,80,128,0
2026-06-05,DC005,SKU008,19,0,0,146,21,0,80,128,0
2026-06-06,DC005,SKU008,16,0,0,127,2,0,80,128,0
2026-06-07,DC005,SKU008,18,0,0,111,15,0,80,128,0
2026-06-08,DC005,SKU008,21,0,1,93,2,248,80,128,0
2026-06-09,DC005,SKU008,15,0,0,320,4,0,80,128,0
2026-06-10,DC005,SKU008,14,0,0,305,32,0,80,128,0
2026-06-11,DC005,SKU008,16,0,0,291,5,0,80,128,0
2026-06-12,DC005,SKU008,12,0,0,275,8,0,80,128,0
2026-06-13,DC005,SKU008,11,0,0,263,20,0,80,128,0
2026-06-14,DC005,SKU008,12,0,0,252,18,0,80,128,0
2026-06-15,DC005,SKU008,13,1,0,240,35,0,80,128,0
2026-06-16,DC005,SKU008,13,1,0,227,2,0,80,128,0
2026-06-17,DC005,SKU008,10,1,0,214,18,0,80,128,0
2026-06-18,DC005,SKU008,15,1,0,204,6,0,80,128,0
2026-06-19,DC005,SKU008,11,1,0,189,6,0,80,128,0
2026-06-20,DC005,SKU008,17,1,0,178,19,0,80,128,0
2026-06-21,DC005,SKU008,15,1,0,161,8,0,80,128,0
2026-06-22,DC005,SKU008,16,1,0,146,15,0,80,128,0
2026-06-23,DC005,SKU008,19,1,0,130,10,0,80,128,0
2026-06-24,DC005,SKU008,12,1,0,111,3,0,80,128,0
2026-06-25,DC005,SKU008,15,1,0,99,6,0,80,128,0
2026-06-26,DC005,SKU008,17,1,0,84,2,0,80,128,0
2026-06-27,DC005,SKU008,12,1,0,67,1,0,80,128,1
2026-06-28,DC005,SKU008,14,1,0,55,7,0,80,128,1
2026-06-29,DC005,SKU008,12,1,0,41,1,0,80,128,1
2026-06-30,DC005,SKU008,14,1,0,29,0,0,80,128,1
2026-07-01,DC005,SKU008,13,1,0,15,0,0,80,128,1
2026-07-02,DC005,SKU008,7,1,0,2,0,0,80,128,1
2026-07-03,DC005,SKU008,13,1,0,0,0,0,80,128,1
2026-07-04,DC005,SKU008,13,1,0,0,0,202,80,128,0
2026-07-05,DC005,SKU008,13,1,0,189,15,0,80,128,0
2026-07-06,DC005,SKU008,15,1,0,176,8,0,80,128,0
2026-07-07,DC005,SKU008,15,1,0,161,3,0,80,128,0
2026-07-08,DC005,SKU008,13,1,0,146,10,0,80,128,0
2026-07-09,DC005,SKU008,13,1,0,133,18,161,80,128,0
2026-07-10,DC005,SKU008,15,1,0,281,21,0,80,128,0
2026-07-11,DC005,SKU008,18,1,0,266,32,0,80,128,0
2026-07-12,DC005,SKU008,13,1,0,248,21,0,80,128,0
2026-07-13,DC005,SKU008,20,1,0,235,26,0,80,128,0
2026-07-14,DC005,SKU008,14,1,0,215,2,0,80,128,0
2026-07-15,DC005,SKU008,10,1,0,201,4,0,80,128,0
2026-07-16,DC005,SKU008,15,1,0,191,0,0,80,128,0
2026-07-17,DC005,SKU008,12,1,0,176,18,0,80,128,0
2026-07-18,DC005,SKU008,12,1,0,164,0,0,80,128,0
2026-07-19,DC005,SKU008,13,1,0,152,21,0,80,128,0
2026-07-20,DC005,SKU008,15,1,0,139,4,0,80,128,0
2026-07-21,DC005,SKU008,14,1,0,124,12,0,80,128,0
2026-07-22,DC005,SKU008,14,1,0,110,6,0,80,128,0
2026-07-23,DC005,SKU008,16,1,0,96,6,0,80,128,0
2026-07-24,DC005,SKU008,15,1,0,80,1,0,80,128,1
2026-07-25,DC005,SKU008,16,1,0,65,3,0,80,128,1
2026-07-26,DC005,SKU008,14,0,0,49,0,0,80,128,1
2026-07-27,DC005,SKU008,15,0,0,35,4,0,80,128,1
2026-07-28,DC005,SKU008,13,0,0,20,0,0,80,128,1
2026-07-29,DC005,SKU008,12,0,0,7,0,0,80,128,1
2026-07-30,DC005,SKU008,17,0,0,0,0,0,80,128,1
2026-07-31,DC005,SKU008,12,0,0,0,0,150,80,128,0
2026-08-01,DC005,SKU008,10,0,0,138,3,0,80,128,0
2026-08-02,DC005,SKU008,17,0,1,128,2,156,80,128,0
2026-08-03,DC005,SKU008,16,0,0,267,26,0,80,128,0
2026-08-04,DC005,SKU008,15,0,0,251,15,0,80,128,0
2026-08-05,DC005,SKU008,11,0,0,236,28,0,80,128,0
2026-08-06,DC005,SKU008,12,0,0,225,23,0,80,128,0
2026-08-07,DC005,SKU008,11,0,0,213,25,0,80,128,0
2026-08-08,DC005,SKU008,11,0,0,202,16,0,80,128,0
2026-08-09,DC005,SKU008,13,0,0,191,19,0,80,128,0
2026-08-10,DC005,SKU008,16,0,1,178,25,0,80,128,0
2026-08-11,DC005,SKU008,12,0,0,162,24,0,80,128,0
2026-08-12,DC005,SKU008,13,0,0,150,15,0,80,128,0
2026-08-13,DC005,SKU008,13,0,0,137,6,0,80,128,0
2026-04-16,DC005,SKU009,26,0,1,576,7,0,176,282,0
2026-04-17,DC005,SKU009,31,0,0,550,28,0,176,282,0
2026-04-18,DC005,SKU009,28,0,0,519,61,0,176,282,0
2026-04-19,DC005,SKU009,41,0,1,491,32,0,176,282,0
2026-04-20,DC005,SKU009,32,0,0,450,10,0,176,282,0
2026-04-21,DC005,SKU009,35,0,0,418,24,0,176,282,0
2026-04-22,DC005,SKU009,32,0,0,383,8,0,176,282,0
2026-04-23,DC005,SKU009,22,0,0,351,31,0,176,282,0
2026-04-24,DC005,SKU009,40,0,1,329,15,0,176,282,0
2026-04-25,DC005,SKU009,45,0,1,289,27,0,176,282,0
2026-04-26,DC005,SKU009,37,0,0,244,31,396,176,282,0
2026-04-27,DC005,SKU009,30,0,1,603,3,0,176,282,0
2026-04-28,DC005,SKU009,33,0,1,573,42,0,176,282,0
2026-04-29,DC005,SKU009,38,0,0,540,40,0,176,282,0
2026-04-30,DC005,SKU009,32,0,0,502,9,0,176,282,0
2026-05-01,DC005,SKU009,30,0,0,470,18,0,176,282,0
2026-05-02,DC005,SKU009,40,0,0,440,17,0,176,282,0
2026-05-03,DC005,SKU009,42,0,0,400,51,0,176,282,0
2026-05-04,DC005,SKU009,41,0,1,358,43,0,176,282,0
2026-05-05,DC005,SKU009,23,0,0,317,31,0,176,282,0
2026-05-06,DC005,SKU009,33,0,0,294,35,0,176,282,0
2026-05-07,DC005,SKU009,33,0,1,261,25,0,176,282,0
2026-05-08,DC005,SKU009,30,0,1,228,12,0,176,282,0
2026-05-09,DC005,SKU009,33,0,0,198,14,0,176,282,0
2026-05-10,DC005,SKU009,36,0,0,165,21,482,176,282,0
2026-05-11,DC005,SKU009,22,0,0,611,51,0,176,282,0
2026-05-12,DC005,SKU009,30,0,0,589,32,0,176,282,0
2026-05-13,DC005,SKU009,32,0,0,559,1,0,176,282,0
2026-05-14,DC005,SKU009,40,0,0,527,8,0,176,282,0
2026-05-15,DC005,SKU009,37,0,0,487,44,0,176,282,0
2026-05-16,DC005,SKU009,35,0,0,450,59,0,176,282,0
2026-05-17,DC005,SKU009,21,0,0,415,41,0,176,282,0
2026-05-18,DC005,SKU009,21,0,0,394,41,0,176,282,0
2026-05-19,DC005,SKU009,26,0,0,373,10,0,176,282,0
2026-05-20,DC005,SKU009,35,0,0,347,17,0,176,282,0
2026-05-21,DC005,SKU009,36,0,0,312,3,0,176,282,0
2026-05-22,DC005,SKU009,40,0,1,276,24,0,176,282,0
2026-05-23,DC005,SKU009,27,0,0,236,26,519,176,282,0
2026-05-24,DC005,SKU009,33,0,0,728,80,0,176,282,0
2026-05-25,DC005,SKU009,28,0,0,695,59,0,176,282,0
2026-05-26,DC005,SKU009,30,0,1,667,74,0,176,282,0
2026-05-27,DC005,SKU009,30,0,0,637,24,0,176,282,0
2026-05-28,DC005,SKU009,31,0,0,607,26,0,176,282,0
2026-05-29,DC005,SKU009,28,0,0,576,55,0,176,282,0
2026-05-30,DC005,SKU009,34,0,0,548,58,0,176,282,0
2026-05-31,DC005,SKU009,38,0,0,514,72,0,176,282,0
2026-06-01,DC005,SKU009,17,0,0,476,51,0,176,282,0
2026-06-02,DC005,SKU009,31,0,0,459,64,0,176,282,0
2026-06-03,DC005,SKU009,24,0,0,428,51,0,176,282,0
2026-06-04,DC005,SKU009,23,0,0,404,27,0,176,282,0
2026-06-05,DC005,SKU009,30,0,0,381,29,0,176,282,0
2026-06-06,DC005,SKU009,32,0,1,351,26,0,176,282,0
2026-06-07,DC005,SKU009,32,0,0,319,24,0,176,282,0
2026-06-08,DC005,SKU009,34,0,0,287,42,0,176,282,0
2026-06-09,DC005,SKU009,32,0,0,253,21,0,176,282,0
2026-06-10,DC005,SKU009,30,0,0,221,27,426,176,282,0
2026-06-11,DC005,SKU009,30,0,0,617,50,0,176,282,0
2026-06-12,DC005,SKU009,33,0,0,587,76,0,176,282,0
2026-06-13,DC005,SKU009,27,0,1,554,1,0,176,282,0
2026-06-14,DC005,SKU009,29,0,0,527,77,0,176,282,0
2026-06-15,DC005,SKU009,33,1,0,498,8,0,176,282,0
2026-06-16,DC005,SKU009,35,1,0,465,22,0,176,282,0
2026-06-17,DC005,SKU009,17,1,0,430,42,0,176,282,0
2026-06-18,DC005,SKU009,20,1,0,413,20,0,176,282,0
2026-06-19,DC005,SKU009,31,1,0,393,34,0,176,282,0
2026-06-20,DC005,SKU009,30,1,0,362,14,0,176,282,0
2026-06-21,DC005,SKU009,23,1,0,332,44,0,176,282,0
2026-06-22,DC005,SKU009,34,1,0,309,16,0,176,282,0
2026-06-23,DC005,SKU009,31,1,0,275,6,428,176,282,0
2026-06-24,DC005,SKU009,24,1,0,672,63,0,176,282,0
2026-06-25,DC005,SKU009,31,1,0,648,79,0,176,282,0
2026-06-26,DC005,SKU009,16,1,0,617,67,0,176,282,0
2026-06-27,DC005,SKU009,25,1,0,601,19,0,176,282,0
2026-06-28,DC005,SKU009,37,1,0,576,58,0,176,282,0
2026-06-29,DC005,SKU009,40,1,1,539,34,0,176,282,0
2026-06-30,DC005,SKU009,39,1,0,499,54,0,176,282,0
2026-07-01,DC005,SKU009,24,1,0,460,28,0,176,282,0
2026-07-02,DC005,SKU009,27,1,0,436,22,0,176,282,0
2026-07-03,DC005,SKU009,35,1,0,409,8,0,176,282,0
2026-07-04,DC005,SKU009,28,1,0,374,41,0,176,282,0
2026-07-05,DC005,SKU009,29,1,0,346,44,0,176,282,0
2026-07-06,DC005,SKU009,16,1,0,317,30,0,176,282,0
2026-07-07,DC005,SKU009,32,1,0,301,34,0,176,282,0
2026-07-08,DC005,SKU009,35,1,0,269,34,0,176,282,0
2026-07-09,DC005,SKU009,38,1,0,234,25,469,176,282,0
2026-07-10,DC005,SKU009,34,1,0,665,55,0,176,282,0
2026-07-11,DC005,SKU009,35,1,0,631,33,0,176,282,0
2026-07-12,DC005,SKU009,39,1,0,596,57,0,176,282,0
2026-07-13,DC005,SKU009,36,1,0,557,26,0,176,282,0
2026-07-14,DC005,SKU009,37,1,0,521,38,0,176,282,0
2026-07-15,DC005,SKU009,38,1,0,484,26,0,176,282,0
2026-07-16,DC005,SKU009,30,1,0,446,23,0,176,282,0
2026-07-17,DC005,SKU009,23,1,0,416,51,0,176,282,0
2026-07-18,DC005,SKU009,33,1,0,393,35,0,176,282,0
2026-07-19,DC005,SKU009,31,1,0,360,44,0,176,282,0
2026-07-20,DC005,SKU009,34,1,0,329,35,0,176,282,0
2026-07-21,DC005,SKU009,34,1,0,295,11,0,176,282,0
2026-07-22,DC005,SKU009,27,1,0,261,37,0,176,282,0
2026-07-23,DC005,SKU009,21,1,0,234,4,443,176,282,0
2026-07-24,DC005,SKU009,22,1,0,656,55,0,176,282,0
2026-07-25,DC005,SKU009,46,1,0,634,90,0,176,282,0
2026-07-26,DC005,SKU009,29,0,0,588,5,0,176,282,0
2026-07-27,DC005,SKU009,25,0,0,559,11,0,176,282,0
2026-07-28,DC005,SKU009,33,0,0,534,24,0,176,282,0
2026-07-29,DC005,SKU009,34,0,0,501,6,0,176,282,0
2026-07-30,DC005,SKU009,31,0,0,467,23,0,176,282,0
2026-07-31,DC005,SKU009,27,0,0,436,17,0,176,282,0
2026-08-01,DC005,SKU009,34,0,0,409,21,0,176,282,0
2026-08-02,DC005,SKU009,53,0,1,375,36,0,176,282,0
2026-08-03,DC005,SKU009,22,0,0,322,25,0,176,282,0
2026-08-04,DC005,SKU009,42,0,0,300,15,0,176,282,0
2026-08-05,DC005,SKU009,38,0,0,258,10,0,176,282,0
2026-08-06,DC005,SKU009,15,0,0,220,27,503,176,282,0
2026-08-07,DC005,SKU009,38,0,0,708,40,0,176,282,0
2026-08-08,DC005,SKU009,27,0,0,670,87,0,176,282,0
2026-08-09,DC005,SKU009,38,0,0,643,62,0,176,282,0
2026-08-10,DC005,SKU009,35,0,0,605,87,0,176,282,0
2026-08-11,DC005,SKU009,48,0,0,570,13,0,176,282,0
2026-08-12,DC005,SKU009,23,0,0,522,71,0,176,282,0
2026-08-13,DC005,SKU009,35,0,0,499,63,0,176,282,0
2026-04-16,DC005,SKU010,12,0,0,252,9,0,80,128,0
2026-04-17,DC005,SKU010,13,0,0,240,34,0,80,128,0
2026-04-18,DC005,SKU010,11,0,0,227,1,0,80,128,0
2026-04-19,DC005,SKU010,19,0,0,216,2,0,80,128,0
2026-04-20,DC005,SKU010,12,0,0,197,18,0,80,128,0
2026-04-21,DC005,SKU010,17,0,0,185,19,0,80,128,0
2026-04-22,DC005,SKU010,12,0,0,168,6,0,80,128,0
2026-04-23,DC005,SKU010,16,0,0,156,22,0,80,128,0
2026-04-24,DC005,SKU010,17,0,0,140,19,0,80,128,0
2026-04-25,DC005,SKU010,12,0,0,123,4,0,80,128,0
2026-04-26,DC005,SKU010,17,0,0,111,8,175,80,128,0
2026-04-27,DC005,SKU010,14,0,0,269,23,0,80,128,0
2026-04-28,DC005,SKU010,14,0,0,255,34,0,80,128,0
2026-04-29,DC005,SKU010,13,0,0,241,25,0,80,128,0
2026-04-30,DC005,SKU010,17,0,0,228,24,0,80,128,0
2026-05-01,DC005,SKU010,17,0,0,211,18,0,80,128,0
2026-05-02,DC005,SKU010,15,0,0,194,18,0,80,128,0
2026-05-03,DC005,SKU010,13,0,0,179,16,0,80,128,0
2026-05-04,DC005,SKU010,13,0,0,166,22,0,80,128,0
2026-05-05,DC005,SKU010,17,0,0,153,15,0,80,128,0
2026-05-06,DC005,SKU010,15,0,0,136,2,0,80,128,0
2026-05-07,DC005,SKU010,12,0,0,121,10,0,80,128,0
2026-05-08,DC005,SKU010,15,0,0,109,2,218,80,128,0
2026-05-09,DC005,SKU010,25,0,1,312,40,0,80,128,0
2026-05-10,DC005,SKU010,14,0,0,287,42,0,80,128,0
2026-05-11,DC005,SKU010,12,0,0,273,14,0,80,128,0
2026-05-12,DC005,SKU010,17,0,0,261,3,0,80,128,0
2026-05-13,DC005,SKU010,17,0,0,244,24,0,80,128,0
2026-05-14,DC005,SKU010,16,0,0,227,23,0,80,128,0
2026-05-15,DC005,SKU010,15,0,0,211,27,0,80,128,0
2026-05-16,DC005,SKU010,10,0,0,196,24,0,80,128,0
2026-05-17,DC005,SKU010,12,0,0,186,25,0,80,128,0
2026-05-18,DC005,SKU010,17,0,1,174,20,0,80,128,0
2026-05-19,DC005,SKU010,16,0,0,157,23,0,80,128,0
2026-05-20,DC005,SKU010,13,0,0,141,14,0,80,128,0
2026-05-21,DC005,SKU010,15,0,0,128,12,0,80,128,0
2026-05-22,DC005,SKU010,11,0,0,113,1,192,80,128,0
2026-05-23,DC005,SKU010,15,0,0,294,27,0,80,128,0
2026-05-24,DC005,SKU010,17,0,0,279,22,0,80,128,0
2026-05-25,DC005,SKU010,11,0,0,262,24,0,80,128,0
2026-05-26,DC005,SKU010,14,0,0,251,1,0,80,128,0
2026-05-27,DC005,SKU010,11,0,0,237,22,0,80,128,0
2026-05-28,DC005,SKU010,13,0,0,226,30,0,80,128,0
2026-05-29,DC005,SKU010,18,0,0,213,24,0,80,128,0
2026-05-30,DC005,SKU010,14,0,0,195,26,0,80,128,0
2026-05-31,DC005,SKU010,14,0,0,181,18,0,80,128,0
2026-06-01,DC005,SKU010,14,0,0,167,0,0,80,128,0
2026-06-02,DC005,SKU010,18,0,0,153,7,0,80,128,0
2026-06-03,DC005,SKU010,10,0,0,135,17,0,80,128,0
2026-06-04,DC005,SKU010,12,0,0,125,12,193,80,128,0
2026-06-05,DC005,SKU010,15,0,0,306,31,0,80,128,0
2026-06-06,DC005,SKU010,13,0,0,291,10,0,80,128,0
2026-06-07,DC005,SKU010,18,0,1,278,11,0,80,128,0
2026-06-08,DC005,SKU010,8,0,0,260,16,0,80,128,0
2026-06-09,DC005,SKU010,13,0,0,252,15,0,80,128,0
2026-06-10,DC005,SKU010,14,0,0,239,8,0,80,128,0
2026-06-11,DC005,SKU010,16,0,0,225,25,0,80,128,0
2026-06-12,DC005,SKU010,12,0,0,209,14,0,80,128,0
2026-06-13,DC005,SKU010,13,0,0,197,9,0,80,128,0
2026-06-14,DC005,SKU010,13,0,0,184,1,0,80,128,0
2026-06-15,DC005,SKU010,11,1,0,171,10,0,80,128,0
2026-06-16,DC005,SKU010,10,1,0,160,5,0,80,128,0
2026-06-17,DC005,SKU010,13,1,0,150,1,0,80,128,0
2026-06-18,DC005,SKU010,12,1,0,137,7,0,80,128,0
2026-06-19,DC005,SKU010,13,1,0,125,4,0,80,128,0
2026-06-20,DC005,SKU010,12,1,0,112,0,0,80,128,0
2026-06-21,DC005,SKU010,14,1,0,100,1,0,80,128,0
2026-06-22,DC005,SKU010,12,1,0,86,7,0,80,128,1
2026-06-23,DC005,SKU010,12,1,0,74,0,0,80,128,1
2026-06-24,DC005,SKU010,17,1,0,62,3,0,80,128,1
2026-06-25,DC005,SKU010,11,1,0,45,3,0,80,128,1
2026-06-26,DC005,SKU010,12,1,0,34,4,0,80,128,1
2026-06-27,DC005,SKU010,13,1,0,22,2,0,80,128,1
2026-06-28,DC005,SKU010,14,1,0,9,0,0,80,128,1
2026-06-29,DC005,SKU010,17,1,0,0,0,0,80,128,1
2026-06-30,DC005,SKU010,15,1,0,0,0,0,80,128,1
2026-07-01,DC005,SKU010,10,1,0,0,0,179,80,128,0
2026-07-02,DC005,SKU010,11,1,0,169,16,0,80,128,0
2026-07-03,DC005,SKU010,10,1,0,158,18,0,80,128,0
2026-07-04,DC005,SKU010,17,1,0,148,12,0,80,128,0
2026-07-05,DC005,SKU010,8,1,0,131,15,0,80,128,0
2026-07-06,DC005,SKU010,14,1,0,123,3,0,80,128,0
2026-07-07,DC005,SKU010,15,1,0,109,6,0,80,128,0
2026-07-08,DC005,SKU010,13,1,0,94,9,196,80,128,0
2026-07-09,DC005,SKU010,13,1,0,277,16,0,80,128,0
2026-07-10,DC005,SKU010,14,1,0,264,22,0,80,128,0
2026-07-11,DC005,SKU010,11,1,0,250,12,0,80,128,0
2026-07-12,DC005,SKU010,13,1,0,239,29,0,80,128,0
2026-07-13,DC005,SKU010,13,1,0,226,21,0,80,128,0
2026-07-14,DC005,SKU010,16,1,1,213,2,0,80,128,0
2026-07-15,DC005,SKU010,23,1,1,197,1,0,80,128,0
2026-07-16,DC005,SKU010,16,1,0,174,22,0,80,128,0
2026-07-17,DC005,SKU010,12,1,0,158,19,0,80,128,0
2026-07-18,DC005,SKU010,10,1,0,146,21,0,80,128,0
2026-07-19,DC005,SKU010,15,1,0,136,4,0,80,128,0
2026-07-20,DC005,SKU010,11,1,0,121,4,0,80,128,0
2026-07-21,DC005,SKU010,12,1,0,110,10,0,80,128,0
2026-07-22,DC005,SKU010,15,1,0,98,6,0,80,128,0
2026-07-23,DC005,SKU010,12,1,0,83,1,0,80,128,0
2026-07-24,DC005,SKU010,15,1,0,71,7,196,80,128,0
2026-07-25,DC005,SKU010,12,1,0,252,36,0,80,128,0
2026-07-26,DC005,SKU010,19,0,0,240,21,0,80,128,0
2026-07-27,DC005,SKU010,13,0,0,221,22,0,80,128,0
2026-07-28,DC005,SKU010,17,0,0,208,13,0,80,128,0
2026-07-29,DC005,SKU010,17,0,0,191,0,0,80,128,0
2026-07-30,DC005,SKU010,12,0,0,174,17,0,80,128,0
2026-07-31,DC005,SKU010,13,0,0,162,10,0,80,128,0
2026-08-01,DC005,SKU010,15,0,0,149,17,0,80,128,0
2026-08-02,DC005,SKU010,15,0,0,134,6,0,80,128,0
2026-08-03,DC005,SKU010,12,0,0,119,11,275,80,128,0
2026-08-04,DC005,SKU010,11,0,0,382,29,0,80,128,0
2026-08-05,DC005,SKU010,13,0,0,371,18,0,80,128,0
2026-08-06,DC005,SKU010,15,0,0,358,31,0,80,128,0
2026-08-07,DC005,SKU010,12,0,0,343,18,0,80,128,0
2026-08-08,DC005,SKU010,15,0,0,331,1,0,80,128,0
2026-08-09,DC005,SKU010,14,0,0,316,38,0,80,128,0
2026-08-10,DC005,SKU010,21,0,1,302,25,0,80,128,0
2026-08-11,DC005,SKU010,17,0,1,281,29,0,80,128,0
2026-08-12,DC005,SKU010,15,0,1,264,25,0,80,128,0
2026-08-13,DC005,SKU010,12,0,0,249,4,0,80,128,0
2026-04-16,DC005,SKU011,37,0,0,540,37,0,176,282,0
2026-04-17,DC005,SKU011,27,0,0,503,42,0,176,282,0
2026-04-18,DC005,SKU011,17,0,0,476,57,0,176,282,0
2026-04-19,DC005,SKU011,22,0,0,459,52,0,176,282,0
2026-04-20,DC005,SKU011,22,0,0,437,48,0,176,282,0
2026-04-21,DC005,SKU011,30,0,0,415,56,0,176,282,0
2026-04-22,DC005,SKU011,35,0,0,385,15,0,176,282,0
2026-04-23,DC005,SKU011,37,0,0,350,48,0,176,282,0
2026-04-24,DC005,SKU011,32,0,0,313,14,0,176,282,0
2026-04-25,DC005,SKU011,36,0,0,281,4,526,176,282,0
2026-04-26,DC005,SKU011,29,0,0,771,55,0,176,282,0
2026-04-27,DC005,SKU011,27,0,0,742,4,0,176,282,0
2026-04-28,DC005,SKU011,25,0,0,715,59,0,176,282,0
2026-04-29,DC005,SKU011,31,0,0,690,20,0,176,282,0
2026-04-30,DC005,SKU011,20,0,0,659,74,0,176,282,0
2026-05-01,DC005,SKU011,25,0,1,639,82,0,176,282,0
2026-05-02,DC005,SKU011,24,0,0,614,75,0,176,282,0
2026-05-03,DC005,SKU011,37,0,0,590,11,0,176,282,0
2026-05-04,DC005,SKU011,34,0,1,553,76,0,176,282,0
2026-05-05,DC005,SKU011,32,0,0,519,70,0,176,282,0
2026-05-06,DC005,SKU011,29,0,0,487,63,0,176,282,0
2026-05-07,DC005,SKU011,35,0,0,458,22,0,176,282,0
2026-05-08,DC005,SKU011,22,0,0,423,47,0,176,282,0
2026-05-09,DC005,SKU011,45,0,1,401,31,0,176,282,0
2026-05-10,DC005,SKU011,22,0,0,356,44,0,176,282,0
2026-05-11,DC005,SKU011,23,0,0,334,40,0,176,282,0
2026-05-12,DC005,SKU011,18,0,0,311,10,0,176,282,0
2026-05-13,DC005,SKU011,29,0,0,293,0,0,176,282,0
2026-05-14,DC005,SKU011,33,0,0,264,34,0,176,282,0
2026-05-15,DC005,SKU011,30,0,0,231,10,0,176,282,0
2026-05-16,DC005,SKU011,14,0,0,201,12,0,176,282,0
2026-05-17,DC005,SKU011,29,0,0,187,17,0,176,282,1
2026-05-18,DC005,SKU011,20,0,0,158,1,0,176,282,1
2026-05-19,DC005,SKU011,41,0,0,138,12,0,176,282,1
2026-05-20,DC005,SKU011,36,0,0,97,9,0,176,282,1
2026-05-21,DC005,SKU011,32,0,0,61,6,0,176,282,1
2026-05-22,DC005,SKU011,28,0,0,29,3,0,176,282,1
2026-05-23,DC005,SKU011,36,0,0,1,0,0,176,282,1
2026-05-24,DC005,SKU011,33,0,0,0,0,0,176,282,1
2026-05-25,DC005,SKU011,22,0,0,0,0,0,176,282,1
2026-05-26,DC005,SKU011,25,0,0,0,0,330,176,282,0
2026-05-27,DC005,SKU011,30,0,0,305,11,0,176,282,0
2026-05-28,DC005,SKU011,40,0,0,275,2,0,176,282,0
2026-05-29,DC005,SKU011,32,0,0,235,29,0,176,282,0
2026-05-30,DC005,SKU011,39,0,0,203,15,0,176,282,0
2026-05-31,DC005,SKU011,37,0,1,164,16,0,176,282,1
2026-06-01,DC005,SKU011,43,0,1,127,18,0,176,282,1
2026-06-02,DC005,SKU011,27,0,0,84,11,0,176,282,1
2026-06-03,DC005,SKU011,28,0,0,57,0,0,176,282,1
2026-06-04,DC005,SKU011,46,0,0,29,3,0,176,282,1
2026-06-05,DC005,SKU011,19,0,0,0,0,0,176,282,1
2026-06-06,DC005,SKU011,12,0,0,0,0,0,176,282,1
2026-06-07,DC005,SKU011,17,0,0,0,0,0,176,282,1
2026-06-08,DC005,SKU011,26,0,0,0,0,0,176,282,1
2026-06-09,DC005,SKU011,18,0,0,0,0,0,176,282,1
2026-06-10,DC005,SKU011,30,0,0,0,0,0,176,282,1
2026-06-11,DC005,SKU011,26,0,0,0,0,309,176,282,0
2026-06-12,DC005,SKU011,35,0,0,283,13,0,176,282,0
2026-06-13,DC005,SKU011,24,0,0,248,31,0,176,282,0
2026-06-14,DC005,SKU011,22,0,0,224,12,0,176,282,0
2026-06-15,DC005,SKU011,29,1,0,202,24,0,176,282,0
2026-06-16,DC005,SKU011,31,1,0,173,21,366,176,282,0
2026-06-17,DC005,SKU011,26,1,0,508,27,0,176,282,0
2026-06-18,DC005,SKU011,38,1,0,482,27,0,176,282,0
2026-06-19,DC005,SKU011,38,1,0,444,4,0,176,282,0
2026-06-20,DC005,SKU011,33,1,0,406,2,0,176,282,0
2026-06-21,DC005,SKU011,23,1,0,373,26,0,176,282,0
2026-06-22,DC005,SKU011,22,1,0,350,37,0,176,282,0
2026-06-23,DC005,SKU011,33,1,0,328,31,0,176,282,0
2026-06-24,DC005,SKU011,28,1,0,295,6,0,176,282,0
2026-06-25,DC005,SKU011,19,1,0,267,10,0,176,282,0
2026-06-26,DC005,SKU011,21,1,0,248,11,512,176,282,0
2026-06-27,DC005,SKU011,17,1,0,739,98,0,176,282,0
2026-06-28,DC005,SKU011,45,1,0,722,99,0,176,282,0
2026-06-29,DC005,SKU011,23,1,0,677,53,0,176,282,0
2026-06-30,DC005,SKU011,20,1,0,654,67,0,176,282,0
2026-07-01,DC005,SKU011,38,1,0,634,64,0,176,282,0
2026-07-02,DC005,SKU011,34,1,0,596,88,0,176,282,0
2026-07-03,DC005,SKU011,34,1,0,562,15,0,176,282,0
2026-07-04,DC005,SKU011,27,1,1,528,12,0,176,282,0
2026-07-05,DC005,SKU011,29,1,0,501,57,0,176,282,0
2026-07-06,DC005,SKU011,28,1,0,472,57,0,176,282,0
2026-07-07,DC005,SKU011,37,1,0,444,35,0,176,282,0
2026-07-08,DC005,SKU011,28,1,0,407,43,0,176,282,0
2026-07-09,DC005,SKU011,27,1,0,379,7,0,176,282,0
2026-07-10,DC005,SKU011,40,1,0,352,8,0,176,282,0
2026-07-11,DC005,SKU011,23,1,0,312,38,577,176,282,0
2026-07-12,DC005,SKU011,24,1,0,866,116,0,176,282,0
2026-07-13,DC005,SKU011,36,1,0,842,104,0,176,282,0
2026-07-14,DC005,SKU011,40,1,0,806,71,0,176,282,0
2026-07-15,DC005,SKU011,33,1,0,766,66,0,176,282,0
2026-07-16,DC005,SKU011,19,1,0,733,22,0,176,282,0
2026-07-17,DC005,SKU011,32,1,0,714,86,0,176,282,0
2026-07-18,DC005,SKU011,23,1,0,682,73,0,176,282,0
2026-07-19,DC005,SKU011,27,1,0,659,60,0,176,282,0
2026-07-20,DC005,SKU011,28,1,0,632,55,0,176,282,0
2026-07-21,DC005,SKU011,34,1,0,604,5,0,176,282,0
2026-07-22,DC005,SKU011,36,1,0,570,67,0,176,282,0
2026-07-23,DC005,SKU011,28,1,0,534,62,0,176,282,0
2026-07-24,DC005,SKU011,38,1,1,506,21,0,176,282,0
2026-07-25,DC005,SKU011,22,1,0,468,70,0,176,282,0
2026-07-26,DC005,SKU011,25,0,0,446,27,0,176,282,0
2026-07-27,DC005,SKU011,50,0,1,421,51,0,176,282,0
2026-07-28,DC005,SKU011,38,0,0,371,54,0,176,282,0
2026-07-29,DC005,SKU011,22,0,0,333,25,0,176,282,0
2026-07-30,DC005,SKU011,20,0,0,311,34,0,176,282,0
2026-07-31,DC005,SKU011,30,0,0,291,31,0,176,282,0
2026-08-01,DC005,SKU011,21,0,0,261,3,0,176,282,0
2026-08-02,DC005,SKU011,16,0,0,240,11,441,176,282,0
2026-08-03,DC005,SKU011,33,0,0,665,96,0,176,282,0
2026-08-04,DC005,SKU011,33,0,0,632,71,0,176,282,0
2026-08-05,DC005,SKU011,28,0,1,599,76,0,176,282,0
2026-08-06,DC005,SKU011,48,0,0,571,61,0,176,282,0
2026-08-07,DC005,SKU011,21,0,0,523,1,0,176,282,0
2026-08-08,DC005,SKU011,33,0,0,502,33,0,176,282,0
2026-08-09,DC005,SKU011,25,0,0,469,54,0,176,282,0
2026-08-10,DC005,SKU011,27,0,0,444,25,0,176,282,0
2026-08-11,DC005,SKU011,41,0,0,417,60,0,176,282,0
2026-08-12,DC005,SKU011,26,0,0,376,4,0,176,282,0
2026-08-13,DC005,SKU011,33,0,0,350,32,0,176,282,0
2026-04-16,DC005,SKU012,56,0,0,1170,37,0,320,512,0
2026-04-17,DC005,SKU012,37,0,1,1114,86,0,320,512,0
2026-04-18,DC005,SKU012,77,0,0,1077,23,0,320,512,0
2026-04-19,DC005,SKU012,79,0,1,1000,11,0,320,512,0
2026-04-20,DC005,SKU012,77,0,0,921,68,0,320,512,0
2026-04-21,DC005,SKU012,97,0,0,844,39,0,320,512,0
2026-04-22,DC005,SKU012,42,0,0,747,86,0,320,512,0
2026-04-23,DC005,SKU012,72,0,0,705,28,0,320,512,0
2026-04-24,DC005,SKU012,60,0,0,633,60,0,320,512,0
2026-04-25,DC005,SKU012,37,0,0,573,80,0,320,512,0
2026-04-26,DC005,SKU012,83,0,0,536,30,0,320,512,0
2026-04-27,DC005,SKU012,55,0,0,453,6,0,320,512,0
2026-04-28,DC005,SKU012,65,0,0,398,45,972,320,512,0
2026-04-29,DC005,SKU012,69,0,0,1305,153,0,320,512,0
2026-04-30,DC005,SKU012,31,0,0,1236,19,0,320,512,0
2026-05-01,DC005,SKU012,31,0,0,1205,145,0,320,512,0
2026-05-02,DC005,SKU012,75,0,0,1174,5,0,320,512,0
2026-05-03,DC005,SKU012,63,0,0,1099,122,0,320,512,0
2026-05-04,DC005,SKU012,84,0,0,1036,9,0,320,512,0
2026-05-05,DC005,SKU012,83,0,0,952,111,0,320,512,0
2026-05-06,DC005,SKU012,51,0,0,869,122,0,320,512,0
2026-05-07,DC005,SKU012,96,0,0,818,118,0,320,512,0
2026-05-08,DC005,SKU012,96,0,0,722,72,0,320,512,0
2026-05-09,DC005,SKU012,62,0,0,626,73,0,320,512,0
2026-05-10,DC005,SKU012,49,0,0,564,69,0,320,512,0
2026-05-11,DC005,SKU012,47,0,0,515,44,0,320,512,0
2026-05-12,DC005,SKU012,64,0,0,468,64,0,320,512,0
2026-05-13,DC005,SKU012,52,0,0,404,3,0,320,512,0
2026-05-14,DC005,SKU012,48,0,0,352,6,0,320,512,0
2026-05-15,DC005,SKU012,100,0,0,304,10,0,320,512,1
2026-05-16,DC005,SKU012,87,0,0,204,9,774,320,512,0
2026-05-17,DC005,SKU012,94,0,0,891,20,0,320,512,0
2026-05-18,DC005,SKU012,66,0,0,797,61,0,320,512,0
2026-05-19,DC005,SKU012,38,0,0,731,35,0,320,512,0
2026-05-20,DC005,SKU012,100,0,0,693,66,0,320,512,0
2026-05-21,DC005,SKU012,55,0,0,593,55,0,320,512,0
2026-05-22,DC005,SKU012,96,0,0,538,17,0,320,512,0
2026-05-23,DC005,SKU012,88,0,0,442,28,698,320,512,0
2026-05-24,DC005,SKU012,27,0,0,1052,46,0,320,512,0
2026-05-25,DC005,SKU012,91,0,0,1025,31,0,320,512,0
2026-05-26,DC005,SKU012,77,0,0,934,17,0,320,512,0
2026-05-27,DC005,SKU012,46,0,0,857,11,0,320,512,0
2026-05-28,DC005,SKU012,74,0,0,811,110,0,320,512,0
2026-05-29,DC005,SKU012,83,0,0,737,19,0,320,512,0
2026-05-30,DC005,SKU012,49,0,0,654,56,0,320,512,0
2026-05-31,DC005,SKU012,52,0,1,605,34,0,320,512,0
2026-06-01,DC005,SKU012,68,0,0,553,42,0,320,512,0
2026-06-02,DC005,SKU012,65,0,0,485,57,1273,320,512,0
2026-06-03,DC005,SKU012,68,0,0,1693,4,0,320,512,0
2026-06-04,DC005,SKU012,75,0,0,1625,81,0,320,512,0
2026-06-05,DC005,SKU012,66,0,0,1550,173,0,320,512,0
2026-06-06,DC005,SKU012,41,0,0,1484,208,0,320,512,0
2026-06-07,DC005,SKU012,68,0,0,1443,183,0,320,512,0
2026-06-08,DC005,SKU012,53,0,0,1375,158,0,320,512,0
2026-06-09,DC005,SKU012,69,0,0,1322,110,0,320,512,0
2026-06-10,DC005,SKU012,41,0,0,1253,184,0,320,512,0
2026-06-11,DC005,SKU012,49,0,1,1212,95,0,320,512,0
2026-06-12,DC005,SKU012,75,0,0,1163,43,0,320,512,0
2026-06-13,DC005,SKU012,36,0,0,1088,69,0,320,512,0
2026-06-14,DC005,SKU012,72,0,0,1052,129,0,320,512,0
2026-06-15,DC005,SKU012,70,1,0,980,3,0,320,512,0
2026-06-16,DC005,SKU012,96,1,0,910,30,0,320,512,0
2026-06-17,DC005,SKU012,101,1,1,814,97,0,320,512,0
2026-06-18,DC005,SKU012,136,1,0,713,78,0,320,512,0
2026-06-19,DC005,SKU012,106,1,0,577,17,0,320,512,0
2026-06-20,DC005,SKU012,48,1,0,471,36,1056,320,512,0
2026-06-21,DC005,SKU012,86,1,0,1479,103,0,320,512,0
2026-06-22,DC005,SKU012,80,1,0,1393,106,0,320,512,0
2026-06-23,DC005,SKU012,66,1,0,1313,188,0,320,512,0
2026-06-24,DC005,SKU012,100,1,1,1247,145,0,320,512,0
2026-06-25,DC005,SKU012,59,1,1,1147,38,0,320,512,0
2026-06-26,DC005,SKU012,73,1,0,1088,27,0,320,512,0
2026-06-27,DC005,SKU012,50,1,0,1015,70,0,320,512,0
2026-06-28,DC005,SKU012,60,1,0,965,20,0,320,512,0
2026-06-29,DC005,SKU012,79,1,0,905,24,0,320,512,0
2026-06-30,DC005,SKU012,105,1,0,826,22,0,320,512,0
2026-07-01,DC005,SKU012,60,1,1,721,18,0,320,512,0
2026-07-02,DC005,SKU012,105,1,0,661,28,0,320,512,0
2026-07-03,DC005,SKU012,100,1,0,556,41,0,320,512,0
2026-07-04,DC005,SKU012,88,1,1,456,50,0,320,512,0
2026-07-05,DC005,SKU012,77,1,0,368,41,0,320,512,0
2026-07-06,DC005,SKU012,154,1,1,291,7,0,320,512,1
2026-07-07,DC005,SKU012,120,1,0,137,0,0,320,512,1
2026-07-08,DC005,SKU012,49,1,0,17,1,0,320,512,1
2026-07-09,DC005,SKU012,101,1,0,0,0,0,320,512,1
2026-07-10,DC005,SKU012,68,1,0,0,0,789,320,512,0
2026-07-11,DC005,SKU012,103,1,0,721,53,0,320,512,0
2026-07-12,DC005,SKU012,60,1,0,618,27,0,320,512,0
2026-07-13,DC005,SKU012,165,1,0,558,79,0,320,512,0
2026-07-14,DC005,SKU012,99,1,0,393,6,0,320,512,0
2026-07-15,DC005,SKU012,98,1,0,294,11,0,320,512,1
2026-07-16,DC005,SKU012,97,1,0,196,2,0,320,512,1
2026-07-17,DC005,SKU012,82,1,0,99,8,825,320,512,0
2026-07-18,DC005,SKU012,100,1,0,842,61,0,320,512,0
2026-07-19,DC005,SKU012,96,1,1,742,58,0,320,512,0
2026-07-20,DC005,SKU012,130,1,0,646,58,0,320,512,0
2026-07-21,DC005,SKU012,75,1,0,516,5,658,320,512,0
2026-07-22,DC005,SKU012,72,1,0,1099,112,0,320,512,0
2026-07-23,DC005,SKU012,65,1,0,1027,88,0,320,512,0
2026-07-24,DC005,SKU012,79,1,0,962,97,0,320,512,0
2026-07-25,DC005,SKU012,46,1,0,883,67,0,320,512,0
2026-07-26,DC005,SKU012,76,0,0,837,113,0,320,512,0
2026-07-27,DC005,SKU012,75,0,0,761,62,0,320,512,0
2026-07-28,DC005,SKU012,64,0,0,686,9,0,320,512,0
2026-07-29,DC005,SKU012,34,0,0,622,60,0,320,512,0
2026-07-30,DC005,SKU012,95,0,0,588,36,0,320,512,0
2026-07-31,DC005,SKU012,79,0,0,493,58,730,320,512,0
2026-08-01,DC005,SKU012,72,0,0,1144,143,0,320,512,0
2026-08-02,DC005,SKU012,81,0,0,1072,146,0,320,512,0
2026-08-03,DC005,SKU012,68,0,0,991,31,0,320,512,0
2026-08-04,DC005,SKU012,73,0,0,923,84,0,320,512,0
2026-08-05,DC005,SKU012,47,0,0,850,70,0,320,512,0
2026-08-06,DC005,SKU012,58,0,1,803,38,0,320,512,0
2026-08-07,DC005,SKU012,94,0,0,745,65,0,320,512,0
2026-08-08,DC005,SKU012,95,0,0,651,73,0,320,512,0
2026-08-09,DC005,SKU012,67,0,0,556,83,0,320,512,0
2026-08-10,DC005,SKU012,55,0,0,489,33,0,320,512,0
2026-08-11,DC005,SKU012,106,0,1,434,21,0,320,512,0
2026-08-12,DC005,SKU012,71,0,1,328,12,0,320,512,1
2026-08-13,DC005,SKU012,75,0,0,257,25,0,320,512,1
2026-04-16,DC005,SKU013,58,0,0,1080,12,0,320,512,0
2026-04-17,DC005,SKU013,60,0,0,1022,5,0,320,512,0
2026-04-18,DC005,SKU013,77,0,0,962,43,0,320,512,0
2026-04-19,DC005,SKU013,27,0,0,885,44,0,320,512,0
2026-04-20,DC005,SKU013,80,0,0,858,106,0,320,512,0
2026-04-21,DC005,SKU013,77,0,0,778,82,0,320,512,0
2026-04-22,DC005,SKU013,51,0,0,701,37,0,320,512,0
2026-04-23,DC005,SKU013,70,0,0,650,19,0,320,512,0
2026-04-24,DC005,SKU013,54,0,0,580,13,0,320,512,0
2026-04-25,DC005,SKU013,34,0,0,526,57,0,320,512,0
2026-04-26,DC005,SKU013,72,0,0,492,53,0,320,512,0
2026-04-27,DC005,SKU013,43,0,0,420,5,0,320,512,0
2026-04-28,DC005,SKU013,52,0,0,377,23,0,320,512,0
2026-04-29,DC005,SKU013,44,0,0,325,47,0,320,512,1
2026-04-30,DC005,SKU013,60,0,0,281,33,0,320,512,1
2026-05-01,DC005,SKU013,61,0,0,221,30,0,320,512,1
2026-05-02,DC005,SKU013,79,0,1,160,19,972,320,512,0
2026-05-03,DC005,SKU013,83,0,0,1053,142,0,320,512,0
2026-05-04,DC005,SKU013,77,0,0,970,19,0,320,512,0
2026-05-05,DC005,SKU013,36,0,0,893,27,0,320,512,0
2026-05-06,DC005,SKU013,57,0,0,857,81,0,320,512,0
2026-05-07,DC005,SKU013,53,0,0,800,104,0,320,512,0
2026-05-08,DC005,SKU013,63,0,0,747,34,0,320,512,0
2026-05-09,DC005,SKU013,62,0,0,684,41,0,320,512,0
2026-05-10,DC005,SKU013,33,0,0,622,51,0,320,512,0
2026-05-11,DC005,SKU013,31,0,0,589,70,0,320,512,0
2026-05-12,DC005,SKU013,43,0,0,558,81,0,320,512,0
2026-05-13,DC005,SKU013,71,0,0,515,57,638,320,512,0
2026-05-14,DC005,SKU013,39,0,0,1082,56,0,320,512,0
2026-05-15,DC005,SKU013,63,0,0,1043,44,0,320,512,0
2026-05-16,DC005,SKU013,42,0,0,980,80,0,320,512,0
2026-05-17,DC005,SKU013,71,0,0,938,135,0,320,512,0
2026-05-18,DC005,SKU013,69,0,0,867,128,0,320,512,0
2026-05-19,DC005,SKU013,61,0,0,798,99,0,320,512,0
2026-05-20,DC005,SKU013,33,0,0,737,44,0,320,512,0
2026-05-21,DC005,SKU013,80,0,0,704,60,0,320,512,0
2026-05-22,DC005,SKU013,62,0,0,624,91,0,320,512,0
2026-05-23,DC005,SKU013,38,0,0,562,40,0,320,512,0
2026-05-24,DC005,SKU013,43,0,0,524,43,1060,320,512,0
2026-05-25,DC005,SKU013,63,0,0,1541,83,0,320,512,0
2026-05-26,DC005,SKU013,34,0,0,1478,176,0,320,512,0
2026-05-27,DC005,SKU013,50,0,0,1444,13,0,320,512,0
2026-05-28,DC005,SKU013,82,0,0,1394,16,0,320,512,0
2026-05-29,DC005,SKU013,36,0,0,1312,157,0,320,512,0
2026-05-30,DC005,SKU013,62,0,0,1276,177,0,320,512,0
2026-05-31,DC005,SKU013,73,0,0,1214,82,0,320,512,0
2026-06-01,DC005,SKU013,52,0,0,1141,147,0,320,512,0
2026-06-02,DC005,SKU013,68,0,0,1089,118,0,320,512,0
2026-06-03,DC005,SKU013,57,0,1,1021,123,0,320,512,0
2026-06-04,DC005,SKU013,76,0,0,964,39,0,320,512,0
2026-06-05,DC005,SKU013,82,0,0,888,81,0,320,512,0
2026-06-06,DC005,SKU013,40,0,0,806,4,0,320,512,0
2026-06-07,DC005,SKU013,57,0,0,766,110,0,320,512,0
2026-06-08,DC005,SKU013,73,0,0,709,106,0,320,512,0
2026-06-09,DC005,SKU013,52,0,0,636,86,0,320,512,0
2026-06-10,DC005,SKU013,81,0,0,584,59,0,320,512,0
2026-06-11,DC005,SKU013,73,0,0,503,13,0,320,512,0
2026-06-12,DC005,SKU013,77,0,1,430,59,0,320,512,0
2026-06-13,DC005,SKU013,64,0,0,353,1,0,320,512,0
2026-06-14,DC005,SKU013,48,0,0,289,20,630,320,512,0
2026-06-15,DC005,SKU013,91,1,1,871,30,0,320,512,0
2026-06-16,DC005,SKU013,92,1,0,780,103,0,320,512,0
2026-06-17,DC005,SKU013,67,1,0,688,3,0,320,512,0
2026-06-18,DC005,SKU013,75,1,0,621,47,0,320,512,0
2026-06-19,DC005,SKU013,44,1,0,546,7,0,320,512,0
2026-06-20,DC005,SKU013,83,1,0,502,36,0,320,512,0
2026-06-21,DC005,SKU013,46,1,0,419,37,839,320,512,0
2026-06-22,DC005,SKU013,70,1,0,1212,72,0,320,512,0
2026-06-23,DC005,SKU013,61,1,0,1142,24,0,320,512,0
2026-06-24,DC005,SKU013,64,1,0,1081,1,0,320,512,0
2026-06-25,DC005,SKU013,67,1,0,1017,119,0,320,512,0
2026-06-26,DC005,SKU013,77,1,0,950,121,0,320,512,0
2026-06-27,DC005,SKU013,65,1,0,873,37,0,320,512,0
2026-06-28,DC005,SKU013,73,1,0,808,115,0,320,512,0
2026-06-29,DC005,SKU013,52,1,0,735,45,0,320,512,0
2026-06-30,DC005,SKU013,70,1,0,683,53,0,320,512,0
2026-07-01,DC005,SKU013,70,1,0,613,10,0,320,512,0
2026-07-02,DC005,SKU013,51,1,1,543,31,0,320,512,0
2026-07-03,DC005,SKU013,42,1,0,492,25,842,320,512,0
2026-07-04,DC005,SKU013,46,1,0,1292,43,0,320,512,0
2026-07-05,DC005,SKU013,54,1,0,1246,60,0,320,512,0
2026-07-06,DC005,SKU013,45,1,0,1192,76,0,320,512,0
2026-07-07,DC005,SKU013,43,1,0,1147,161,0,320,512,0
2026-07-08,DC005,SKU013,64,1,0,1104,7,0,320,512,0
2026-07-09,DC005,SKU013,49,1,0,1040,96,0,320,512,0
2026-07-10,DC005,SKU013,55,1,0,991,93,0,320,512,0
2026-07-11,DC005,SKU013,95,1,1,936,24,0,320,512,0
2026-07-12,DC005,SKU013,74,1,0,841,19,0,320,512,0
2026-07-13,DC005,SKU013,67,1,0,767,48,0,320,512,0
2026-07-14,DC005,SKU013,45,1,0,700,4,0,320,512,0
2026-07-15,DC005,SKU013,52,1,0,655,7,0,320,512,0
2026-07-16,DC005,SKU013,43,1,0,603,60,0,320,512,0
2026-07-17,DC005,SKU013,68,1,0,560,80,0,320,512,0
2026-07-18,DC005,SKU013,89,1,0,492,18,928,320,512,0
2026-07-19,DC005,SKU013,37,1,0,1331,167,0,320,512,0
2026-07-20,DC005,SKU013,61,1,0,1294,62,0,320,512,0
2026-07-21,DC005,SKU013,78,1,0,1233,42,0,320,512,0
2026-07-22,DC005,SKU013,48,1,0,1155,122,0,320,512,0
2026-07-23,DC005,SKU013,67,1,0,1107,69,0,320,512,0
2026-07-24,DC005,SKU013,53,1,0,1040,84,0,320,512,0
2026-07-25,DC005,SKU013,35,1,0,987,16,0,320,512,0
2026-07-26,DC005,SKU013,42,0,0,952,87,0,320,512,0
2026-07-27,DC005,SKU013,40,0,0,910,43,0,320,512,0
2026-07-28,DC005,SKU013,32,0,0,870,79,0,320,512,0
2026-07-29,DC005,SKU013,35,0,0,838,118,0,320,512,0
2026-07-30,DC005,SKU013,57,0,0,803,77,0,320,512,0
2026-07-31,DC005,SKU013,57,0,0,746,47,0,320,512,0
2026-08-01,DC005,SKU013,57,0,0,689,88,0,320,512,0
2026-08-02,DC005,SKU013,50,0,0,632,56,0,320,512,0
2026-08-03,DC005,SKU013,57,0,0,582,64,0,320,512,0
2026-08-04,DC005,SKU013,41,0,0,525,61,0,320,512,0
2026-08-05,DC005,SKU013,62,0,0,484,34,0,320,512,0
2026-08-06,DC005,SKU013,63,0,0,422,12,0,320,512,0
2026-08-07,DC005,SKU013,52,0,0,359,17,0,320,512,0
2026-08-08,DC005,SKU013,61,0,0,307,33,0,320,512,1
2026-08-09,DC005,SKU013,60,0,0,246,32,0,320,512,1
2026-08-10,DC005,SKU013,46,0,0,186,25,0,320,512,1
2026-08-11,DC005,SKU013,71,0,0,140,16,0,320,512,1
2026-08-12,DC005,SKU013,54,0,0,69,5,0,320,512,1
2026-08-13,DC005,SKU013,51,0,0,15,0,904,320,512,0
2026-04-16,DC005,SKU014,16,0,0,252,30,0,80,128,0
2026-04-17,DC005,SKU014,15,0,0,236,4,0,80,128,0
2026-04-18,DC005,SKU014,18,0,0,221,31,0,80,128,0
2026-04-19,DC005,SKU014,16,0,0,203,4,0,80,128,0
2026-04-20,DC005,SKU014,13,0,0,187,2,0,80,128,0
2026-04-21,DC005,SKU014,17,0,0,174,25,0,80,128,0
2026-04-22,DC005,SKU014,17,0,0,157,12,0,80,128,0
2026-04-23,DC005,SKU014,13,0,0,140,12,0,80,128,0
2026-04-24,DC005,SKU014,12,0,0,127,7,0,80,128,0
2026-04-25,DC005,SKU014,10,0,0,115,7,0,80,128,0
2026-04-26,DC005,SKU014,17,0,1,105,13,0,80,128,0
2026-04-27,DC005,SKU014,19,0,0,88,10,0,80,128,1
2026-04-28,DC005,SKU014,12,0,0,69,5,145,80,128,0
2026-04-29,DC005,SKU014,12,0,0,202,6,0,80,128,0
2026-04-30,DC005,SKU014,16,0,1,190,11,0,80,128,0
2026-05-01,DC005,SKU014,8,0,0,174,15,0,80,128,0
2026-05-02,DC005,SKU014,11,0,0,166,3,0,80,128,0
2026-05-03,DC005,SKU014,18,0,0,155,20,0,80,128,0
2026-05-04,DC005,SKU014,10,0,0,137,18,214,80,128,0
2026-05-05,DC005,SKU014,11,0,0,341,20,0,80,128,0
2026-05-06,DC005,SKU014,17,0,1,330,25,0,80,128,0
2026-05-07,DC005,SKU014,13,0,0,313,26,0,80,128,0
2026-05-08,DC005,SKU014,13,0,0,300,14,0,80,128,0
2026-05-09,DC005,SKU014,16,0,0,287,29,0,80,128,0
2026-05-10,DC005,SKU014,12,0,0,271,13,0,80,128,0
2026-05-11,DC005,SKU014,15,0,0,259,9,0,80,128,0
2026-05-12,DC005,SKU014,14,0,0,244,34,0,80,128,0
2026-05-13,DC005,SKU014,15,0,0,230,25,0,80,128,0
2026-05-14,DC005,SKU014,14,0,0,215,8,0,80,128,0
2026-05-15,DC005,SKU014,10,0,0,201,8,0,80,128,0
2026-05-16,DC005,SKU014,14,0,0,191,0,0,80,128,0
2026-05-17,DC005,SKU014,20,0,0,177,21,0,80,128,0
2026-05-18,DC005,SKU014,13,0,0,157,5,0,80,128,0
2026-05-19,DC005,SKU014,10,0,0,144,20,0,80,128,0
2026-05-20,DC005,SKU014,14,0,1,134,17,0,80,128,0
2026-05-21,DC005,SKU014,9,0,0,120,9,0,80,128,0
2026-05-22,DC005,SKU014,12,0,0,111,13,204,80,128,0
2026-05-23,DC005,SKU014,13,0,0,303,32,0,80,128,0
2026-05-24,DC005,SKU014,12,0,0,290,28,0,80,128,0
2026-05-25,DC005,SKU014,15,0,0,278,37,0,80,128,0
2026-05-26,DC005,SKU014,11,0,0,263,13,0,80,128,0
2026-05-27,DC005,SKU014,12,0,0,252,7,0,80,128,0
2026-05-28,DC005,SKU014,17,0,0,240,8,0,80,128,0
2026-05-29,DC005,SKU014,14,0,0,223,13,0,80,128,0
2026-05-30,DC005,SKU014,16,0,0,209,10,0,80,128,0
2026-05-31,DC005,SKU014,8,0,0,193,25,0,80,128,0
2026-06-01,DC005,SKU014,14,0,0,185,10,0,80,128,0
2026-06-02,DC005,SKU014,12,0,0,171,16,0,80,128,0
2026-06-03,DC005,SKU014,15,0,1,159,6,0,80,128,0
2026-06-04,DC005,SKU014,10,0,1,144,1,0,80,128,0
2026-06-05,DC005,SKU014,16,0,0,134,19,0,80,128,0
2026-06-06,DC005,SKU014,10,0,0,118,8,0,80,128,0
2026-06-07,DC005,SKU014,13,0,0,108,15,0,80,128,0
2026-06-08,DC005,SKU014,15,0,0,95,11,0,80,128,0
2026-06-09,DC005,SKU014,17,0,0,80,11,222,80,128,0
2026-06-10,DC005,SKU014,12,0,0,285,27,0,80,128,0
2026-06-11,DC005,SKU014,14,0,0,273,29,0,80,128,0
2026-06-12,DC005,SKU014,15,0,0,259,33,0,80,128,0
2026-06-13,DC005,SKU014,13,0,0,244,20,0,80,128,0
2026-06-14,DC005,SKU014,13,0,0,231,10,0,80,128,0
2026-06-15,DC005,SKU014,16,1,0,218,28,0,80,128,0
2026-06-16,DC005,SKU014,11,1,0,202,11,0,80,128,0
2026-06-17,DC005,SKU014,9,1,0,191,19,0,80,128,0
2026-06-18,DC005,SKU014,10,1,0,182,0,0,80,128,0
2026-06-19,DC005,SKU014,9,1,0,172,11,0,80,128,0
2026-06-20,DC005,SKU014,13,1,0,163,14,0,80,128,0
2026-06-21,DC005,SKU014,19,1,0,150,20,0,80,128,0
2026-06-22,DC005,SKU014,15,1,0,131,3,0,80,128,0
2026-06-23,DC005,SKU014,18,1,0,116,0,0,80,128,0
2026-06-24,DC005,SKU014,12,1,1,98,13,0,80,128,0
2026-06-25,DC005,SKU014,13,1,0,86,9,265,80,128,0
2026-06-26,DC005,SKU014,14,1,0,338,16,0,80,128,0
2026-06-27,DC005,SKU014,18,1,0,324,31,0,80,128,0
2026-06-28,DC005,SKU014,12,1,0,306,40,0,80,128,0
2026-06-29,DC005,SKU014,18,1,0,294,28,0,80,128,0
2026-06-30,DC005,SKU014,14,1,0,276,0,0,80,128,0
2026-07-01,DC005,SKU014,15,1,1,262,4,0,80,128,0
2026-07-02,DC005,SKU014,11,1,0,247,6,0,80,128,0
2026-07-03,DC005,SKU014,13,1,0,236,18,0,80,128,0
2026-07-04,DC005,SKU014,16,1,0,223,17,0,80,128,0
2026-07-05,DC005,SKU014,12,1,0,207,30,0,80,128,0
2026-07-06,DC005,SKU014,13,1,0,195,11,0,80,128,0
2026-07-07,DC005,SKU014,15,1,0,182,5,0,80,128,0
2026-07-08,DC005,SKU014,11,1,0,167,19,0,80,128,0
2026-07-09,DC005,SKU014,16,1,0,156,4,0,80,128,0
2026-07-10,DC005,SKU014,10,1,0,140,5,0,80,128,0
2026-07-11,DC005,SKU014,16,1,0,130,1,0,80,128,0
2026-07-12,DC005,SKU014,10,1,0,114,5,0,80,128,0
2026-07-13,DC005,SKU014,15,1,1,104,1,154,80,128,0
2026-07-14,DC005,SKU014,15,1,0,243,36,0,80,128,0
2026-07-15,DC005,SKU014,9,1,1,228,11,0,80,128,0
2026-07-16,DC005,SKU014,11,1,0,219,29,0,80,128,0
2026-07-17,DC005,SKU014,14,1,1,208,11,0,80,128,0
2026-07-18,DC005,SKU014,16,1,0,194,8,0,80,128,0
2026-07-19,DC005,SKU014,13,1,0,178,21,0,80,128,0
2026-07-20,DC005,SKU014,12,1,0,165,18,0,80,128,0
2026-07-21,DC005,SKU014,13,1,0,153,3,0,80,128,0
2026-07-22,DC005,SKU014,16,1,0,140,3,0,80,128,0
2026-07-23,DC005,SKU014,8,1,0,124,17,0,80,128,0
2026-07-24,DC005,SKU014,16,1,0,116,16,0,80,128,0
2026-07-25,DC005,SKU014,12,1,0,100,2,0,80,128,0
2026-07-26,DC005,SKU014,17,0,0,88,2,0,80,128,0
2026-07-27,DC005,SKU014,11,0,0,71,8,171,80,128,0
2026-07-28,DC005,SKU014,9,0,0,231,14,0,80,128,0
2026-07-29,DC005,SKU014,14,0,0,222,5,0,80,128,0
2026-07-30,DC005,SKU014,15,0,0,208,0,0,80,128,0
2026-07-31,DC005,SKU014,16,0,0,193,4,0,80,128,0
2026-08-01,DC005,SKU014,15,0,0,177,4,0,80,128,0
2026-08-02,DC005,SKU014,12,0,0,162,4,0,80,128,0
2026-08-03,DC005,SKU014,14,0,0,150,10,0,80,128,0
2026-08-04,DC005,SKU014,16,0,0,136,3,0,80,128,0
2026-08-05,DC005,SKU014,10,0,0,120,17,0,80,128,0
2026-08-06,DC005,SKU014,17,0,1,110,4,164,80,128,0
2026-08-07,DC005,SKU014,19,0,0,257,33,0,80,128,0
2026-08-08,DC005,SKU014,6,0,0,238,14,0,80,128,0
2026-08-09,DC005,SKU014,12,0,0,232,18,0,80,128,0
2026-08-10,DC005,SKU014,16,0,0,220,10,0,80,128,0
2026-08-11,DC005,SKU014,13,0,0,204,9,0,80,128,0
2026-08-12,DC005,SKU014,12,0,0,191,17,0,80,128,0
2026-08-13,DC005,SKU014,15,0,0,179,14,0,80,128,0
2026-04-16,DC005,SKU015,39,0,0,576,30,0,176,282,0
2026-04-17,DC005,SKU015,27,0,0,537,62,0,176,282,0
2026-04-18,DC005,SKU015,26,0,0,510,39,0,176,282,0
2026-04-19,DC005,SKU015,40,0,0,484,12,0,176,282,0
2026-04-20,DC005,SKU015,42,0,0,444,32,0,176,282,0
2026-04-21,DC005,SKU015,41,0,0,402,29,0,176,282,0
2026-04-22,DC005,SKU015,25,0,0,361,21,0,176,282,0
2026-04-23,DC005,SKU015,40,0,0,336,45,0,176,282,0
2026-04-24,DC005,SKU015,24,0,0,296,12,0,176,282,0
2026-04-25,DC005,SKU015,32,0,0,272,3,0,176,282,0
2026-04-26,DC005,SKU015,33,0,0,240,3,0,176,282,0
2026-04-27,DC005,SKU015,32,0,0,207,6,0,176,282,0
2026-04-28,DC005,SKU015,31,0,0,175,8,0,176,282,1
2026-04-29,DC005,SKU015,24,0,0,144,10,0,176,282,1
2026-04-30,DC005,SKU015,31,0,0,120,14,0,176,282,1
2026-05-01,DC005,SKU015,42,0,0,89,0,0,176,282,1
2026-05-02,DC005,SKU015,34,0,0,47,0,488,176,282,0
2026-05-03,DC005,SKU015,27,0,0,501,72,0,176,282,0
2026-05-04,DC005,SKU015,27,0,0,474,23,0,176,282,0
2026-05-05,DC005,SKU015,33,0,0,447,32,0,176,282,0
2026-05-06,DC005,SKU015,19,0,0,414,58,0,176,282,0
2026-05-07,DC005,SKU015,46,0,0,395,33,0,176,282,0
2026-05-08,DC005,SKU015,29,0,0,349,47,0,176,282,0
2026-05-09,DC005,SKU015,28,0,0,320,9,0,176,282,0
2026-05-10,DC005,SKU015,30,0,0,292,8,0,176,282,0
2026-05-11,DC005,SKU015,36,0,0,262,18,0,176,282,0
2026-05-12,DC005,SKU015,28,0,0,226,15,365,176,282,0
2026-05-13,DC005,SKU015,31,0,0,563,8,0,176,282,0
2026-05-14,DC005,SKU015,31,0,0,532,12,0,176,282,0
2026-05-15,DC005,SKU015,27,0,0,501,5,0,176,282,0
2026-05-16,DC005,SKU015,27,0,0,474,6,0,176,282,0
2026-05-17,DC005,SKU015,34,0,0,447,14,0,176,282,0
2026-05-18,DC005,SKU015,42,0,0,413,22,0,176,282,0
2026-05-19,DC005,SKU015,37,0,0,371,15,0,176,282,0
2026-05-20,DC005,SKU015,27,0,0,334,28,0,176,282,0
2026-05-21,DC005,SKU015,29,0,0,307,26,0,176,282,0
2026-05-22,DC005,SKU015,30,0,0,278,33,0,176,282,0
2026-05-23,DC005,SKU015,24,0,0,248,18,0,176,282,0
2026-05-24,DC005,SKU015,35,0,0,224,15,0,176,282,0
2026-05-25,DC005,SKU015,37,0,0,189,20,0,176,282,1
2026-05-26,DC005,SKU015,40,0,0,152,2,495,176,282,0
2026-05-27,DC005,SKU015,30,0,0,607,13,0,176,282,0
2026-05-28,DC005,SKU015,33,0,0,577,74,0,176,282,0
2026-05-29,DC005,SKU015,25,0,0,544,30,0,176,282,0
2026-05-30,DC005,SKU015,39,0,0,519,52,0,176,282,0
2026-05-31,DC005,SKU015,36,0,0,480,59,0,176,282,0
2026-06-01,DC005,SKU015,43,0,0,444,39,0,176,282,0
2026-06-02,DC005,SKU015,23,0,0,401,20,0,176,282,0
2026-06-03,DC005,SKU015,41,0,0,378,43,0,176,282,0
2026-06-04,DC005,SKU015,33,0,0,337,12,0,176,282,0
2026-06-05,DC005,SKU015,49,0,1,304,32,0,176,282,0
2026-06-06,DC005,SKU015,16,0,0,255,2,0,176,282,0
2026-06-07,DC005,SKU015,52,0,1,239,11,0,176,282,0
2026-06-08,DC005,SKU015,38,0,0,187,28,355,176,282,0
2026-06-09,DC005,SKU015,35,0,0,504,47,0,176,282,0
2026-06-10,DC005,SKU015,31,0,0,469,56,0,176,282,0
2026-06-11,DC005,SKU015,38,0,0,438,25,0,176,282,0
2026-06-12,DC005,SKU015,22,0,0,400,4,0,176,282,0
2026-06-13,DC005,SKU015,25,0,0,378,50,0,176,282,0
2026-06-14,DC005,SKU015,45,0,0,353,37,0,176,282,0
2026-06-15,DC005,SKU015,32,1,0,308,31,0,176,282,0
2026-06-16,DC005,SKU015,41,1,0,276,10,0,176,282,0
2026-06-17,DC005,SKU015,32,1,0,235,30,382,176,282,0
2026-06-18,DC005,SKU015,28,1,0,585,58,0,176,282,0
2026-06-19,DC005,SKU015,32,1,0,557,68,0,176,282,0
2026-06-20,DC005,SKU015,32,1,1,525,27,0,176,282,0
2026-06-21,DC005,SKU015,29,1,0,493,39,0,176,282,0
2026-06-22,DC005,SKU015,28,1,0,464,19,0,176,282,0
2026-06-23,DC005,SKU015,38,1,0,436,4,0,176,282,0
2026-06-24,DC005,SKU015,30,1,0,398,50,0,176,282,0
2026-06-25,DC005,SKU015,25,1,0,368,22,0,176,282,0
2026-06-26,DC005,SKU015,43,1,0,343,31,0,176,282,0
2026-06-27,DC005,SKU015,29,1,0,300,32,0,176,282,0
2026-06-28,DC005,SKU015,41,1,0,271,28,0,176,282,0
2026-06-29,DC005,SKU015,30,1,0,230,16,504,176,282,0
2026-06-30,DC005,SKU015,30,1,0,704,55,0,176,282,0
2026-07-01,DC005,SKU015,26,1,1,674,5,0,176,282,0
2026-07-02,DC005,SKU015,24,1,0,648,63,0,176,282,0
2026-07-03,DC005,SKU015,31,1,0,624,42,0,176,282,0
2026-07-04,DC005,SKU015,19,1,0,593,72,0,176,282,0
2026-07-05,DC005,SKU015,19,1,0,574,40,0,176,282,0
2026-07-06,DC005,SKU015,17,1,0,555,18,0,176,282,0
2026-07-07,DC005,SKU015,23,1,0,538,6,0,176,282,0
2026-07-08,DC005,SKU015,35,1,0,515,16,0,176,282,0
2026-07-09,DC005,SKU015,28,1,0,480,40,0,176,282,0
2026-07-10,DC005,SKU015,36,1,1,452,65,0,176,282,0
2026-07-11,DC005,SKU015,39,1,0,416,17,0,176,282,0
2026-07-12,DC005,SKU015,36,1,0,377,47,0,176,282,0
2026-07-13,DC005,SKU015,37,1,0,341,9,0,176,282,0
2026-07-14,DC005,SKU015,26,1,0,304,39,0,176,282,0
2026-07-15,DC005,SKU015,31,1,0,278,9,0,176,282,0
2026-07-16,DC005,SKU015,35,1,0,247,16,0,176,282,0
2026-07-17,DC005,SKU015,36,1,0,212,15,0,176,282,0
2026-07-18,DC005,SKU015,32,1,0,176,8,0,176,282,1
2026-07-19,DC005,SKU015,32,1,1,144,1,0,176,282,1
2026-07-20,DC005,SKU015,29,1,0,112,14,0,176,282,1
2026-07-21,DC005,SKU015,38,1,0,83,9,0,176,282,1
2026-07-22,DC005,SKU015,43,1,0,45,4,0,176,282,1
2026-07-23,DC005,SKU015,30,1,0,2,0,0,176,282,1
2026-07-24,DC005,SKU015,37,1,0,0,0,0,176,282,1
2026-07-25,DC005,SKU015,18,1,0,0,0,0,176,282,1
2026-07-26,DC005,SKU015,25,0,1,0,0,0,176,282,1
2026-07-27,DC005,SKU015,30,0,0,0,0,0,176,282,1
2026-07-28,DC005,SKU015,37,0,0,0,0,590,176,282,0
2026-07-29,DC005,SKU015,30,0,0,553,63,0,176,282,0
2026-07-30,DC005,SKU015,28,0,0,523,35,0,176,282,0
2026-07-31,DC005,SKU015,35,0,0,495,15,0,176,282,0
2026-08-01,DC005,SKU015,33,0,0,460,48,0,176,282,0
2026-08-02,DC005,SKU015,43,0,1,427,32,0,176,282,0
2026-08-03,DC005,SKU015,21,0,0,384,13,0,176,282,0
2026-08-04,DC005,SKU015,26,0,0,363,20,0,176,282,0
2026-08-05,DC005,SKU015,20,0,0,337,4,0,176,282,0
2026-08-06,DC005,SKU015,30,0,0,317,9,0,176,282,0
2026-08-07,DC005,SKU015,30,0,0,287,31,0,176,282,0
2026-08-08,DC005,SKU015,35,0,0,257,35,0,176,282,0
2026-08-09,DC005,SKU015,24,0,0,222,10,516,176,282,0
2026-08-10,DC005,SKU015,36,0,0,714,15,0,176,282,0
2026-08-11,DC005,SKU015,37,0,0,678,64,0,176,282,0
2026-08-12,DC005,SKU015,27,0,0,641,16,0,176,282,0
2026-08-13,DC005,SKU015,35,0,0,614,56,0,176,282,0
